ref;ean;designation;lot;po;ean_spcb;ean_pcb;ho;fournisseur
Comp0165;3118220016200;AFFICHE CENTRALE FOREX 600*280MM 1/4DISPLAY CERAMIQUE 50%M6;;00085402;13118220016207;23118220016204;;IMPRIMERIE GUIGON
10270005;3118220016231;COUTEAU T BONE BEEF 14 CM BACKELISE FX COUTEAU DU CHEF;;00159363;13118220016238;23118220016235;;GENERALE DE DECOUPAGE
10010174;3118220016248;COFFRET OFFICE CERAMIQUE DENTE LAME BLANCHE;;00100484;13118220016245;23118220016242;;DONGGUAN SURPASS STRUCTURE CERAMIC (EX SHENZHEN)
31090001;3118220016514;COUTEAU INEDIT SCANDINAVE BLEU 5405C VRAC GENCOD;;00118080;13118220016511;23118220016518;;JIEYANG HONGXING STAINLESS STEEL PRODUCTS MANUFACTORY (HX)
31090002;3118220016521;FOURCHETTE INEDIT SCANDINAVE BLEU 5405C  VRAC GENCOD;;00118080;13118220016528;23118220016525;;JIEYANG HONGXING STAINLESS STEEL PRODUCTS MANUFACTORY (HX)
31090003;3118220016538;CUILLERE INEDIT SCANDINAVE BLEU 5405C  VRAC GENCOD;;00118080;13118220016535;23118220016532;;JIEYANG HONGXING STAINLESS STEEL PRODUCTS MANUFACTORY (HX)
31090004;3118220016545;CAFE INEDIT SCANDINAVE BLEU 5405C VRAC GENCOD;;00118080;13118220016542;23118220016549;;JIEYANG HONGXING STAINLESS STEEL PRODUCTS MANUFACTORY (HX)
31090005;3118220016552;COUTEAU INEDIT SCANDINAVE ROUGE 483C VRAC GENCOD;;00118080;13118220016559;23118220016556;;JIEYANG HONGXING STAINLESS STEEL PRODUCTS MANUFACTORY (HX)
31090006;3118220016569;FOURCHETTE INEDIT SCANDINAVE ROUGE 483C  VRAC GENCOD;;00118080;13118220016566;23118220016563;;JIEYANG HONGXING STAINLESS STEEL PRODUCTS MANUFACTORY (HX)
31090007;3118220016576;CUILLERE INEDIT SCANDINAVE ROUGE 483C  VRAC GENCOD;;00118080;13118220016573;23118220016570;;JIEYANG HONGXING STAINLESS STEEL PRODUCTS MANUFACTORY (HX)
31090008;3118220016583;CAFE INEDIT SCANDINAVE ROUGE 483C VRAC GENCOD;;00118080;13118220016580;23118220016587;;JIEYANG HONGXING STAINLESS STEEL PRODUCTS MANUFACTORY (HX)
31090009;3118220016590;COUTEAU INEDIT SCANDINAVE NOIR VRAC GENCOD;;00179321;13118220016597;23118220016594;;JIEYANG HONGXING STAINLESS STEEL PRODUCTS MANUFACTORY (HX)
31090010;3118220016606;FOURCHETTE INEDIT SCANDINAVE NOIR VRAC GENCOD;;00169477;13118220016603;23118220016600;;JIEYANG HONGXING STAINLESS STEEL PRODUCTS MANUFACTORY (HX)
31090011;3118220016613;CUILLERE INEDIT SCANDINAVE NOIR VRAC GENCOD;;00147928;13118220016610;23118220016617;;JIEYANG HONGXING STAINLESS STEEL PRODUCTS MANUFACTORY (HX)
31090012;3118220016620;CAFE INEDIT SCANDINAVE NOIR VRAC GENCOD;;00169477;13118220016627;23118220016624;;JIEYANG HONGXING STAINLESS STEEL PRODUCTS MANUFACTORY (HX)
31010009;3118220016682;FOURCHETTE REFLET METALLISE CUIVRE VRAC GENCOD;;00088703;13118220016689;23118220016686;;SCHNEIDER CONSUMER ASIA (ex ADMEA HOME TECH)
31010011;3118220016705;CAFE REFLET METALLISE CUIVRE VRAC GENCOD;;00088703;13118220016702;23118220016709;;SCHNEIDER CONSUMER ASIA (ex ADMEA HOME TECH)
10290001;3118220016712;COFFRET 2 COUTEAUX SANTUKO LAME INOX MANCHE BOIS BLANC;;00092374;13118220016719;23118220016716;;SCHNEIDER CONSUMER ASIA (ex ADMEA HOME TECH)
11060003;3118220016842;COUTEAU PN HELICO AVEC ETUI MIS SOUS SACHET+GENCOD;;00138353;13118220016849;23118220016846;;GENERALE DE DECOUPAGE
Cons0078;3118220033726;DERMACOOL GEL CARTOUCHE 1L REF DER621;;00035318;13118220033723;23118220033720;;DETERCENTRE CLEOR
Comp0168;3118221208215;ETIQ ADHESIVE COCARDE THIERS FRANCE 2 COUL/DIAM18/ ETIQ FRON;;00080702;;;;GENERALE DE DECOUPAGE
Comp0170;3118220016859;COFFRET BI MAT VIDE CHEF 19 FURTIF EVERCUT+STICKER;;00103843;13118220016856;23118220016853;;GENERALE DE DECOUPAGE
Comp0171;3118220016866;COFFRET BI MAT VIDE CUISINE 21 FURTIF EVERCUT+STICKER;;00116912;;;;GENERALE DE DECOUPAGE
Comp0172;3118220016873;COFFRET BI MAT VIDE SANTUKO FURTIF EVERCUT+STICKER;;00117049;;;;GENERALE DE DECOUPAGE
Comp0173;3118220016880;COFFRET BI MAT VIDE PM FURTIF EVERCUT+STICKER;;00103843;;;;GENERALE DE DECOUPAGE
10960016;3118220016958;COUTEAU AUGUSTE PREMIUM POM BLANC SUCRE REVETU NOIR BERLING;;00100786;13118220016955;23118220016952;;GENERALE DE DECOUPAGE
10960018;3118220016972;AUGUSTE PREMIUM POM NOIR CAVIAR REVETU NOIR BERLING;;00100786;13118220016979;23118220016976;;GENERALE DE DECOUPAGE
10960021;3118220017009;COUTEAU AUGUSTE NATUREL AMARANTE LAME INOX MAT BERLINGOT;;00100786;13118220017006;23118220017003;;GENERALE DE DECOUPAGE
10960024;3118220017030;COUTEAU AUGUSTE NATUREL ERABLE LAME INOX MAT BERLINGOT;;00100786;13118220017037;23118220017034;;GENERALE DE DECOUPAGE
10960025;3118220017047;COUTEAU AUGUSTE NATUREL CORNE NOIRE LAME INOX BRIL BERLINGOT;;00080922;13118220017044;23118220017041;;GENERALE DE DECOUPAGE
Comp0177;3118220017078;POT PRESENTATION 56CL DRLX LINEAIRE H14.8*D9.1CM REF1046AM24;;00178219;13118220017075;23118220017072;;DURALEX SCOP SA
30020294;3118220017108;M16 ACIDULE BEE ROUGE 185C BOITE COULEUR;;00087883;13118220017105;23118220017102;;SCHNEIDER CONSUMER ASIA (ex ADMEA HOME TECH)
30020296;3118220017122;M16 ACIDULE BEE GRIS 430C BOITE LAGUIOLE BLEUE;;00176529;13118220017129;23118220017126;;JIEYANG HONGXING STAINLESS STEEL PRODUCTS MANUFACTORY (HX)
30020297;3118220017139;M16 ACIDULE BEE BLANC GLACIER BOITE LAGUIOLE BLEUE;;00163975;13118220017136;23118220017133;;JIEYANG HONGXING STAINLESS STEEL PRODUCTS MANUFACTORY (HX)
31050010;3118220017443;COUTEAU FURTIF BLANC VRAC GENCOD;;00176529;13118220017440;23118220017447;;JIEYANG HONGXING STAINLESS STEEL PRODUCTS MANUFACTORY (HX)
31050011;3118220017450;FOURCHETTE FURTIF BLANC VRAC GENCOD;;00179321;13118220017457;23118220017454;;JIEYANG HONGXING STAINLESS STEEL PRODUCTS MANUFACTORY (HX)
31050012;3118220017467;CUILLERE FURTIF BLANC VRAC GENCOD;;00151552;13118220017464;23118220017461;;JIEYANG HONGXING STAINLESS STEEL PRODUCTS MANUFACTORY (HX)
31050013;3118220017474;CAFE FURTIF BLANC VRAC GENCOD;;00151552;13118220017471;23118220017478;;JIEYANG HONGXING STAINLESS STEEL PRODUCTS MANUFACTORY (HX)
31050014;3118220017481;COUTEAU FURTIF NOIR VRAC GENCOD;;00150076;13118220017488;23118220017485;;JIEYANG HONGXING STAINLESS STEEL PRODUCTS MANUFACTORY (HX)
31050015;3118220017498;FOURCHETTE FURTIF NOIR VRAC GENCOD;;00150076;13118220017495;23118220017492;;JIEYANG HONGXING STAINLESS STEEL PRODUCTS MANUFACTORY (HX)
31050016;3118220017504;CUILLERE FURTIF NOIR VRAC GENCOD;;00150076;13118220017501;23118220017508;;JIEYANG HONGXING STAINLESS STEEL PRODUCTS MANUFACTORY (HX)
31050017;3118220017511;CAFE FURTIF NOIR VRAC GENCOD;;00151552;13118220017518;23118220017515;;JIEYANG HONGXING STAINLESS STEEL PRODUCTS MANUFACTORY (HX)
10460003;3118220017665;CUISINE 17 PRADEL FOURREAU COUTEAU DU CHEF x12 SUR CRAVATE;;00122745;13118220017662;23118220017669;;GENERALE DE DECOUPAGE
Cons0084;3118220033788;PALETTE 80 X 140 CM;;00090709;13118220033785;23118220033782;;EPALIA
10210030;3118220017764;PAIN LAG LASURE MANCHE BOIS BLANCHI EN BERLINGOT;;00151837;13118220017761;23118220017768;;GENERALE DE DECOUPAGE
Comp0179;3118220017801;CAISSE 600*400*120 DOUBLE CANNELURE BC20;;00160178;13118220017808;23118220017805;;CARTONNAGES DU VALDORE CELTA
Comp0850001;3118220000100;BMR MICRO BRUN 350 X 50 X 30;;00087832;13118220000107;23118220000104;;CIT PLUS
10120010;3118220017818;OFFICE 10CM FORGE MAESTRO SOUS GAINE;;00111567;13118220017815;23118220017812;;GENERALE DE DECOUPAGE
10120011;3118220017825;STEAK 13CM FORGE MAESTRO IDEAL EN BERLINGOT;;00111536;13118220017822;23118220017829;;GENERALE DE DECOUPAGE
10120012;3118220017832;DESOSSER 15CM FORGE MAESTRO SOUS GAINE;;00078096;13118220017839;23118220017836;;GENERALE DE DECOUPAGE
10120013;3118220017849;FILET DE SOLE 16CM FORGE MAESTRO SOUS GAINE;;00078096;13118220017846;23118220017843;;GENERALE DE DECOUPAGE
10120014;3118220017856;CUISINE 15CM FORGE MAESTRO SOUS GAINE;;00111567;13118220017853;23118220017850;;GENERALE DE DECOUPAGE
10120015;3118220017863;CUISINE 30CM FORGE MAESTRO EN BERLINGOT;;00107628;13118220017860;23118220017867;;GENERALE DE DECOUPAGE
10120016;3118220017870;CUISINE 35CM FORGE MAESTRO EN BERLINGOT;;00092342;13118220017877;23118220017874;;GENERALE DE DECOUPAGE
10120019;3118220017900;TRANCHELARD 20CM FORGE MAESTRO IDEAL EN BERLINGOT;;00119540;13118220017907;23118220017904;;GENERALE DE DECOUPAGE
10120020;3118220017917;TRANCHELARD 25CM FORGE MAESTRO IDEAL EN BERLINGOT;;00092342;13118220017914;23118220017911;;GENERALE DE DECOUPAGE
10120021;3118220017924;TRANCHELARD 30CM FORGE MAESTRO EN BERLINGOT;;00092342;13118220017921;23118220017928;;GENERALE DE DECOUPAGE
10120022;3118220017931;JAMBON POINTU 30CM FORGE MAESTRO EN BERLINGOT;;00078096;13118220017938;23118220017935;;GENERALE DE DECOUPAGE
10120023;3118224467527;FILET DE SOLE 17 CM FORGE SOUS CARTONNETTE;;00158649;13118224467524;23118224467521;;GENERALE DE DECOUPAGE
10010177;3118220017993;COFFRET 1 CERAMIQUE CHEF 15 DENTE LAME BLANCHE;;00083420;13118220017990;23118220017997;;DONGGUAN SURPASS STRUCTURE CERAMIC (EX SHENZHEN)
Comp0183;3118220018020;TUBO CARTON NOIR 27*5.5CM AVEC COUVERCLE;;00166926;13118220018027;23118220018024;;GENERALE DE DECOUPAGE
Comp0184;3118220018037;ETIQUETTE 8*22CM TB FRANCE POUR TUBE CARTON NOIR DIAM 5.5;;00167845;;;;GENERALE DE DECOUPAGE
Comp0740020;3118220018044;PORTE VERRE 1330 INCLINE DRLX;;00116371;13118220018041;23118220018048;;GENERALE DE DECOUPAGE
10960032;3118220018167;COUTEAU AUGUSTE NATUREL AMARANTE LAME INOX BRILLAN BERLINGOT;;00100786;13118220018164;23118220018161;;GENERALE DE DECOUPAGE
10960033;3118220018174;COUTEAU AUGUSTE PREMIUM G10 ORANGE L INOX BRILLANT BERLINGOT;;00081725;13118220018171;23118220018178;;GENERALE DE DECOUPAGE
10960034;3118220018181;COUTEAU AUGUSTE PREMIUM G10 ROUGE L INOX BRILLANTE BERLINGOT;;00081725;13118220018188;23118220018185;;GENERALE DE DECOUPAGE
10960036;3118220018204;COUTEAU AUGUSTE PREMIUM G10 KAKI LAME REVETU NOIR BERLINGOT;;00100786;13118220018201;23118220018208;;GENERALE DE DECOUPAGE
10960039;3118220018235;COUTEAU AUGUSTE EXCLUSIVE POM BLANC PUR L INOX MAT BERLINGOT;;00100786;13118220018232;23118220018239;;GENERALE DE DECOUPAGE
10960040;3118220018242;COUTEAU AUGUSTE EXCLUSIVE POM NOIR LAME INOX MAT BERLINGOT;;00100786;13118220018249;23118220018246;;GENERALE DE DECOUPAGE
10960043;3118220018273;COUTEAU AUGUSTE EXCLUSIVE PA6 LAME INOX MAT BERLINGOT;;00100786;13118220018270;23118220018277;;GENERALE DE DECOUPAGE
10960045;3118220018297;COUTEAU AUGUSTE PREMIUM PA6 LAME INOX MAT BERLINGOT;;00100786;13118220018294;23118220018291;;GENERALE DE DECOUPAGE
Comp0740021;3118220018303;PORTE VERRE 1000 INCLINE DRLX;;00116371;13118220018300;23118220018307;;GENERALE DE DECOUPAGE
Comp0740025;3118220018457;BROCHE NOIR SIMPLE FOND PERFORE400 Ø8 AVEC P.E MEME LONGUEUR;;00079899;13118220018454;23118220018451;;GENERALE DE DECOUPAGE
Comp0740026;3118220021891;VISUEL AUTOCOLLANT LINEAIRE COUVERTSEN POT GIFI 2*100;;00057266;13118220021898;23118220021895;;IMPRIMERIE GUIGON
Cons0085;3118220033795;CAISSE AME. GC30 700*600*350;;00135726;13118220033792;23118220033799;;VIALLON ET CIE
10960046;3118220018471;COUTEAU AUGUSTE PREMIUM G10 KAKI BRILLANT BERLINGOT;;00081726;13118220018478;23118220018475;;GENERALE DE DECOUPAGE
Comp0194;3118220016095;ETUI KYDEX NOIR PROTECTEUR SANS ATTACHE MOLLE SOUS SLEEVE;;00180933;13118220016092;23118220016099;;GENERALE DE DECOUPAGE
11060004;3118220018532;MARAUDEUR PARACORD 550 COYOTE BROWN SERRATION + ETUI KIDEX;;00168256;13118220018539;23118220018536;;GENERALE DE DECOUPAGE
11060005;3118220018549;MARAUDEUR 550 NOIR FISH & FIRE SERRATION + ETUI KIDEX EN BOI;;00089875;13118220018546;23118220018543;;GENERALE DE DECOUPAGE
Comp0196;3118220018570;BLOC VIDE MAGNETIQUE DIM: 22x25x19 POUR 5 CTX EXP REF 443930;;00076654;13118220018577;23118220018574;;SCHNEIDER CONSUMER ASIA (ex ADMEA HOME TECH)
Comp0197;3118220018587;BLOC+BOITE VIDE BLOC MAGNETIQUE 6 STEAK EXPRESSION REF443940;;00111984;13118220018584;23118220018581;;MINGHAO (YANGJIANG) CHAIN SUPPLIERS CO. LTD-EX VICO
10950007;3118220018594;COUTEAU THAU N°1 OFFICE GUY SAVOY SOUS ETUI;;00078188;13118220018591;23118220018598;;GENERALE DE DECOUPAGE
10950008;3118220018600;COUTEAU THAU  N°2 FILET SOLE GUY SAVOY SOUS ETUI;;00134680;13118220018607;23118220018604;;GENERALE DE DECOUPAGE
10950009;3118220018617;COUTEAU THAU N°3 CHEF GUY SAVOY SOUS ETUI;;00134680;13118220018614;23118220018611;;GENERALE DE DECOUPAGE
10950010;3118220018624;COUTEAU THAU N°4 TRANCHEUR GUY SAVOY SOUS ETUI;;00172212;13118220018621;23118220018628;;GENERALE DE DECOUPAGE
10950011;3118220018631;COUTEAU THAU N°5 SANTOKU  GUY SAVOY SOUS ETUI;;00171869;13118220018638;23118220018635;;GENERALE DE DECOUPAGE
10950012;3118220018648;DUO 2 COUTEAUX DE TABLE HOMME GUY SAVOY;;00134680;13118220018645;23118220018642;;GENERALE DE DECOUPAGE
10950013;3118220018655;DUO 2 COUTEAUX DE TABLE FEMME GUY SAVOY;;00134680;13118220018652;23118220018659;;GENERALE DE DECOUPAGE
10950014;3118220018662;DUO 2 COUTEAUX DE TABLE MIXTE GUY SAVOY;;00134680;13118220018669;23118220018666;;GENERALE DE DECOUPAGE
Comp0198;3118221372619;SLEEVE 46*110 DOUBLE PERFORATION VERTICALE PET 50µ REF137261;;00141407;13118221372616;23118221372613;;GENERALE DE DECOUPAGE
Comp0199;3118220018693;ETUI CAC COYOTE MIF AVEC POCHETTE INTERIEUR;;00151718;13118220018690;23118220018697;;GENERALE DE DECOUPAGE
Comp0201;3118221372602;SLEEVE 28*135 DOUBLE PERFORATION VERTICALE PET 50µ 137260;;00080180;13118221372609;23118221372606;;GENERALE DE DECOUPAGE
Comp0203;3118221372633;SLEEVE 41*75 DOUBLE PERFORATION VERTICALE PET 50µ 137263;;00086362;13118221372630;23118221372637;;GENERALE DE DECOUPAGE
Comp0205;3118221372664;SLEEVE 63*180 DOUBLE PERFORATION VERTICALE PET 50µ 137266;;00090998;13118221372661;23118221372668;;GENERALE DE DECOUPAGE
Comp0208;3118221372695;SLEEVE 32*145 DOUBLE PERFORATION VERTICALE PET 50µ 137269;;00162937;13118221372692;23118221372699;;GENERALE DE DECOUPAGE
10960054;3118220018853;TUBO NOIR 6 COUTEAUX AUGUSTE ABS MULTICOLOR;;00124749;13118220018850;23118220018857;;GENERALE DE DECOUPAGE
10610001;3118220019287;FUSILS A AIGUISER REVETEMENT DIAMANT 2 COTES A MANCHE PLIANT;;00160859;13118220019284;23118220019281;;GENERALE DE DECOUPAGE
20100002;3118220019423;M16 LAG METAL COFFRET + BANDEAU;;00105795;13118220019420;23118220019427;;JIEYANG HONGXING STAINLESS STEEL PRODUCTS MANUFACTORY (HX)
21120001;3118220019591;M24 PERLE EN BOITE TB COLLECTION;;00117750;13118220019598;23118220019595;;JIEYANG CITY WANXIN HARDWARE PRODUCTS CO LTD (WX)
21130001;3118220019607;M24 BOREAL EN BOITE TB COLLECTION;;00152202;13118220019604;23118220019601;;JIEYANG CITY WANXIN HARDWARE PRODUCTS CO LTD (WX)
21140001;3118220019614;M24 PALMA BOITE TB COLLECTION;;00150073;13118220019611;23118220019618;;JIEYANG CITY WANXIN HARDWARE PRODUCTS CO LTD (WX)
21150001;3118220019621;M24 OLA BOITE TB COLLECTION;;00117750;13118220019628;23118220019625;;JIEYANG CITY WANXIN HARDWARE PRODUCTS CO LTD (WX)
21150002;3118220019638;COUTEAU OLA + GENCOD;;00168237;13118220019635;23118220019632;;NOSKI
21160001;3118220019645;M24 IMPERIAL BOITE TB COLLECTION;;00117750;13118220019642;23118220019649;;JIEYANG CITY WANXIN HARDWARE PRODUCTS CO LTD (WX)
10120024;3118220019812;CUISINE 20CM FORGE MAESTRO SOUS GAINE;;00111567;13118220019819;23118220019816;;GENERALE DE DECOUPAGE
10120025;3118220019829;OFFICE 10CM FORGE MAESTRO SOUS CARTONNETTE TB PRO;;00078702;13118220019826;23118220019823;;GENERALE DE DECOUPAGE
10120026;3118220019836;STEAK 13CM FORGE MAESTRO SOUS CARTONNETTE TB PRO;;00107738;13118220019833;23118220019830;;GENERALE DE DECOUPAGE
10120027;3118220019843;DESOSSER 15CM FORGE MAESTRO SOUS CARTONNETTE TB PRO;;00107736;13118220019840;23118220019847;;GENERALE DE DECOUPAGE
10120028;3118220019850;FILET DE SOLE 16CM FORGE MAESTRO SOUS CARTONNETTE TB PRO;;00179646;13118220019857;23118220019854;;GENERALE DE DECOUPAGE
10120029;3118220019867;CUISINE 15CM FORGE MAESTRO SOUS CARTONNETTE TB PRO;;00146054;13118220019864;23118220019861;;GENERALE DE DECOUPAGE
10120030;3118220019874;CUISINE 20CM FORGE MAESTRO SOUS CARTONNETTE TB PRO;;00139779;13118220019871;23118220019878;;GENERALE DE DECOUPAGE
10120031;3118220019881;YATAGAN 22CM FORGE MAESTRO IDEAL EN BOITE RETAIL;;00079478;13118220019888;23118220019885;;GENERALE DE DECOUPAGE
10120032;3118220019898;TRANCHELARD 15CM FORGE MAESTRO SOUS CARTONNETTE TB PRO;;00100925;13118220019895;23118220019892;;GENERALE DE DECOUPAGE
10120033;3118220019904;TRANCHELARD 20CM FORGE MAESTRO SOUS CARTONNETTE TB PRO;;00148732;13118220019901;23118220019908;;GENERALE DE DECOUPAGE
21120002;3118220019935;COUTEAUX PERLE + GENCOD;;00076356;13118220019932;23118220019939;;SCHNEIDER CONSUMER ASIA (ex ADMEA HOME TECH)
21120003;3118220019942;FOURCHETTE PERLE + GENCOD;;00150073;13118220019949;23118220019946;;JIEYANG CITY WANXIN HARDWARE PRODUCTS CO LTD (WX)
21120004;3118220019959;CUILLERE PERLE + GENCOD;;00076356;13118220019956;23118220019953;;SCHNEIDER CONSUMER ASIA (ex ADMEA HOME TECH)
21120005;3118220019966;CAFE PERLE + GENCOD;;00150073;13118220019963;23118220019960;;JIEYANG CITY WANXIN HARDWARE PRODUCTS CO LTD (WX)
21140002;3118220019973;COUTEAU PALMA + GENCOD;;00169477;13118220019970;23118220019977;;JIEYANG HONGXING STAINLESS STEEL PRODUCTS MANUFACTORY (HX)
21140003;3118220019980;FOURCHETTE PALMA + GENCOD;;00150073;13118220019987;23118220019984;;JIEYANG CITY WANXIN HARDWARE PRODUCTS CO LTD (WX)
21140004;3118220019997;CUILLERE PALMA + GENCOD;;00150073;13118220019994;23118220019991;;JIEYANG CITY WANXIN HARDWARE PRODUCTS CO LTD (WX)
21140005;3118220020009;CAFE PALMA + GENCOD;;00176529;13118220020006;23118220020003;;JIEYANG HONGXING STAINLESS STEEL PRODUCTS MANUFACTORY (HX)
21160002;3118220020016;COUTEAUX IMPERIAL + GENCOD;;00076356;13118220020013;23118220020010;;SCHNEIDER CONSUMER ASIA (ex ADMEA HOME TECH)
21150003;3118220020023;FOURCHETTE OLA + GENCOD;;00168237;13118220020020;23118220020027;;NOSKI
21150004;3118220020030;CUILLERE OLA + GENCOD;;00151554;13118220020037;23118220020034;;JIEYANG CITY WANXIN HARDWARE PRODUCTS CO LTD (WX)
21150005;3118220020047;CAFE OLA + GENCOD;;00151554;13118220020044;23118220020041;;JIEYANG CITY WANXIN HARDWARE PRODUCTS CO LTD (WX)
30363707;3609231257718;M24 BISTROT CLASSIC NOIR POT PET CARREFOUR;;00179321;13609231257715;23609231257712;;JIEYANG HONGXING STAINLESS STEEL PRODUCTS MANUFACTORY (HX)
30363708;3609231257725;M24 BISTROT CLASSIC ROUGE POT PET CARREFOUR;;00176529;13609231257722;23609231257729;;JIEYANG HONGXING STAINLESS STEEL PRODUCTS MANUFACTORY (HX)
30363709;3609231257701;M24 BISTROT CLASSIC BLANC POT PET CARREFOUR;;00169477;13609231257708;23609231257705;;JIEYANG HONGXING STAINLESS STEEL PRODUCTS MANUFACTORY (HX)
10100006;3118220020184;BLOC PIN BLANC DESIGN 6 CTX LAG TRANSPARENT COLORIS CHAUD;;00102525;13118220020181;23118220020188;;JIEYANG HONGXING STAINLESS STEEL PRODUCTS MANUFACTORY (HX)
Cons0880001;3118220020245;BERLINGOT 65*420MM POUR ECHANTILLON GM 250µ 120721;;00175041;13118220020242;23118220020249;;GENERALE DE DECOUPAGE
Cons0860001;3118220020252;BERLINGOT 43*280MM POUR ECHANTILLON PM 250µ 120720;;00175041;13118220020259;23118220020256;;GENERALE DE DECOUPAGE
10430014;3118220020269;BLOC POT DE FLEURS 6 STEAK RECORD CAMAIEU BLEU;;00134016;13118220020266;23118220020263;;GENERALE DE DECOUPAGE
10430015;3118220020276;BLOC POT DE FLEURS 6 STEAK RECORD CAMAIEU GRIS;;00141131;13118220020273;23118220020270;;GENERALE DE DECOUPAGE
10430016;3118220020283;BLOC POT DE FLEURS 6 STEAK RECORD CAMAIEU ROUGE;;00134016;13118220020280;23118220020287;;GENERALE DE DECOUPAGE
10430017;3118220020290;BLOC POT DE FLEURS 6 STEAK RECORD CAMAIEU VERT;;00134016;13118220020297;23118220020294;;GENERALE DE DECOUPAGE
10120036;3118220020351;SANTOKU 18 CM FORGE MAESTRO IDEAL EN BERLINGOT;;00111536;13118220020358;23118220020355;;GENERALE DE DECOUPAGE
10120037;3118220020368;PAIN 20 CM FORGE MAESTRO IDEAL EN BERLINGOT;;00119540;13118220020365;23118220020362;;GENERALE DE DECOUPAGE
10120038;3118220020375;PAIN 20CM FORGE MAESTRO SOUS CARTONNETTE TB PRO;;00139779;13118220020372;23118220020379;;GENERALE DE DECOUPAGE
10120039;3118220020382;SANTOKU 18 CM FORGE MAESTRO SOUS CARTONNETTE TB PRO;;00107738;13118220020389;23118220020386;;GENERALE DE DECOUPAGE
50950001;8003299399192;SALADIER ACIER POLI MIROIR LARGE COLLECTION HUMAN GUY SAVOY;;00111317;13118220020396;23118220020393;;ALESSI FRANCE
50950002;8003299399185;SALADIER ACIER POLI MIROIR SMALL COLLECTION HUMAN GUY SAVOY;;00111317;13118220020402;23118220020409;;ALESSI FRANCE
40950001;8003299399208;COUVERT SALADE ACIER POLI MIROIR COLLECTION HUMAN GUY SAVOY;;00111317;13118220020419;23118220020416;;ALESSI FRANCE
Acce0950001;3118220020436;SALIERE GOUTTE BLEUE VERRE NAT TAILLE MAIN PAR LAURENT BEYNE;;00102342;13118220020433;23118220020430;;DEUX AILES
Acce0950002;3118220020443;POIVRIERE GOUTTE NOIRE VERRE NAT TAILLE MAIN LAURENT BEYNE;;00102342;13118220020440;23118220020447;;DEUX AILES
Acce0950003;3118220020450;PHOTOPHORE GOUTTE ROUGE VERRE NAT TAILLE MAIN  LAURENT BEYNE;;00102342;13118220020457;23118220020454;;DEUX AILES
Acce0950004;3118220020467;GOUTTE BEURRE DOUX TRANSP VERRE NAT TAIL MAIN  LAURENT BEYNE;;00102342;13118220020464;23118220020461;;DEUX AILES
Acce0950005;3118220020474;GOUTTE BEURRE SALE JAUNEVERRE NAT TAILL MAIN  LAURENT BEYNE;;00102342;13118220020471;23118220020478;;DEUX AILES
50950003;3118220020481;ASSIETTE DE PRESENTATION SOURIRE VIRGINIA MO POUR GUY SAVOY;;00092281;13118220020488;23118220020485;;RESTAURANT GUY SAVOY VIRGINIA MO
10020103;3118220020597;CISEAU UNIVERSEL ACIDULE SUR CARTE COULEUR ASSORTIE;;00116666;13118220020594;23118220020591;;B.H.P INDUSTRIES.CO Ltd
Comp0740038;3118220020610;BARRE DE FORCE 1330 DEPORTEE;;00104184;13118220020617;23118220020614;;GENERALE DE DECOUPAGE
Comp0740040;3118220020634;BLOC INCLINE 4 VERRES EN LIGNE  DRLX PROFONDEUR 400MM;;00116371;13118220020631;23118220020638;;GENERALE DE DECOUPAGE
Cons0850005;3118220020641;FILM THERMO RETRACTABLE 19µ LAIZE 300MM ROULEAU DE 600M²;;00137828;13118220020648;23118220020645;;GENERALE DE DECOUPAGE
Comp1060002;3118220020696;ETUI TACTIQUE KYDEX PROTECTEUR AVEC ATTACHE MOLLE EN SACHET;;00107141;13118220020693;23118220020690;;GENERALE DE DECOUPAGE
Comp0750010;3118220020702;BAC VRAC INCLINE 1/4 LOW COST;;00108946;13118220020709;23118220020706;;GENERALE DE DECOUPAGE
11000006;3118220020733;OFFICE CERAMIQUE SILICONE MANCHE ET LAME BLANC BLISTER PEGB;;00147067;13118220020730;23118220020737;;DONGGUAN SURPASS STRUCTURE CERAMIC (EX SHENZHEN)
11000007;3118220020740;STEAK CERAMIQUE SILICONE MANCHE ET LAME BLANC BLISTER PEGB;;00100505;13118220020747;23118220020744;;DONGGUAN SURPASS STRUCTURE CERAMIC (EX SHENZHEN)
11000008;3118220020757;CUISINE CERAMIQUE SILICONE MANCHE ET LAME BLANC BLISTER PEGB;;00147067;13118220020754;23118220020751;;DONGGUAN SURPASS STRUCTURE CERAMIC (EX SHENZHEN)
11000009;3118220020764;SANTOKU CERAMIQUE SILICONE MANCHE ET LAME BLANC BLISTER PEGB;;00147067;13118220020761;23118220020768;;DONGGUAN SURPASS STRUCTURE CERAMIC (EX SHENZHEN)
11000010;3118220020771;OFFICE CERAMIQUE SILICONE MANCHE ET LAME NOIR BLISTER PEGB;;00177464;13118220020778;23118220020775;;DONGGUAN SURPASS STRUCTURE CERAMIC (EX SHENZHEN)
11000011;3118220020788;STEAK CERAMIQUE SILICONE MANCHE ET LAME NOIR BLISTER PEGB;;00112492;13118220020785;23118220020782;;DONGGUAN SURPASS STRUCTURE CERAMIC (EX SHENZHEN)
11000012;3118220020795;CUISINE CERAMIQUE SILICONE MANCHE ET LAME NOIR BLISTER PEGB;;00112492;13118220020792;23118220020799;;DONGGUAN SURPASS STRUCTURE CERAMIC (EX SHENZHEN)
11000013;3118220020801;SANTOKU  CERAMIQUE SILICONE MANCHE ET LAME NOIR BLISTER PEGB;;00155596;13118220020808;23118220020805;;DONGGUAN SURPASS STRUCTURE CERAMIC (EX SHENZHEN)
10120041;3118220020825;CUISINE 25CM FORGE MAESTRO EN BERLINGOT;;00128504;13118220020822;23118220020829;;GENERALE DE DECOUPAGE
Comp1000001;3118220033467;MANCHE PM SILICONE NOIR POUR CERAMIQUE;;00180397;13118220033464;23118220033461;;JIT GLOBAL LOGISTICS SUPPLY CHAIN CO. LIMITED-EX SMART IRON
Comp1000002;3118220033474;MANCHE PM SILICONE BLANC POUR CERAMIQUE;;00147247;13118220033471;23118220033478;;JIT GLOBAL LOGISTICS SUPPLY CHAIN CO. LIMITED-EX SMART IRON
Comp1000003;3118220033481;MANCHE GM SILICONE NOIR POUR CERAMIQUE;;00155597;13118220033488;23118220033485;;JIT GLOBAL LOGISTICS SUPPLY CHAIN CO. LIMITED-EX SMART IRON
Comp1000004;3118220033498;MANCHE GM SILICONE BLANC POUR CERAMIQUE;;00147247;13118220033495;23118220033492;;JIT GLOBAL LOGISTICS SUPPLY CHAIN CO. LIMITED-EX SMART IRON
10600004;3118220020924;BLOC OPEN VIDE BOIS NYLON INCLINE AVEC PIED;;00130229;13118220020921;23118220020928;;GENERALE DE DECOUPAGE
10500008;3118220020948;COUTEAU DE CAMPAGNE AVEC HOUSSE CAC ARMEE FRANCAISE;;00162168;13118220020945;23118220020942;;GENERALE DE DECOUPAGE
21180001;3118220020955;M16 COLLIOURE 18/10 BOITE PREMIUM;;00048070;13118220020952;23118220020959;;NEW SE SHIN CO LTD (EX SEORIM)
21190001;3118220020962;M16 PAIMPOL 18/10 BOITE PREMIUM;;00048070;13118220020969;23118220020966;;NEW SE SHIN CO LTD (EX SEORIM)
21200001;3118220020979;M16 PORQUEROLLES 18/10 BOITE PREMIUM;;00179003;13118220020976;23118220020973;;NOSKI
21210001;3118220020986;M16 CABOURG 18/10 BOITE PREMIUM;;00103341;13118220020983;23118220020980;;NEW SE SHIN CO LTD (EX SEORIM)
Comp0100004;3118220033160;BLOC PIN VIDE DESIGN BLANC LAQUE  POUR 6 CTX LAG;;00148733;13118220033167;23118220033164;;JIT GLOBAL LOGISTICS SUPPLY CHAIN CO. LIMITED-EX SMART IRON
Acce1060001;3118220021051;ETUI KYDEX AVEC ATTACHE MOLLE PORT OUVERT CAC EN SACHET PLAS;;00107141;13118220021058;23118220021055;;GENERALE DE DECOUPAGE
Acce1060002;3118220021068;ETUI KYDEX AVEC ATTACHE MOLLE PORT FERME CAC EN SACHET PLAST;;00107141;13118220021065;23118220021062;;GENERALE DE DECOUPAGE
Acce1060003;3118220021075;LAME DE REMPLACEMENT NITROX NOIRE CAC EN SACHET PLASTIQUE;;00158875;13118220021072;23118220021079;;GENERALE DE DECOUPAGE
Acce1060005;3118220021099;LAME DE REMPLACEMENT MOX STONEWASHED SERRATION CAC EN SACHET;;00158875;13118220021096;23118220021093;;GENERALE DE DECOUPAGE
Acce1060006;3118220021105;JEU DE LAMES DE REMPLACEMENT COUPE SANGLE CAC EN SACHET PLAS;;00169512;13118220021102;23118220021109;;GENERALE DE DECOUPAGE
Acce1060007;3118220021112;COUVERT CUSTOM CUILLERE FORKS NOIR CAC EN SACHET PLASTIQUE;;00169512;13118220021119;23118220021116;;GENERALE DE DECOUPAGE
Acce1060008;3118220021129;KIT CLIP CEINTURE CAC EN SACHET PLASTIQUE;;00178738;13118220021126;23118220021123;;GENERALE DE DECOUPAGE
Acce1060009;3118220021136;AXE DE SECURITE COUTEAU CAC EN SACHET PLASTIQUE;;00138614;13118220021133;23118220021130;;GENERALE DE DECOUPAGE
Acce1060010;3118220021143;KIT ENTRETIEN CAC EN SACHET PLASTIQUE;;00178738;13118220021140;23118220021147;;GENERALE DE DECOUPAGE
Acce1060011;3118220021150;PAIRE DE PLAQUETTES CUSTOM G10 TOXIFIEE NOIR CAC EN SACHET P;;00153129;13118220021157;23118220021154;;GENERALE DE DECOUPAGE
Acce1060012;3118220021167;PAIRE DE PLAQUETTES CUSTOM G10 TOXIFIEE KAKI CAC EN SACHET P;;00113771;13118220021164;23118220021161;;GENERALE DE DECOUPAGE
Acce1060013;3118220021174;PAIRE DE PLAQUETTES REMPLACEMENT NOIR CAC EN SACHET PLASTIQU;;00153129;13118220021171;23118220021178;;GENERALE DE DECOUPAGE
Acce1060014;3118220021181;PAIRE DE PLAQUETTES REMPLACEMENT JAUNE FLUO CAC EN SACHET PL;;00175372;13118220021188;23118220021185;;GENERALE DE DECOUPAGE
Comp0850004;3118220021365;COLLIER DE SERRAGE TRANSPARENT 150*3 MM;;00132944;13118220021362;23118220021369;;GENERALE DE DECOUPAGE
Cons0850006;3118221140300;BRACELET CAOUTCHOUC 60*3 CARTON DE 20 KG;;00155703;13118221140307;23118221140304;;BBA EMBALLAGES
Comp0740047;3118220021426;BARRE DE FORCE 1000 AVANCEE GIFI PR VITRINE;;00135441;13118220021423;23118220021420;;GENERALE DE DECOUPAGE
Comp0740048;3118220021433;PLEXIGLASS VITRINE 1000 COUTEAUX;;00123581;13118220021430;23118220021437;;AOT
Comp0740049;3118220021440;STRUCTURE VITRINE 1000 COUTEAUX (POUR BARRE DE FORCE);;00129759;13118220021447;23118220021444;;GENERALE DE DECOUPAGE
10340010;3118220021525;LOT 2 OFFICES MANCHE BOIS NATUREL + SLEEVE;;00103347;13118220021522;23118220021529;;JIT GLOBAL LOGISTICS SUPPLY CHAIN CO. LIMITED-EX SMART IRON
10320017;3118220021532;CT HUITRE GARDE BLEU FONCE 2210C VRAC SANS GENCOD;;00077262;13118220021539;23118220021536;;GENERALE DE DECOUPAGE
Comp0750011;3118220021549;PRESENTOIR 1/8 PALETTE LOW COST;;00110011;13118220021546;23118220021543;;GENERALE DE DECOUPAGE
Comp0340002;3118220021785;ETIQUETTE CODEBARRE GERS EQUIPEMENT 523265;;00114182;13118220021782;23118220021789;;JIEYANG CITY SHENGSHUN PRINTING CO LTD
Pres0053;3118220021792;MISE SOUS CARTONNETTE T1;;00180401;;;;GENERALE DE DECOUPAGE
Pres0054;3118220021808;MISE SOUS CARTONNETTE T2;;00180613;;;;GENERALE DE DECOUPAGE
Pres0055;3118220021815;MISE SOUS CARTONNETTE T3;;00180613;;;;GENERALE DE DECOUPAGE
Pres0056;3118220021822;MISE SOUS CARTONNETTE T4;;00180613;;;;GENERALE DE DECOUPAGE
Comp0750013;3118220021846;TABLETTE 1/4 LOW COST;;00108946;13118220021843;23118220021840;;GENERALE DE DECOUPAGE
Cons0950002;3118220021853;BOITE GUY SAVOY FOND + COUVERCLE 33*33*3 POUR ASSIETTE;;00051183;13118220021850;23118220021857;;SARL DUROLLE EMBALLAGES
Cons0950003;3118220021860;CAISSE SUREMBALLLAGE BOITE GUY SAVOY 33*33*3 POUR ASSIETTE;;00051183;13118220021867;23118220021864;;SARL DUROLLE EMBALLAGES
Comp0222;3118220021921;CARTE BARRE AIMANTEE 56*400 COUTEAU DU CHEF;;00102077;13118220021928;23118220021925;;IMPRIMERIE GUIGON
Comp0223;3118220021938;CARTE PIERRE A AIGUISER CARREFOUR 56*400;;00102077;13118220021935;23118220021932;;IMPRIMERIE GUIGON
Comp0224;3118220021945;CARTE PIERRE CASINO 2015 56*400 NELLE CHARTE FINLANDEK;;00102077;13118220021942;23118220021949;;IMPRIMERIE GUIGON
Comp0225;3118220021952;CARTE PIERRE AIGUISER COUTEAU DU CHEF  56*400;;00102077;13118220021959;23118220021956;;IMPRIMERIE GUIGON
Comp0226;3118220021969;CARTE FOURCHETTE A DECOUPER CARREFOUR;;00095323;13118220021966;23118220021963;;IMPRIMERIE GUIGON
Comp0227;3118220021976;CARTE BARRE MAGNETIQUE CARREFOUR 56*400;;00095323;13118220021973;23118220021970;;IMPRIMERIE GUIGON
Cons0090;3118220033849;PALETTE PLASTIQUE 120*100*15CM 3 SEMELLES REF PCP-1310-022;;00141905;13118220033846;23118220033843;;PLASTIBAC
Cons0091;3118220033856;REHAUSSE PLIANTE H33CM POUR PALETTE 120*100 6 CHARNIERES;;00105636;13118220033853;23118220033850;;MANUTENTION SERVICE
Cons0092;3118220033863;COUVERCLE PLASTIQUE 120*100*8.5CM POUR REHAUSSE;;00159900;13118220033860;23118220033867;;PLASTIBAC
Comp0750014;3118220021983;BAC VRAC 1/4 LOW COST AVEC 7 SEPARATEURS;;00108946;13118220021980;23118220021987;;GENERALE DE DECOUPAGE
Comp0500009;3118220021990;CUILLERE BIVOUAC 15/10;;00089408;13118220021997;23118220021994;;GENERALE DE DECOUPAGE
Comp0500010;3118220022003;FOURCHETTE BIVOUAC 15/10;;00089412;13118220022000;23118220022007;;GENERALE DE DECOUPAGE
Comp0750015;3118220022010;PORTE VERRE 1/4 LOW COST DRLX;;00108946;13118220022017;23118220022014;;GENERALE DE DECOUPAGE
21160003;3118220022034;FOURCHETTE IMPERIAL + GENCOD;;00076356;13118220022031;23118220022038;;SCHNEIDER CONSUMER ASIA (ex ADMEA HOME TECH)
21160004;3118220022041;CUILLERE IMPERIAL + GENCOD;;00076356;13118220022048;23118220022045;;SCHNEIDER CONSUMER ASIA (ex ADMEA HOME TECH)
21160005;3118220022058;CAFE IMPERIAL + GENCOD;;00173654;13118220022055;23118220022052;;JIEYANG HONGXING STAINLESS STEEL PRODUCTS MANUFACTORY (HX)
21130002;3118220022065;COUTEAU BOREAL + GENCOD;;00117750;13118220022062;23118220022069;;JIEYANG CITY WANXIN HARDWARE PRODUCTS CO LTD (WX)
21130003;3118220022072;FOURCHETTE BOREAL + GENCOD;;00154555;13118220022079;23118220022076;;JIEYANG CITY WANXIN HARDWARE PRODUCTS CO LTD (WX)
21130004;3118220022089;CUILLERE BOREAL + GENCOD;;00136622;13118220022086;23118220022083;;JIEYANG CITY WANXIN HARDWARE PRODUCTS CO LTD (WX)
21130005;3118220022096;CAFE BOREAL + GENCOD;;00156766;13118220022093;23118220022090;;JIEYANG CITY WANXIN HARDWARE PRODUCTS CO LTD (WX)
11060007;3118220022157;MARAUDEUR CARBONE TOXIFIE SERRATION + ETUI KYDEX EN BOITE T;;00114473;13118220022154;23118220022151;;GENERALE DE DECOUPAGE
11060008;3118220022164;MARAUDEUR G10 TOXIFIE KAKI SERRATION + ETUI KYDEX EN BOITE T;;00168256;13118220022161;23118220022168;;GENERALE DE DECOUPAGE
11060009;3118220022171;MARAUDEUR G10 TOXIFIEE NOIR SERRATION + ETUI KYDEX EN BOITE;;00168256;13118220022178;23118220022175;;GENERALE DE DECOUPAGE
11060010;3118220022188;MARAUDEUR G10 TOXIFIE ROUGE SERRATION + ETUI KYDEX EN BOITE;;00168256;13118220022185;23118220022182;;GENERALE DE DECOUPAGE
Acce1060018;3118220022195;KIT PLAQUETTES CUSTOM CARBONE TOXIFIEE NOIR MARAUDEUR EN BOI;;00114473;13118220022192;23118220022199;;GENERALE DE DECOUPAGE
Acce1060019;3118220022201;KIT PLAQUETTES CUSTOM G10 TOXIFIEE KAKI MARAUDEUR EN SACHET;;00142802;13118220022208;23118220022205;;GENERALE DE DECOUPAGE
Acce1060020;3118220022218;KIT PLAQUETTES CUSTOM G10 TOXIFIEE NOIR MARAUDEUR EN SACHET;;00133446;13118220022215;23118220022212;;GENERALE DE DECOUPAGE
Comp0229;3118220022386;CARTE FOURCHETTE FORGE 56*400 LE COUTEAU DU CHEF;;00102077;13118220022383;23118220022380;;IMPRIMERIE GUIGON
Comp0740051;3118220022409;PLAQUE POLYSTYRENE MIROIR ARGENT DOS BLANC 650*1000*1MM;;00116048;13118220022406;23118220022403;;AOT
Cons0850009;3118220022485;FILM THERMO RETRACTABLE 19µ LAIZE 400 BOBINE DE 800M2;;00130040;13118220022482;23118220022489;;BBA EMBALLAGES
21210002;3118220022508;COUTEAU CABOURG + GENCOD;;00103341;13118220022505;23118220022502;;NEW SE SHIN CO LTD (EX SEORIM)
21210003;3118220022515;FOURCHETTE CABOURG 18/10 + GENCOD;;00103341;13118220022512;23118220022519;;NEW SE SHIN CO LTD (EX SEORIM)
21210004;3118220022522;CUILLERE CABOURG 18/10 + GENCOD;;00103341;13118220022529;23118220022526;;NEW SE SHIN CO LTD (EX SEORIM)
21210005;3118220022539;CAFE CABOURG 18/10 + GENCOD;;00103341;13118220022536;23118220022533;;NEW SE SHIN CO LTD (EX SEORIM)
10020106;3118220022546;6 STEAK LAGUIOLE INTUITION METAL COFFRET BOIS ENCOCHE;;00114753;13118220022543;23118220022540;;GUANGWEI HOUSEHOLD PRODUCTS LIMITED (EX DIAMOND TRACK)
10020108;3118220022560;SET FROMAGE 3 PCES LAG INTUITION METAL COFFRET BOIS ENCOCHE;;00122109;13118220022567;23118220022564;;GUANGWEI HOUSEHOLD PRODUCTS LIMITED (EX DIAMOND TRACK)
11060012;3118220022577;BAROUDEUR NOIR AVEC COUVERTS SOUS GAINE EN SACHET PLASTIQUE;;00119609;13118220022574;23118220022571;;GENERALE DE DECOUPAGE
11060013;3118220022584;BAROUDEUR ROUGE AVEC COUVERTS SOUS GAINE EN SACHET PLASTIQUE;;00102428;13118220022581;23118220022588;;GENERALE DE DECOUPAGE
10320018;3118220022591;COUTEAU STEAK CHEF + SLEEVE;;00123089;13118220022598;23118220022595;;GENERALE DE DECOUPAGE
10270006;3118224334201;SAUMON 25CM BOIS ROUGE TRADITION FX CDF;;00105946;13118224334208;23118224334205;;GENERALE DE DECOUPAGE
Comp0740054;3118220022652;PORTE VERRE 1000 INCLINE DRLX BLANC RAL 9003;;00132591;13118220022659;23118220022656;;GENERALE DE DECOUPAGE
11060014;3118220022690;COMMANDEUR G10 NOIR AVEC ETUI KYDEX EN BOITE TECHNIQUE;;00119095;13118220022697;23118220022694;;GENERALE DE DECOUPAGE
11060015;3118220022706;COMMANDEUR G10 NOIR TOXIFIÉ AVEC ETUI KYDEX EN BOITE TECHNIQ;;00119095;13118220022703;23118220022700;;GENERALE DE DECOUPAGE
10960083;3118220022713;COUTEAU AUGUSTE ABS NOIR SOUS BERLINGOT;;00124749;13118220022710;23118220022717;;GENERALE DE DECOUPAGE
21200002;3118220022843;COUTEAU PORQUEROLLES + GENCOD;;00107080;13118220022840;23118220022847;;NEW SE SHIN CO LTD (EX SEORIM)
21200003;3118220022850;FOURCHETTE PORQUEROLLES 18/10 + GENCOD;;00107080;13118220022857;23118220022854;;NEW SE SHIN CO LTD (EX SEORIM)
21200004;3118220022867;CUILLERE PORQUEROLLES 18/10 + GENCOD;;00107080;13118220022864;23118220022861;;NEW SE SHIN CO LTD (EX SEORIM)
21200005;3118220022874;CAFE PORQUEROLLES 18/10 + GENCOD;;00107080;13118220022871;23118220022878;;NEW SE SHIN CO LTD (EX SEORIM)
11060016;3118220022881;CAC S100 LISSE MANCHE G10 TOXIFIÉ KAKI EN BOITE TECHNIQUE;;00122361;13118220022888;23118220022885;;GENERALE DE DECOUPAGE
11060017;3118220022898;CAC S100 LISSE MANCHE G10 TOXIFIÉ NOIR EN BOITE TECHNIQUE;;00122361;13118220022895;23118220022892;;GENERALE DE DECOUPAGE
10120043;3118220022911;OFFICE 10CM FORGE MAESTRO EN FRX TB;;00082526;13118220022918;23118220022915;;GENERALE DE DECOUPAGE
10120044;3118220022928;STEAK 13CM FORGE MAESTRO EN FRX TB;;00077739;13118220022925;23118220022922;;GENERALE DE DECOUPAGE
10120045;3118220022935;DESOSSER 15CM FORGE MAESTRO EN FRX TB;;00079764;13118220022932;23118220022939;;GENERALE DE DECOUPAGE
10120046;3118220022942;FILET DE SOLE 16CM FORGE MAESTRO EN FRX TB;;00080333;13118220022949;23118220022946;;GENERALE DE DECOUPAGE
10120047;3118220022959;CUISINE 15CM FORGE MAESTRO EN FRX TB;;00078096;13118220022956;23118220022953;;GENERALE DE DECOUPAGE
10120048;3118220022966;CUISINE 20CM FORGE MAESTRO EN FRX TB;;00079478;13118220022963;23118220022960;;GENERALE DE DECOUPAGE
10120050;3118220022980;SANTOKU  18CM FORGE MAESTRO EN FRX TB;;00080887;13118220022987;23118220022984;;GENERALE DE DECOUPAGE
10120051;3118220022997;TRANCHELARD 15CM FORGE MAESTRO EN FRX TB;;00081651;13118220022994;23118220022991;;GENERALE DE DECOUPAGE
10120052;3118220023000;TRANCHELARD 20CM FORGE MAESTRO EN FRX TB;;00078096;13118220023007;23118220023004;;GENERALE DE DECOUPAGE
10120053;3118220023017;PAIN 20CM FORGE MAESTRO EN FRX TB;;00107737;13118220023014;23118220023011;;GENERALE DE DECOUPAGE
11060027;3118220023116;COUTEAU PASSE-EN-S MICARTA FIBRE DE VERRE +ETUI AFFUTAGE+BOI;;00104332;13118220023113;23118220023110;;AVANONA- QHEAS
10120055;3118220023130;TRANCHELARD 25CM FORGE MAESTRO EN FRX TB;;00100925;13118220023137;23118220023134;;GENERALE DE DECOUPAGE
31040006;3118220023215;COUTEAU DROP BLEU ACIER 5405C VRAC + GENCOD;;00141572;13118220023212;23118220023219;;JIEYANG HONGXING STAINLESS STEEL PRODUCTS MANUFACTORY (HX)
30170041;3118220023420;COUTEAU LAG DUO VERT FONCE 5615C VRAC + GENCOD;;00169477;13118220023427;23118220023424;;JIEYANG HONGXING STAINLESS STEEL PRODUCTS MANUFACTORY (HX)
30170042;3118220023437;FOURCHETTE LAG DUO VERT FONCE 5615C VRAC + GENCOD;;00173654;13118220023434;23118220023431;;JIEYANG HONGXING STAINLESS STEEL PRODUCTS MANUFACTORY (HX)
30170043;3118220023444;CUILLERE LAG DUO VERT FONCE 5615C VRAC + GENCOD;;00146479;13118220023441;23118220023448;;JIEYANG HONGXING STAINLESS STEEL PRODUCTS MANUFACTORY (HX)
30170044;3118220023451;CAFE LAG DUO VERT FONCE 5615C VRAC + GENCOD;;00173654;13118220023458;23118220023455;;JIEYANG HONGXING STAINLESS STEEL PRODUCTS MANUFACTORY (HX)
31040007;3118220023468;FOURCHETTE DROP BLEU ACIER 5405C VRAC + GENCOD;;00144783;13118220023465;23118220023462;;JIEYANG HONGXING STAINLESS STEEL PRODUCTS MANUFACTORY (HX)
31040008;3118220023475;CUILLERE DROP BLEU ACIER 5405C VRAC + GENCOD;;00141572;13118220023472;23118220023479;;JIEYANG HONGXING STAINLESS STEEL PRODUCTS MANUFACTORY (HX)
31040009;3118220023482;CAFE DROP BLEU ACIER 5405C VRAC + GENCOD;;00141572;13118220023489;23118220023486;;JIEYANG HONGXING STAINLESS STEEL PRODUCTS MANUFACTORY (HX)
31040014;3118220023536;COUTEAU DROP BLANC TRANSPARENT VRAC + GENCOD;;00144783;13118220023533;23118220023530;;JIEYANG HONGXING STAINLESS STEEL PRODUCTS MANUFACTORY (HX)
31040015;3118220023543;FOURCHETTE DROP BLANC TRANSPARENT VRAC + GENCOD;;00144783;13118220023540;23118220023547;;JIEYANG HONGXING STAINLESS STEEL PRODUCTS MANUFACTORY (HX)
31040016;3118220023550;CUILLERE DROP BLANC TRANSPARENT VRAC + GENCOD;;00144783;13118220023557;23118220023554;;JIEYANG HONGXING STAINLESS STEEL PRODUCTS MANUFACTORY (HX)
31040017;3118220023567;CAFE DROP BLANC TRANSPARENT VRAC + GENCOD;;00124649;13118220023564;23118220023561;;JIEYANG HONGXING STAINLESS STEEL PRODUCTS MANUFACTORY (HX)
10320023;3118220023642;COFFRET 6 STEAK NOIR 3 RIVETS TB COLLECTION;;00180077;13118220023649;23118220023646;;JIT GLOBAL LOGISTICS SUPPLY CHAIN CO. LIMITED-EX SMART IRON
31250002;3118220023710;M24 ODYSSEE COMETE BLEU 7699C;;00107679;13118220023717;23118220023714;;JIEYANG HONGXING STAINLESS STEEL PRODUCTS MANUFACTORY (HX)
10960084;3118220023758;COFFRET CARTON NOIR 12 COUTEAUX AUGUSTE ABS NOIR;;00081649;13118220023755;23118220023752;;GENERALE DE DECOUPAGE
10270007;3118220023789;BOITE 12 STEAKS 12CM TRADITION SANS PASTILLE LAME DENTE;;00082434;13118220023786;23118220023783;;GENERALE DE DECOUPAGE
Comp1240001;3118220023802;ETIQ ADHESIVE VELIN N°LOT BLANCHE DIAM15MM/4ETIQ DE FRONT;;00082480;13118220023809;23118220023806;;GENERALE DE DECOUPAGE
Comp0740057;3118220023833;ENSEMBLE DE 14 COUTEAUX VRAC VITRINE GIFI 2020;;00076946;13118220023830;23118220023837;;GENERALE DE DECOUPAGE
31260001;3615005728407;M24 COTTAGE EBENE CARREFOUR;;00104611;13615005728404;23615005728401;;JIEYANG HONGXING STAINLESS STEEL PRODUCTS MANUFACTORY (HX)
20480002;3118220023888;COUTEAU STEAK CLEO 15/10;;00150073;13118220023885;23118220023882;;JIEYANG CITY WANXIN HARDWARE PRODUCTS CO LTD (WX)
10020110;3118220023970;SET FRUIT DE MER 14 PCE INTUITION METAL COFFRET BOIS ENCOCHE;;00122109;13118220023977;23118220023974;;GUANGWEI HOUSEHOLD PRODUCTS LIMITED (EX DIAMOND TRACK)
Comp0740060;3118220023987;PORTE VERRE PLAT 1000*400 MM DRLX;;00116371;13118220023984;23118220023981;;GENERALE DE DECOUPAGE
21200006;3118220024083;COUTEAU PORQUEROLLES SUR CARTE PEGB GENCOD;;00103341;13118220024080;23118220024087;;NEW SE SHIN CO LTD (EX SEORIM)
21200007;3118220024090;FOURCHETTE PORQUEROLLES 18/10 SUR CARTE PEGB GENCOD;;00103341;13118220024097;23118220024094;;NEW SE SHIN CO LTD (EX SEORIM)
21200008;3118220024106;CUILLERE PORQUEROLLES 18/10 SUR CARTE PEGB GENCOD;;00103341;13118220024103;23118220024100;;NEW SE SHIN CO LTD (EX SEORIM)
21200009;3118220024113;CAFE PORQUEROLLES 18/10 SUR CARTE PEGB GENCOD;;00103341;13118220024110;23118220024117;;NEW SE SHIN CO LTD (EX SEORIM)
21210006;3118220024120;COUTEAU CABOURG SUR CARTE PEGB GENCOD;;00103341;13118220024127;23118220024124;;NEW SE SHIN CO LTD (EX SEORIM)
21210007;3118220024137;FOURCHETTE CABOURG 18/10  SUR CARTE PEGB GENCOD;;00103341;13118220024134;23118220024131;;NEW SE SHIN CO LTD (EX SEORIM)
21210008;3118220024144;CUILLERE CABOURG 18/10  SUR CARTE PEGB GENCOD;;00103341;13118220024141;23118220024148;;NEW SE SHIN CO LTD (EX SEORIM)
21210009;3118220024151;CAFE CABOURG 18/10  SUR CARTE PEGB GENCOD;;00103341;13118220024158;23118220024155;;NEW SE SHIN CO LTD (EX SEORIM)
31270001;3118220024168;COUTEAU INEDIT CARREAUX DE CIMENT+GENCOD;;00080059;13118220024165;23118220024162;;SCHNEIDER CONSUMER ASIA (ex ADMEA HOME TECH)
31270002;3118220024175;FOURCHETTE INEDIT CARREAUX DE CIMENT+GENCOD;;00080059;13118220024172;23118220024179;;SCHNEIDER CONSUMER ASIA (ex ADMEA HOME TECH)
31270003;3118220024182;CUILLERE INEDIT CARREAUX DE CIMENT+GENCOD;;00080059;13118220024189;23118220024186;;SCHNEIDER CONSUMER ASIA (ex ADMEA HOME TECH)
31270004;3118220024199;CAFE INEDIT CARREAUX DE CIMENT+GENCOD;;00080059;13118220024196;23118220024193;;SCHNEIDER CONSUMER ASIA (ex ADMEA HOME TECH)
31260004;3118220024205;M24 COTTAGE NOIR BOITE TB COLLECTION SUP COOL GREY;;00112414;13118220024202;23118220024209;;JIEYANG HONGXING STAINLESS STEEL PRODUCTS MANUFACTORY (HX)
31260005;3118220024212;M24 COTTAGE BOIS DE ROSE BOITE TB COLLECTION SUP COOL GREY;;00104611;13118220024219;23118220024216;;JIEYANG HONGXING STAINLESS STEEL PRODUCTS MANUFACTORY (HX)
31260006;3118220024229;M24 COTTAGE FRAMBOISE BOITE TB COLLECTION SUP COOL GREY;;00180871;13118220024226;23118220024223;;JIEYANG HONGXING STAINLESS STEEL PRODUCTS MANUFACTORY (HX)
11070001;3118220024533;COUTEAU BIVOUAC AVEC ETUI ET COUVERTS EN BOITE TECHNIQUE;;00101627;13118220024530;23118220024537;;GENERALE DE DECOUPAGE
11060028;3118220024540;BAROUDEUR KAKI AVEC COUVERTS SOUS GAINE EN BOITE TECHNIQUE;;00077091;13118220024547;23118220024544;;GENERALE DE DECOUPAGE
11060029;3118220024557;BAROUDEUR NOIR AVEC COUVERTS SOUS GAINE EN BOITE TECHNIQUE;;00084998;13118220024554;23118220024551;;GENERALE DE DECOUPAGE
11060030;3118220024564;BAROUDEUR ROUGE AVEC COUVERTS SOUS GAINE EN BOITE TECHNIQUE;;00089765;13118220024561;23118220024568;;GENERALE DE DECOUPAGE
11060031;3118220024571;MARAUDEUR PARACORD 550 NOIR LISSE + ETUI KIDEX EN BOITE TECH;;00168256;13118220024578;23118220024575;;GENERALE DE DECOUPAGE
11060032;3118220024588;MARAUDEUR PARACORD 550 COYOTE BROWN LISSE + ETUI KIDEX EN B;;00168256;13118220024585;23118220024582;;GENERALE DE DECOUPAGE
11060033;3118220024595;MARAUDEUR 550 NOIR FISH & FIRE LISSE + ETUI KIDEX EN BOITE T;;00085113;13118220024592;23118220024599;;GENERALE DE DECOUPAGE
11060034;3118220024601;MARAUDEUR CARBONE TOXIFIE LISSE + ETUI KYDEX EN BOITE TECHNI;;00114473;13118220024608;23118220024605;;GENERALE DE DECOUPAGE
11060035;3118220024618;MARAUDEUR G10 TOXIFIE NOIR LISSE + ETUI KYDEX EN BOITE TECHN;;00168256;13118220024615;23118220024612;;GENERALE DE DECOUPAGE
11060036;3118220024625;MARAUDEUR G10 TOXIFIE ROUGE LISSE + ETUI KYDEX EN BOITE TECH;;00168256;13118220024622;23118220024629;;GENERALE DE DECOUPAGE
11060037;3118220024632;MARAUDEUR G10 TOXIFIE KAKI LISSE + ETUI KIDEX EN BOITE TECHN;;00168256;13118220024639;23118220024636;;GENERALE DE DECOUPAGE
11060038;3118220024649;CAC S100 SERRATION MANCHE G10 TOXIFIÉ KAKI EN BOITE TECHNIQU;;00095840;13118220024646;23118220024643;;GENERALE DE DECOUPAGE
11060039;3118220024656;CAC S100 SERRATION MANCHE G10 TOXIFIÉ NOIR EN BOITE TECHNIQU;;00095840;13118220024653;23118220024650;;GENERALE DE DECOUPAGE
11060041;3118220024670;CAC S200 LISSE MANCHE G10 TOXIFIÉ KAKI EN BOITE TECHNIQUE;;00149975;13118220024677;23118220024674;;GENERALE DE DECOUPAGE
11060042;3118220024687;CAC S200 LISSE MANCHE G10 TOXIFIÉ NOIR EN BOITE TECHNIQUE;;00171890;13118220024684;23118220024681;;GENERALE DE DECOUPAGE
11060043;3118220024694;CAC S200 LISSE MANCHE G10 TOXIFIÉ ROUGE EN BOITE TECHNIQUE;;00162170;13118220024691;23118220024698;;GENERALE DE DECOUPAGE
11060044;3118220024700;CAC S200 SERRATION MANCHE G10 TOXIFIÉ KAKI EN BOITE TECHNIQU;;00169059;13118220024707;23118220024704;;GENERALE DE DECOUPAGE
11060045;3118220024717;CAC S200 SERRATION MANCHE G10 TOXIFIÉ NOIR EN BOITE TECHNIQU;;00156042;13118220024714;23118220024711;;GENERALE DE DECOUPAGE
11060046;3118220024724;CAC S200 SERRATION MANCHE G10 TOXIFIÉ ROUGE EN BOITE TECHNIQ;;00161951;13118220024721;23118220024728;;GENERALE DE DECOUPAGE
11060047;3118220024731;COMMANDEUR ZIRICOTE TOXIFIÉ AVEC ETUI KYDEX EN BOITE TECHNI;;00119095;13118220024738;23118220024735;;GENERALE DE DECOUPAGE
21200010;3605756612490;M16 PORQUEROLLES BOITE ALINEA;;00082851;13605756612497;23605756612494;;NEW SE SHIN CO LTD (EX SEORIM)
21210010;3605756612513;M16 TAVAN (CABOURG) BOITE ALINEA;;00082851;13605756612510;23605756612517;;NEW SE SHIN CO LTD (EX SEORIM)
20200007;3605756632672;M16 KOS (TOSCANE) BRILLANT BOITE ALINEA;;00083903;13605756632679;23605756632676;;SCHNEIDER CONSUMER ASIA (ex ADMEA HOME TECH)
Acce0590003;3118223062402;PLANCHE POLYPRO POIGNEES JAUNES 30.5X45.7X1 CM;;00144876;13118223062409;23118223062406;;GENERALE DE DECOUPAGE
Acce0590004;3118223045207;PLANCHE POLYPRO BLANCHE AVEC BANDE ANTIGLISSE 24.5X14.5 CM;;00144876;13118223045204;23118223045201;;GENERALE DE DECOUPAGE
Acce0590005;3118220024755;PLANCHE POLYPRO BLANCHE AVEC POIGNEE 29X19.5X4 CM;;00144876;13118220024752;23118220024759;;GENERALE DE DECOUPAGE
Acce0590006;3270192751555;PLANCHE POLYPRO CARREFOUR ANSE INCURVEE METAL 33X25.5X1.5 CM;;00144876;13270192751552;23270192751559;;GENERALE DE DECOUPAGE
21290003;3118220024809;M16 MAZARIN MANCHE BLANC TETE INOX BROSSE BOITE TB COLLECTIO;;00083079;13118220024806;23118220024803;;SCHNEIDER CONSUMER ASIA (ex ADMEA HOME TECH)
21290004;3118220024816;M16 MAZARIN MANCHE NOIR TETE INOX BROSSE BOITE TB COLLECTION;;00083079;13118220024813;23118220024810;;SCHNEIDER CONSUMER ASIA (ex ADMEA HOME TECH)
21170003;3118220024823;COUTEAU BRUME NOIR + GENCOD;;00076347;13118220024820;23118220024827;;SCHNEIDER CONSUMER ASIA (ex ADMEA HOME TECH)
21170004;3118220024830;FOURCHETTE BRUME NOIR + GENCOD;;00076347;13118220024837;23118220024834;;SCHNEIDER CONSUMER ASIA (ex ADMEA HOME TECH)
21170005;3118220024847;CUILLERE BRUME NOIR + GENCOD;;00076347;13118220024844;23118220024841;;SCHNEIDER CONSUMER ASIA (ex ADMEA HOME TECH)
21170006;3118220024854;CAFE BRUME NOIR + GENCOD;;00076347;13118220024851;23118220024858;;SCHNEIDER CONSUMER ASIA (ex ADMEA HOME TECH)
31260007;3118220024908;COUTEAU COTTAGE EBENE + GENCOD;;00156709;13118220024905;23118220024902;;JIEYANG HONGXING STAINLESS STEEL PRODUCTS MANUFACTORY (HX)
31260008;3118220024915;FOURCHETTE COTTAGE EBENE + GENCOD;;00179321;13118220024912;23118220024919;;JIEYANG HONGXING STAINLESS STEEL PRODUCTS MANUFACTORY (HX)
31260009;3118220024922;CUILLERE COTTAGE EBENE + GENCOD;;00118098;13118220024929;23118220024926;;JIEYANG HONGXING STAINLESS STEEL PRODUCTS MANUFACTORY (HX)
31260010;3118220024939;CAFE COTTAGE EBENE + GENCOD;;00156709;13118220024936;23118220024933;;JIEYANG HONGXING STAINLESS STEEL PRODUCTS MANUFACTORY (HX)
31260011;3118220024946;COUTEAU COTTAGE RUBIS + GENCOD;;00180871;13118220024943;23118220024940;;JIEYANG HONGXING STAINLESS STEEL PRODUCTS MANUFACTORY (HX)
31260012;3118220024953;FOURCHETTE COTTAGE RUBIS + GENCOD;;00173654;13118220024950;23118220024957;;JIEYANG HONGXING STAINLESS STEEL PRODUCTS MANUFACTORY (HX)
31260014;3118220024977;CAFE COTTAGE RUBIS + GENCOD;;00173654;13118220024974;23118220024971;;JIEYANG HONGXING STAINLESS STEEL PRODUCTS MANUFACTORY (HX)
31260015;3118220024984;COUTEAU COTTAGE CUIR + GENCOD;;00118098;13118220024981;23118220024988;;JIEYANG HONGXING STAINLESS STEEL PRODUCTS MANUFACTORY (HX)
31260016;3118220024991;FOURCHETTE COTTAGE CUIR + GENCOD;;00118098;13118220024998;23118220024995;;JIEYANG HONGXING STAINLESS STEEL PRODUCTS MANUFACTORY (HX)
31260017;3118220025004;CUILLERE COTTAGE CUIR + GENCOD;;00118098;13118220025001;23118220025008;;JIEYANG HONGXING STAINLESS STEEL PRODUCTS MANUFACTORY (HX)
31260018;3118220025011;CAFE COTTAGE CUIR + GENCOD;;00118098;13118220025018;23118220025015;;JIEYANG HONGXING STAINLESS STEEL PRODUCTS MANUFACTORY (HX)
11060048;3118220025035;CAC SERRATION MANCHE PA6 FV JAUNE FLUORESCENT EN BOITE TECHN;;00146697;13118220025032;23118220025039;;GENERALE DE DECOUPAGE
11060049;3118220025042;CAC SERRATION MANCHE PA6 FV KAKI EN BOITE TECHNIQUE;;00169059;13118220025049;23118220025046;;GENERALE DE DECOUPAGE
11060050;3118220025059;CAC SERRATION MANCHE PA6 FV NOIR EN BOITE TECHNIQUE;;00161951;13118220025056;23118220025053;;GENERALE DE DECOUPAGE
11060051;3118220025066;CAC S200 LISSE MANCHE PA6 FV KAKI EN BOITE TECHNIQUE;;00162170;13118220025063;23118220025060;;GENERALE DE DECOUPAGE
11060052;3118220025073;CAC S200 LISSE MANCHE PA6 FV NOIR EN BOITE TECHNIQUE;;00162170;13118220025070;23118220025077;;GENERALE DE DECOUPAGE
11060053;3118220025080;CAC S200 SERRATION MANCHE PA6 FV KAKI EN BOITE TECHNIQUE;;00171890;13118220025087;23118220025084;;GENERALE DE DECOUPAGE
11060054;3118220025097;CAC S200 SERRATION MANCHE PA6 FV NOIR EN BOITE TECHNIQUE;;00169059;13118220025094;23118220025091;;GENERALE DE DECOUPAGE
40050001;3118220025127;PINCEAU SENS MANCHE OLIVIER SACHET + GENCOD;;00102872;13118220025124;23118220025121;;GUANGWEI HOUSEHOLD PRODUCTS LIMITED (EX DIAMOND TRACK)
40050002;3118220025134;EPLUCHEUR TOMATE SENS MANCHE OLIVIER SACHET + GENCOD;;00115844;13118220025131;23118220025138;;GUANGWEI HOUSEHOLD PRODUCTS LIMITED (EX DIAMOND TRACK)
40050003;3118220025141;EPLUCHEUR Y SENS MANCHE OLIVIER SACHET + GENCOD;;00115844;13118220025148;23118220025145;;GUANGWEI HOUSEHOLD PRODUCTS LIMITED (EX DIAMOND TRACK)
40050004;3118220025158;ROULETTE A PIZZA SENS MANCHE OLIVIER SACHET + GENCOD;;00102872;13118220025155;23118220025152;;GUANGWEI HOUSEHOLD PRODUCTS LIMITED (EX DIAMOND TRACK)
40050005;3118220025165;CUILLERE A GLACE SENS MANCHE OLIVIER SACHET + GENCOD;;00080804;13118220025162;23118220025169;;SCHNEIDER CONSUMER ASIA (ex ADMEA HOME TECH)
40050006;3118220025172;FOUET SENS MANCHE OLIVIER SACHET + GENCOD;;00102872;13118220025179;23118220025176;;GUANGWEI HOUSEHOLD PRODUCTS LIMITED (EX DIAMOND TRACK)
40050007;3118220025189;RAPE SENS MANCHE OLIVIER SACHET + GENCOD;;00102872;13118220025186;23118220025183;;GUANGWEI HOUSEHOLD PRODUCTS LIMITED (EX DIAMOND TRACK)
40050009;3118220025202;TARTINEUR SENS MANCHE OLIVIER SACHET + GENCOD;;00125962;13118220025209;23118220025206;;GUANGWEI HOUSEHOLD PRODUCTS LIMITED (EX DIAMOND TRACK)
10050030;3118220025226;COTE A L OS SENS MANCHE OLIVIER SACHET + GENCOD;;00138822;13118220025223;23118220025220;;GUANGWEI HOUSEHOLD PRODUCTS LIMITED (EX DIAMOND TRACK)
10050031;3118220025233;COUTEAU FROMAGE SENS MANCHE OLIVIER SACHET + GENCOD;;00102872;13118220025230;23118220025237;;GUANGWEI HOUSEHOLD PRODUCTS LIMITED (EX DIAMOND TRACK)
Comp0740064;3118220025257;PORTE VERRE INCLINE 1000 TIROIR PROF500 DRLX;;00082009;13118220025254;23118220025251;;GENERALE DE DECOUPAGE
Acce0500001;3118220040502;CUTTERS ARMEE;;00144876;13118220040509;23118220040506;;GENERALE DE DECOUPAGE
10300026;3118220025264;BLOC BOIS MAGNETIQUE 5 COUTEAUX EXPRESSION MANCHE OLIVIER;;00076518;13118220025261;23118220025268;;SCHNEIDER CONSUMER ASIA (ex ADMEA HOME TECH)
30363713;3118220025288;M24 TROQUET GRIS  POT PET;;00179321;13118220025285;23118220025282;;JIEYANG HONGXING STAINLESS STEEL PRODUCTS MANUFACTORY (HX)
10020112;3118220025394;OFFICE ACIDULE COLLECTION COULEUR 2.9;;00176529;13118220025391;23118220025398;;JIEYANG HONGXING STAINLESS STEEL PRODUCTS MANUFACTORY (HX)
10020113;3118220025400;EPLUCHEUR ACIDULE COLLECTION COULEUR 2.9;;00176529;13118220025407;23118220025404;;JIEYANG HONGXING STAINLESS STEEL PRODUCTS MANUFACTORY (HX)
10020114;3118220025417;TARTINEUR ACIDULE COLLECTION COULEUR 2.9;;00179321;13118220025414;23118220025411;;JIEYANG HONGXING STAINLESS STEEL PRODUCTS MANUFACTORY (HX)
10020115;3118220025424;STEAK ACIDULE COLLECTION COULEUR 2.9;;00116602;13118220025421;23118220025428;;JIEYANG HONGXING STAINLESS STEEL PRODUCTS MANUFACTORY (HX)
Comp0740069;3118220027503;LED REGLETTE TUBE T5 298MM 4W 4000K IP20 400LM REF TL1050;;00098931;13118220027500;23118220027507;;ALLVISION
Comp0740070;3118220027497;LED REGLETTE TUBE T5 568MM 8W 4000K IP20 800LM REF TL1051;;00116030;13118220027494;23118220027491;;ALLVISION
Comp0740071;3118220027480;LED REGLETTE TUBE T5 1178MM 16W 4000K IP20 1600LM REF TL1053;;00116030;13118220027487;23118220027484;;ALLVISION
10070007;3118220025431;OFFICE FURTIF 9 CM MANCHE METAL FRX CHEF DE FRANCE;;00079522;13118220025438;23118220025435;;GENERALE DE DECOUPAGE
10070008;3118220025448;CHEF FURTIF 19 CM MANCHE METAL FRX CHEF DE FRANCE;;00079522;13118220025445;23118220025442;;GENERALE DE DECOUPAGE
10070009;3118220025455;SANTUKO FURTIF 19 CM MANCHE METAL FRX CHEF DE FRANCE;;00079522;13118220025452;23118220025459;;GENERALE DE DECOUPAGE
10070010;3118220025462;CUISINE FURTIF 21 CM MANCHE METAL FRX CHEF DE FRANCE;;00079522;13118220025469;23118220025466;;GENERALE DE DECOUPAGE
10070011;3118220025479;EMINCEUR FURTIF 11 CM MANCHE METAL FRX CHEF DE FRANCE;;00079522;13118220025476;23118220025473;;GENERALE DE DECOUPAGE
10020116;3118220025486;FROMAGE ACIDULE COLLECTION COULEUR 2.9;;00154553;13118220025483;23118220025480;;JIEYANG HONGXING STAINLESS STEEL PRODUCTS MANUFACTORY (HX)
Comp0740072;3118220025493;EQUERRE LINEAIRES GIFI 25/10;;00143415;13118220025490;23118220025497;;GENERALE DE DECOUPAGE
21300001;3118220025516;M24 EMPREINTE BOITE TB COLLECTION;;00152202;13118220025513;23118220025510;;JIEYANG CITY WANXIN HARDWARE PRODUCTS CO LTD (WX)
21312131;3118220025523;M16 CHEVRON REVÊTEMENT PVD BOITE TB COLLECTION;;00080013;13118220025520;23118220025527;;SCHNEIDER CONSUMER ASIA (ex ADMEA HOME TECH)
21320001;3118220025530;M16 PRINTEMPS REVÊTEMENT PVD BOITE TB COLLECTION;;00108189;13118220025537;23118220025534;;JIEYANG CITY WANXIN HARDWARE PRODUCTS CO LTD (WX)
11060055;3118220025547;CAC ENTRAINEMENT NOIR MANCHE PA6 FV LAME AJOUREE EN BOITE TE;;00138614;13118220025544;23118220025541;;GENERALE DE DECOUPAGE
11060056;3118220025554;COUTEAU BIVOUAC AVEC ETUI ET COUVERTS EN SACHET PLASTIQUE;;00158876;13118220025551;23118220025558;;GENERALE DE DECOUPAGE
Acce1060024;3118220025561;KIT PLV TB OUTDOOR EN BOITE CARTON;;00145232;13118220025568;23118220025565;;GENERALE DE DECOUPAGE
Acce1060025;3118220025578;PAIRE DE PLAQUETTES REMPLACEMENT KAKI CAC EN SACHET PLASTIQU;;00175372;13118220025575;23118220025572;;GENERALE DE DECOUPAGE
10300027;3118220025615;COFFRET BOIS 4 COUTEAUX STEAK EXPRESSION MANCHE OLIVIER;;00122949;13118220025612;23118220025619;;GUANGWEI HOUSEHOLD PRODUCTS LIMITED (EX DIAMOND TRACK)
Acce1060026;3118220025639;MOLLE CLIP AVEC VISSERIE EN SACHET PLASTIQUE;;00175372;13118220025636;23118220025633;;GENERALE DE DECOUPAGE
Comp0740074;3118220025653;PLEXIGLASS VITRINE 1300 COUTEAUX XS OU COUVERTS;;00076609;13118220025650;23118220025657;;AOT
30020306;3118220025660;M16 ACIDULE BEE JAUNE CUMIN 7752C BTE LAGUIOLE;;00083973;13118220025667;23118220025664;;SCHNEIDER CONSUMER ASIA (ex ADMEA HOME TECH)
30020307;3118220025677;M16 ACIDULE BEE VERT OLIVE 5763C BTE LAGUIOLE;;00166346;13118220025674;23118220025671;;JIEYANG HONGXING STAINLESS STEEL PRODUCTS MANUFACTORY (HX)
30020308;3118220025684;M16 ACIDULE BEE TURQUOISE 7715C BTE LAGUIOLE;;00169477;13118220025681;23118220025688;;JIEYANG HONGXING STAINLESS STEEL PRODUCTS MANUFACTORY (HX)
30020309;3118220025691;M16 ACIDULE BEE BLEU MYRTILLE 7687C BTE LAGUIOLE;;00083973;13118220025698;23118220025695;;SCHNEIDER CONSUMER ASIA (ex ADMEA HOME TECH)
30020311;3118220025714;M16 ACIDULE BEE ROUGE COQUELICOT RED032 BTE LAGUIOLE;;00091816;13118220025711;23118220025718;;SCHNEIDER CONSUMER ASIA (ex ADMEA HOME TECH)
Acce1060027;3118220025943;COUVERT CUSTOM CUILLERE FORKS INOX POLI CAC EN SACHET PLASTI;;00163620;13118220025940;23118220025947;;GENERALE DE DECOUPAGE
Comp0740079;3118220025967;VITRINE 1300 COUTEAUX XS (POUR BARRE DE FORCE);;00076527;13118220025964;23118220025961;;GENERALE DE DECOUPAGE
10500011;3118220026216;ENSEMBLE COUTEAU LE PATRIOTE AVEC ETUI ET ACCESSOIRES;;00133446;13118220026213;23118220026210;;GENERALE DE DECOUPAGE
30050029;3118220026131;M16 SENS BOIS D'OLIVIER EN BOITE LAGUIOLE;;00150068;13118220026138;23118220026135;;GUANGWEI HOUSEHOLD PRODUCTS LIMITED (EX DIAMOND TRACK)
Comp0100005;3118220026209;COFFRET BOIS VIDE 6 STEAK LAGUIOLE, EXPRESSION/HERITAGE/SENS;;00122949;13118220026206;23118220026203;;GUANGWEI HOUSEHOLD PRODUCTS LIMITED (EX DIAMOND TRACK)
11050002;3118220026230;OFFICE FURTIF PANACHE 3 COULEURS;;00146479;13118220026237;23118220026234;;JIEYANG HONGXING STAINLESS STEEL PRODUCTS MANUFACTORY (HX)
11050004;3118220026254;STEAK FURTIF PANACHE 3 COULEURS;;00150076;13118220026251;23118220026258;;JIEYANG HONGXING STAINLESS STEEL PRODUCTS MANUFACTORY (HX)
10320026;3118220026308;EPLUCHEUR LUXE ADFLEX COULEURS PANACHEES + SLEEVE;;00111536;13118220026305;23118220026302;;GENERALE DE DECOUPAGE
10320027;3118220026315;OFFICE LUXE ADFLEX COULEURS PANACHEES + SLEEVE;;00108135;13118220026312;23118220026319;;GENERALE DE DECOUPAGE
10320028;3118220026322;STEAK LUXE ADFLEX COULEURS PANACHEES + SLEEVE;;00108135;13118220026329;23118220026326;;GENERALE DE DECOUPAGE
10070012;3118220026339;BLOC 5 COUTEAUX FURTIF CLASSIC LAME NOIRE MANCHE NOIR;;00107580;13118220026336;23118220026333;;GENERALE DE DECOUPAGE
10890001;3118220026384;TARTINEUR ECORCE + GENCOD;;00150073;13118220026381;23118220026388;;JIEYANG CITY WANXIN HARDWARE PRODUCTS CO LTD (WX)
Comp0020009;3118220026391;BOITE VIDE LAGUIOLE HERITAGE POUR M16 ACIDULE;;00147927;13118220026398;23118220026395;;JIEYANG CITY WANXIN HARDWARE PRODUCTS CO LTD (WX)
Acce1060029;3118220026414;ETUI TEXTILE NOIR CAC EN SACHET PLASTIQUE;;00158875;13118220026411;23118220026418;;GENERALE DE DECOUPAGE
20710005;3118220026421;M24 GRAND SIECLE EN BOITE TB COLLECTION;;00117750;13118220026428;23118220026425;;JIEYANG CITY WANXIN HARDWARE PRODUCTS CO LTD (WX)
21390001;3118220026445;M16 BAMBOU EN BOITE TB COLLECTION;;00120938;13118220026442;23118220026449;;JIEYANG CITY WANXIN HARDWARE PRODUCTS CO LTD (WX)
21390002;3118220026452;COUTEAU BAMBOU + GENCOD;;00120938;13118220026459;23118220026456;;JIEYANG CITY WANXIN HARDWARE PRODUCTS CO LTD (WX)
21390003;3118220026469;FOURCHETTE BAMBOU + GENCOD;;00120938;13118220026466;23118220026463;;JIEYANG CITY WANXIN HARDWARE PRODUCTS CO LTD (WX)
21390004;3118220026476;CUILLERE BAMBOU + GENCOD;;00120938;13118220026473;23118220026470;;JIEYANG CITY WANXIN HARDWARE PRODUCTS CO LTD (WX)
21390005;3118220026483;CAFE BAMBOU + GENCOD;;00120938;13118220026480;23118220026487;;JIEYANG CITY WANXIN HARDWARE PRODUCTS CO LTD (WX)
11410001;3118220026544;CHEF 19CM LOUIS EN BOITE RETAIL;;00162672;13118220026541;23118220026548;;GENERALE DE DECOUPAGE
11410002;3118220026551;SANTOKU 18CM LOUIS EN BOITE RETAIL;;00137907;13118220026558;23118220026555;;GENERALE DE DECOUPAGE
11410003;3118220026568;CUISINE 17CM LOUIS EN BOITE;;00128891;13118220026565;23118220026562;;GENERALE DE DECOUPAGE
11410004;3118220026575;STEAK 11CM LOUIS EN BOITE RETAIL;;00137907;13118220026572;23118220026579;;GENERALE DE DECOUPAGE
11410005;3118220026582;OFFICE 9CM LOUIS EN BOITE RETAIL;;00162672;13118220026589;23118220026586;;GENERALE DE DECOUPAGE
11410006;3118220026599;POLYVALENT MICRODENTE 11CM LOUIS EN BOITE RETAIL;;00077650;13118220026596;23118220026593;;GENERALE DE DECOUPAGE
30020312;3118220026605;CUILLERE MOKA ACIDULE 12 CM ORANGE 1655C;;00088554;13118220026602;23118220026609;;SCHNEIDER CONSUMER ASIA (ex ADMEA HOME TECH)
10500012;3118220026612;COUTEAU BIVOUAC ET COUVERTS EN SACHET PLASTIQUE;;00075740;13118220026619;23118220026616;;GENERALE DE DECOUPAGE
20560002;3118220026667;COUTEAU SELECT;;00082489;13118220026664;23118220026661;;SCHNEIDER CONSUMER ASIA (ex ADMEA HOME TECH)
20560003;3118220026674;FOURCHETTE SELECT;;00082489;13118220026671;23118220026678;;SCHNEIDER CONSUMER ASIA (ex ADMEA HOME TECH)
20560004;3118220026681;CUILLERE SELECT;;00082489;13118220026688;23118220026685;;SCHNEIDER CONSUMER ASIA (ex ADMEA HOME TECH)
20560005;3118220026698;CAFE SELECT;;00082489;13118220026695;23118220026692;;SCHNEIDER CONSUMER ASIA (ex ADMEA HOME TECH)
20560006;3118220026704;MOKA SELECT;;00082489;13118220026701;23118220026708;;SCHNEIDER CONSUMER ASIA (ex ADMEA HOME TECH)
21420001;3118220026711;COUTEAU PALACE 18/10;;00082489;13118220026718;23118220026715;;SCHNEIDER CONSUMER ASIA (ex ADMEA HOME TECH)
21420002;3118220026728;FOURCHETTE PALACE 18/10;;00082489;13118220026725;23118220026722;;SCHNEIDER CONSUMER ASIA (ex ADMEA HOME TECH)
21420003;3118220026735;CUILLERE PALACE 18/10;;00082489;13118220026732;23118220026739;;SCHNEIDER CONSUMER ASIA (ex ADMEA HOME TECH)
21420004;3118220026742;CAFE PALACE 18/10;;00082489;13118220026749;23118220026746;;SCHNEIDER CONSUMER ASIA (ex ADMEA HOME TECH)
21430001;3118220026759;COUTEAU CAPITOL EN BOITE PEGBOARDABLE;;00112218;13118220026756;23118220026753;;JIEYANG CITY WANXIN HARDWARE PRODUCTS CO LTD (WX)
21430002;3118220026766;FOURCHETTE CAPITOL 18/0 EN BOITE PEGBOARDABLE;;00154555;13118220026763;23118220026760;;JIEYANG CITY WANXIN HARDWARE PRODUCTS CO LTD (WX)
21430003;3118220026773;CUILLERE CAPITOL 18/0 EN BOITE PEGBOARDABLE;;00112218;13118220026770;23118220026777;;JIEYANG CITY WANXIN HARDWARE PRODUCTS CO LTD (WX)
21430004;3118220026780;CAFE CAPITOL 18/0 EN BOITE PEGBOARDABLE;;00154555;13118220026787;23118220026784;;JIEYANG CITY WANXIN HARDWARE PRODUCTS CO LTD (WX)
21430005;3118220026797;COUTEAU STEAK CAPITOL 18/0 EN BOITE PEGBOARDABLE;;00131943;13118220026794;23118220026791;;JIEYANG CITY WANXIN HARDWARE PRODUCTS CO LTD (WX)
21430006;3118220026803;COUTEAU DESSERT CAPITOL 18/0 EN BOITE PEGBOARDABLE;;00112218;13118220026800;23118220026807;;JIEYANG CITY WANXIN HARDWARE PRODUCTS CO LTD (WX)
21430008;3118220026827;CUILLERE DESSERT CAPITOL 18/0 EN BOITE PEGBOARDABLE;;00131943;13118220026824;23118220026821;;JIEYANG CITY WANXIN HARDWARE PRODUCTS CO LTD (WX)
21430009;3118220026834;COUTEAU POISSON CAPITOL 18/0 EN BOITE PEGBOARDABLE;;00112218;13118220026831;23118220026838;;JIEYANG CITY WANXIN HARDWARE PRODUCTS CO LTD (WX)
21430010;3118220026841;FOURCHETTE POISSON CAPITOL 18/0 EN BOITE PEGBOARDABLE;;00112218;13118220026848;23118220026845;;JIEYANG CITY WANXIN HARDWARE PRODUCTS CO LTD (WX)
21430011;3118220026858;FOURCHETTE HUITRE CAPITOL 18/0 EN BOITE PEGBOARDABLE;;00112218;13118220026855;23118220026852;;JIEYANG CITY WANXIN HARDWARE PRODUCTS CO LTD (WX)
21140007;3118220026872;FOURCHETTE PALMA 18/10;;00105356;13118220026879;23118220026876;;JIEYANG CITY WANXIN HARDWARE PRODUCTS CO LTD (WX)
21140009;3118220026896;CAFE PALMA 18/10;;00082489;13118220026893;23118220026890;;SCHNEIDER CONSUMER ASIA (ex ADMEA HOME TECH)
21440001;3118220026902;COUTEAU GUINGUETTE EN BOITE PEGB TB COLLECTION;;00151554;13118220026909;23118220026906;;JIEYANG CITY WANXIN HARDWARE PRODUCTS CO LTD (WX)
21440002;3118220026919;FOURCHETTE  GUINGUETTE EN BOITE PEGB TB COLLECTION;;00150073;13118220026916;23118220026913;;JIEYANG CITY WANXIN HARDWARE PRODUCTS CO LTD (WX)
21440003;3118220026926;CUILLERE  GUINGUETTE EN BOITE PEGB TB COLLECTION;;00112218;13118220026923;23118220026920;;JIEYANG CITY WANXIN HARDWARE PRODUCTS CO LTD (WX)
21440004;3118220026933;CAFE GUINGUETTE EN BOITE PEGB TB COLLECTION;;00151554;13118220026930;23118220026937;;JIEYANG CITY WANXIN HARDWARE PRODUCTS CO LTD (WX)
21450001;3118220026940;COUTEAU RIVAGE EN BOITE PEGBOARDABLE;;00132126;13118220026947;23118220026944;;JIEYANG CITY WANXIN HARDWARE PRODUCTS CO LTD (WX)
21450002;3118220026957;FOURCHETTE RIVAGE EN BOITE PEGBOARDABLE;;00168237;13118220026954;23118220026951;;NOSKI
21450003;3118220026964;CUILLERE RIVAGE EN BOITE PEGBOARDABLE;;00168237;13118220026961;23118220026968;;NOSKI
21450004;3118220026971;CAFE RIVAGE EN BOITE PEGBOARDABLE;;00168237;13118220026978;23118220026975;;NOSKI
21450005;3118220026988;COUTEAU STEAK RIVAGE EN BOITE PEGBOARDABLE;;00168237;13118220026985;23118220026982;;NOSKI
21450006;3118220026995;COUTEAU DESSERT RIVAGE EN BOITE PEGBOARDABLE;;00082489;13118220026992;23118220026999;;SCHNEIDER CONSUMER ASIA (ex ADMEA HOME TECH)
21450007;3118220027008;FOURCHETTE DESSERT RIVAGE EN BOITE PEGBOARDABLE;;00154555;13118220027005;23118220027002;;JIEYANG CITY WANXIN HARDWARE PRODUCTS CO LTD (WX)
21450008;3118220027015;CUILLERE DESSERT RIVAGE EN BOITE PEGBOARDABLE;;00168237;13118220027012;23118220027019;;NOSKI
21460001;3118220027022;COUTEAU FUSEAU EN BOITE PEGBOARDABLE;;00151554;13118220027029;23118220027026;;JIEYANG CITY WANXIN HARDWARE PRODUCTS CO LTD (WX)
21460002;3118220027039;FOURCHETTE FUSEAU EN BOITE PEGBOARDABLE;;00151554;13118220027036;23118220027033;;JIEYANG CITY WANXIN HARDWARE PRODUCTS CO LTD (WX)
21460003;3118220027046;CUILLERE FUSEAU EN BOITE PEGBOARDABLE;;00082489;13118220027043;23118220027040;;SCHNEIDER CONSUMER ASIA (ex ADMEA HOME TECH)
21460004;3118220027053;CAFE FUSEAU EN BOITE PEGBOARDABLE;;00151554;13118220027050;23118220027057;;JIEYANG CITY WANXIN HARDWARE PRODUCTS CO LTD (WX)
21460005;3118220027060;COUTEAU DESSERT FUSEAU EN BOITE PEGBOARDABLE;;00168929;13118220027067;23118220027064;;NOSKI
21460006;3118220027077;FOURCHETTE DESSERT FUSEAU EN BOITE PEGBOARDABLE;;00151554;13118220027074;23118220027071;;JIEYANG CITY WANXIN HARDWARE PRODUCTS CO LTD (WX)
21460007;3118220027084;CUILLERE DESSERT FUSEAU EN BOITE PEGBOARDABLE;;00150073;13118220027081;23118220027088;;JIEYANG CITY WANXIN HARDWARE PRODUCTS CO LTD (WX)
21460008;3118220027091;FOURCHETTE TAPAS FUSEAU EN BOITE PEGBOARDABLE;;00082489;13118220027098;23118220027095;;SCHNEIDER CONSUMER ASIA (ex ADMEA HOME TECH)
21460009;3118220027107;CUILLERE TAPAS FUSEAU EN BOITE PEGBOARDABLE;;00168929;13118220027104;23118220027101;;NOSKI
41460001;3118220027114;TARTINEUR TAPAS FUSEAU EN BOITE PEGBOARDABLE;;00168929;13118220027111;23118220027118;;NOSKI
20260003;3118220027121;COUTEAU CURVING FINITION BRILLANTE EN BOITE PEGBOARDABLE;;00112218;13118220027128;23118220027125;;JIEYANG CITY WANXIN HARDWARE PRODUCTS CO LTD (WX)
20260004;3118220027138;FOURCHETTE CURVING FINITION BRILLANTE EN BOITE PEGBOARDABLE;;00169032;13118220027135;23118220027132;;NOSKI
20260005;3118220027145;CUILLERE CURVING FINITION BRILLANTE EN BOITE PEGBOARDABLE;;00112218;13118220027142;23118220027149;;JIEYANG CITY WANXIN HARDWARE PRODUCTS CO LTD (WX)
20260006;3118220027152;CAFE CURVING FINITION BRILLANTE EN BOITE PEGBOARDABLE;;00162318;13118220027159;23118220027156;;JIEYANG CITY WANXIN HARDWARE PRODUCTS CO LTD (WX)
20260007;3118220027169;COUTEAU STEAK CURVING BRILLANT EN BOITE PEGBOARDABLE;;00112218;13118220027166;23118220027163;;JIEYANG CITY WANXIN HARDWARE PRODUCTS CO LTD (WX)
20890006;3118220027176;COUTEAU ECORCE;;00150073;13118220027173;23118220027170;;JIEYANG CITY WANXIN HARDWARE PRODUCTS CO LTD (WX)
20890007;3118220027183;FOURCHETTE ECORCE;;00150073;13118220027180;23118220027187;;JIEYANG CITY WANXIN HARDWARE PRODUCTS CO LTD (WX)
20890008;3118220027190;CUILLERE ECORCE;;00151554;13118220027197;23118220027194;;JIEYANG CITY WANXIN HARDWARE PRODUCTS CO LTD (WX)
20890009;3118220027206;CAFE ECORCE;;00150073;13118220027203;23118220027200;;JIEYANG CITY WANXIN HARDWARE PRODUCTS CO LTD (WX)
21160007;3118220027220;FOURCHETTE IMPERIAL;;00099601;13118220027227;23118220027224;;JIEYANG CITY WANXIN HARDWARE PRODUCTS CO LTD (WX)
21160009;3118220027244;CAFE IMPERIAL;;00099601;13118220027241;23118220027248;;JIEYANG CITY WANXIN HARDWARE PRODUCTS CO LTD (WX)
21470001;3118220027305;COUTEAU PICNIC;;00082447;13118220027302;23118220027309;;SCHNEIDER CONSUMER ASIA (ex ADMEA HOME TECH)
21470002;3118220027329;FOURCHETTE PICNIC;;00082447;13118220027326;23118220027323;;SCHNEIDER CONSUMER ASIA (ex ADMEA HOME TECH)
21470003;3118220027336;CUILLERE PICNIC;;00082447;13118220027333;23118220027330;;SCHNEIDER CONSUMER ASIA (ex ADMEA HOME TECH)
21480001;3118220027374;COUTEAU BASIQUE;;00150073;13118220027371;23118220027378;;JIEYANG CITY WANXIN HARDWARE PRODUCTS CO LTD (WX)
21480002;3118220027381;FOURCHETTE BASIQUE;;00168237;13118220027388;23118220027385;;NOSKI
21480003;3118220027398;CUILLERE BASIQUE;;00168237;13118220027395;23118220027392;;NOSKI
21480004;3118220027404;CAFE BASIQUE;;00168237;13118220027401;23118220027408;;NOSKI
20480003;3118220027411;COUTEAU CLEO;;00154555;13118220027418;23118220027415;;JIEYANG CITY WANXIN HARDWARE PRODUCTS CO LTD (WX)
20480004;3118220027428;FOURCHETTE CLEO;;00150073;13118220027425;23118220027422;;JIEYANG CITY WANXIN HARDWARE PRODUCTS CO LTD (WX)
20480005;3118220027435;CUILLERE CLEO;;00156766;13118220027432;23118220027439;;JIEYANG CITY WANXIN HARDWARE PRODUCTS CO LTD (WX)
20480006;3118220027442;CAFE CLEO;;00150073;13118220027449;23118220027446;;JIEYANG CITY WANXIN HARDWARE PRODUCTS CO LTD (WX)
20200008;3616180847884;LOT DE 2 COUTEAUX KOS (SATINE) SUR CARTE PEGB GENCOD CRF;;00116662;13616180847881;23616180847888;;JIEYANG CITY WANXIN HARDWARE PRODUCTS CO LTD (WX)
20200009;3616180847891;LOT DE 3 FOURCHETTES KOS (SATINE) SUR CARTE PEGB GENCOD CRF;;00090496;13616180847898;23616180847895;;SCHNEIDER CONSUMER ASIA (ex ADMEA HOME TECH)
20200010;3616180847907;LOT DE 3 CUILLERES KOS (SATINE) SUR CARTE PEGB GENCOD CRF;;00105109;13616180847904;23616180847901;;JIEYANG CITY WANXIN HARDWARE PRODUCTS CO LTD (WX)
20200011;3616180847914;LOT DE 3 CAFES KOS (SATINE) SUR CARTE PEGB GENCOD CRF;;00130747;13616180847911;23616180847918;;JIEYANG CITY WANXIN HARDWARE PRODUCTS CO LTD (WX)
10650017;3118220027596;COFFRET BOIS 4 COUTEAUX HECTOR REGLISSE (NOIR) LAME INOX;;00116145;13118220027593;23118220027590;;GENERALE DE DECOUPAGE
Comp1490001;3118220027602;BOITE TB COLLECTION VIDE + FACADE M16 INSERT COULEUR;;00081613;13118220027609;23118220027606;;SCHNEIDER CONSUMER ASIA (ex ADMEA HOME TECH)
10120061;3118220027718;DESOSSER 15 CM POLYMERE TOP CHEF;;00109816;13118220027715;23118220027712;;GENERALE DE DECOUPAGE
10120062;3118220027725;CUISINE 17 CM POLYMERE TOP CHEF;;00109816;13118220027722;23118220027729;;GENERALE DE DECOUPAGE
10120063;3118220027732;CHEF 19 CM POLYMERE TOP CHEF;;00081662;13118220027739;23118220027736;;GENERALE DE DECOUPAGE
10120064;3118220027749;SANTUKO 19 CM POLYMERE TOP CHEF;;00125770;13118220027746;23118220027743;;GENERALE DE DECOUPAGE
10120065;3118220027756;PAIN POLYMERE TOP CHEF;;00109816;13118220027753;23118220027750;;GENERALE DE DECOUPAGE
10120066;3118220027763;STEAK POLYMERE LAME LISSE TOP CHEF;;00109816;13118220027760;23118220027767;;GENERALE DE DECOUPAGE
10120067;3118220027770;STEAK POLYMERE LAME MICRODENTE TOP CHEF;;00109816;13118220027777;23118220027774;;GENERALE DE DECOUPAGE
10120068;3118220027787;OFFICE POLYMERE LAME MICRODENTE TOP CHEF;;00109816;13118220027784;23118220027781;;GENERALE DE DECOUPAGE
10120069;3118220027794;OFFICE POLYMERE LAME LISSE TOP CHEF;;00109816;13118220027791;23118220027798;;GENERALE DE DECOUPAGE
10120070;3118220027800;FILET DE SOLE POLYMERE TOP CHEF;;00109816;13118220027807;23118220027804;;GENERALE DE DECOUPAGE
10120071;3118220027817;FILET DE SOLE BOIS STABILISE TOP CHEF;;00109887;13118220027814;23118220027811;;GENERALE DE DECOUPAGE
10120072;3118220027824;OFFICE BOIS STABILISE LAME LISSE TOP CHEF;;00128267;13118220027821;23118220027828;;GENERALE DE DECOUPAGE
10120073;3118220027831;OFFICE BOIS STABILISE LAME MICRODENTE TOP CHEF;;00109887;13118220027838;23118220027835;;GENERALE DE DECOUPAGE
10120074;3118220027848;STEAK BOIS STABILISE LAME MICRODENTE TOP CHEF;;00109887;13118220027845;23118220027842;;GENERALE DE DECOUPAGE
10120075;3118220027855;STEAK BOIS STABILISE LAME LISSE TOP CHEF;;00128267;13118220027852;23118220027859;;GENERALE DE DECOUPAGE
10120076;3118220027862;PAIN BOIS STABILISE TOP CHEF;;00128267;13118220027869;23118220027866;;GENERALE DE DECOUPAGE
10120077;3118220027879;SANTOKU 19 CM BOIS STABILISE TOP CHEF;;00128267;13118220027876;23118220027873;;GENERALE DE DECOUPAGE
10120078;3118220027886;CHEF 19 CM BOIS STABILISE TOP CHEF;;00109887;13118220027883;23118220027880;;GENERALE DE DECOUPAGE
10120079;3118220027893;CUISINE 17 CM BOIS STABILISE TOP CHEF;;00109887;13118220027890;23118220027897;;GENERALE DE DECOUPAGE
10120080;3118220027909;DESOSSER 15 CM BOIS STABILISE TOP CHEF;;00109887;13118220027906;23118220027903;;GENERALE DE DECOUPAGE
10120081;3118220027916;EPLUCHEUR ADFLEX LAME LISSE TOP CHEF;;00109888;13118220027913;23118220027910;;GENERALE DE DECOUPAGE
10120086;3118220027961;EPLUCHEUR OLIVIER LAME LISSE TOP CHEF;;00109888;13118220027968;23118220027965;;GENERALE DE DECOUPAGE
10120087;3118220027978;STEAK OLIVIER LAME MICRODENTE TOP CHEF;;00109888;13118220027975;23118220027972;;GENERALE DE DECOUPAGE
10120088;3118220027985;OFFICE OLIVIER BEC D'OISEAU TOP CHEF;;00109888;13118220027982;23118220027989;;GENERALE DE DECOUPAGE
10120089;3118220027992;OFFICE PRO TOP CHEF;;00109888;13118220027999;23118220027996;;GENERALE DE DECOUPAGE
10120090;3118220028005;STEAK PRO TOP CHEF;;00109888;13118220028002;23118220028009;;GENERALE DE DECOUPAGE
11000014;3118220028333;OFFICE CERAMIQUE SILICONE LAME BLANCHE TOP CHEF;;00151549;13118220028330;23118220028337;;DONGGUAN SURPASS STRUCTURE CERAMIC (EX SHENZHEN)
11000015;3118220028340;STEAK CERAMIQUE SILICONE LAME BLANCHE TOP CHEF;;00112492;13118220028347;23118220028344;;DONGGUAN SURPASS STRUCTURE CERAMIC (EX SHENZHEN)
11000016;3118220028357;CUISINE CERAMIQUE SILICONE LAME BLANCHE TOP CHEF;;00147926;13118220028354;23118220028351;;DONGGUAN SURPASS STRUCTURE CERAMIC (EX SHENZHEN)
11000017;3118220028364;SANTOKU  CERAMIQUE SILICONE LAME BLANCHE TOP CHEF;;00147926;13118220028361;23118220028368;;DONGGUAN SURPASS STRUCTURE CERAMIC (EX SHENZHEN)
Comp1000005;3118220033504;MANCHE PM SILICONE GRIS COOL GRAY 9C POUR CERAMIQUE;;00151736;13118220033501;23118220033508;;JIT GLOBAL LOGISTICS SUPPLY CHAIN CO. LIMITED-EX SMART IRON
Comp1000006;3118220033511;MANCHE GM SILICONE GRIS COOL GRAY 9C POUR CERAMIQUE;;00151172;13118220033518;23118220033515;;JIT GLOBAL LOGISTICS SUPPLY CHAIN CO. LIMITED-EX SMART IRON
10390001;3491955370688;OFFICE METAL TRANSITION GIFI;;00077470;13491955370685;23491955370682;;GENERALE DE DECOUPAGE
10390002;3491955370664;CUISINE LAME 19 METAL TRANSITION GIFI;;00077470;13491955370661;23491955370668;;GENERALE DE DECOUPAGE
10390003;3491955370657;CHEF SANTOKU METAL TRANSITION GIFI;;00077470;13491955370654;23491955370651;;GENERALE DE DECOUPAGE
11060059;3118220028531;CAC LAME LISSE MANCHE PA6 FV JAUNE FLUORESCENT EN BOITE TECH;;00149975;13118220028538;23118220028535;;GENERALE DE DECOUPAGE
11060060;3118220028548;CAC LAME LISSE MANCHE PA6 FV KAKI EN BOITE TECHNIQUE;;00162170;13118220028545;23118220028542;;GENERALE DE DECOUPAGE
11060061;3118220028555;CAC LAME LISSE MANCHE PA6 FV NOIR EN BOITE TECHNIQUE;;00165522;13118220028552;23118220028559;;GENERALE DE DECOUPAGE
Acce0610001;3118220028623;AIGUISEUR DOUBLE DIAMANT SOUS BLISTER TOP CHEF;;00165064;13118220028620;23118220028627;;AOYAM KITCHEN (ZHONGSHAN) CO., LTD - EX HIAMEA
10650023;3118220028630;TUBO DE 6 STEAKS HECTOR COUL PANACHE;;00155303;13118220028637;23118220028634;;GENERALE DE DECOUPAGE
Comp0740083;3118220028647;BAC 6 COMPARTIMENTS;;00116371;13118220028644;23118220028641;;GENERALE DE DECOUPAGE
10500013;3118220028654;LAG FERMANT TRADITION LAME 10CM BOIS NATUREL EN BOITE VPC;;00125962;13118220028651;23118220028658;;GUANGWEI HOUSEHOLD PRODUCTS LIMITED (EX DIAMOND TRACK)
21312132;3118220028678;COUTEAU CHEVRON REVÊTEMENT PVD + GENCOD;;00117750;13118220028675;23118220028672;;JIEYANG CITY WANXIN HARDWARE PRODUCTS CO LTD (WX)
21312133;3118220028685;FOURCHETTE CHEVRON REVÊTEMENT PVD + GENCOD;;00138842;13118220028682;23118220028689;;JIEYANG CITY WANXIN HARDWARE PRODUCTS CO LTD (WX)
21312134;3118220028692;CUILLERE CHEVRON REVÊTEMENT PVD + GENCOD;;00117750;13118220028699;23118220028696;;JIEYANG CITY WANXIN HARDWARE PRODUCTS CO LTD (WX)
21312135;3118220028708;CAFE CHEVRON REVÊTEMENT PVD + GENCOD;;00138842;13118220028705;23118220028702;;JIEYANG CITY WANXIN HARDWARE PRODUCTS CO LTD (WX)
Comp1230005;3118220028715;BOITE VIDE LAGUIOLE HERITAGE POUR M16 ACIDULE;;00146361;13118220028712;23118220028719;;JIEYANG CITY WANXIN HARDWARE PRODUCTS CO LTD (WX)
10120095;3118220028739;COFFRET 3 CTX (OFFICE, SANTOKU , CUISINE 20) MAESTRO;;00180145;13118220028736;23118220028733;;GENERALE DE DECOUPAGE
10120096;3118220028746;COFFRET 3 CTX OFFICE,TRANCHELARD 15,CUISINE 20 MAESTRO;;00171850;13118220028743;23118220028740;;GENERALE DE DECOUPAGE
11410007;3118220028753;COFFRET 3 COUTEAUX (OFFICE, SANTOKU , CHEF) LOUIS;;00134113;13118220028750;23118220028757;;GENERALE DE DECOUPAGE
10650024;3118220028821;COFFRET BOIS 4 COUTEAUX HECTOR BLANC GLACIER LAME INOX;;00155303;13118220028828;23118220028825;;GENERALE DE DECOUPAGE
10120103;3118220028838;OFFICE 10CM FORGE MAESTRO EN BOITE RETAIL TOP CHEF;;00122980;13118220028835;23118220028832;;GENERALE DE DECOUPAGE
10120104;3118220028845;STEAK 13 CM FORGE MAESTRO EN BOITE RETAIL  TOP CHEF;;00105548;13118220028842;23118220028849;;GENERALE DE DECOUPAGE
10120105;3118220028852;DESOSSER 15 CM FORGE MAESTRO EN BOITE RETAIL  TOP CHEF;;00122980;13118220028859;23118220028856;;GENERALE DE DECOUPAGE
10120106;3118220028869;FILET DE SOLE 16 CM FORGE MAESTRO EN BOITE RETAIL  TOP CHEF;;00155811;13118220028866;23118220028863;;GENERALE DE DECOUPAGE
10120107;3118220028876;CUISINE 15 CM FORGE MAESTRO EN BOITE RETAIL  TOP CHEF;;00155811;13118220028873;23118220028870;;GENERALE DE DECOUPAGE
10120108;3118220028883;CUISINE 20 CM FORGE MAESTRO EN BOITE RETAIL  TOP CHEF;;00123133;13118220028880;23118220028887;;GENERALE DE DECOUPAGE
10120112;3118220028920;YATAGAN 22 CM FORGE MAESTRO EN BOITE RETAIL  TOP CHEF;;00082063;13118220028927;23118220028924;;GENERALE DE DECOUPAGE
10120113;3118220028937;SANTOKU  18 CM FORGE MAESTRO EN BOITE RETAIL  TOP CHEF;;00175350;13118220028934;23118220028931;;GENERALE DE DECOUPAGE
Comp0960001;3118220028944;COFFRET OLIVIER 4 CTX AUGUSTE+ STICKER;;00148382;13118220028941;23118220028948;;GENERALE DE DECOUPAGE
Comp0650001;3118220028951;COFFRET OLIVIER 4 CTX HECTOR + STICKER;;00150089;13118220028958;23118220028955;;GENERALE DE DECOUPAGE
Comp0850006;3118220028999;ETIQ THERM 30 X 15 3 ETIQ DE FRONT;;00098692;;;;COLUMBIA FRANCE SARL
10120114;3118220029002;BLOC BOIS CARRE PIED METAL 5 COUTEAUX MAESTRO IDEAL + FUSIL;;00077794;13118220029009;23118220029006;;GENERALE DE DECOUPAGE
10010192;3250392858278;COFFRET 3 COUTEAUX STEAK CERAMIQUE LAME BLANCHE DOMEDIA;;00133451;13250392858275;23250392858272;;DONGGUAN SURPASS STRUCTURE CERAMIC (EX SHENZHEN)
Comp0740087;3118220029019;PORTE VERRE 1000 INCLINE PROF 500 DRLX;;00096578;13118220029016;23118220029013;;GENERALE DE DECOUPAGE
20200012;3616181493783;COFFRET 6 CAFES KOS (TOSCANE) SATINE CRF;;00080471;13616181493780;23616181493787;;SCHNEIDER CONSUMER ASIA (ex ADMEA HOME TECH)
21520001;3118220029132;M16 LAGUIOLE INTUITION BRILLANT EN BOITE LAGUIOLE;;00160868;13118220029139;23118220029136;;JIEYANG HONGXING STAINLESS STEEL PRODUCTS MANUFACTORY (HX)
21520002;3118220029149;M16 LAGUIOLE INTUITION SATINE EN BOITE LAGUIOLE;;00173654;13118220029146;23118220029143;;JIEYANG HONGXING STAINLESS STEEL PRODUCTS MANUFACTORY (HX)
21520003;3118220029156;COUTEAU LAGUIOLE INTUITION BRILLANT + GENCOD;;00173654;13118220029153;23118220029150;;JIEYANG HONGXING STAINLESS STEEL PRODUCTS MANUFACTORY (HX)
21520004;3118220029163;FOURCHETTE LAGUIOLE INTUITION BRILLANT + GENCOD;;00173654;13118220029160;23118220029167;;JIEYANG HONGXING STAINLESS STEEL PRODUCTS MANUFACTORY (HX)
21520005;3118220029170;CUILLERE LAGUIOLE INTUITION BRILLANT + GENCOD;;00173654;13118220029177;23118220029174;;JIEYANG HONGXING STAINLESS STEEL PRODUCTS MANUFACTORY (HX)
21520006;3118220029187;CAFE LAGUIOLE INTUITION BRILLANT + GENCOD;;00179392;13118220029184;23118220029181;;NOSKI
21520007;3118220029194;COUTEAU LAGUIOLE INTUITION SATINE + GENCOD;;00173654;13118220029191;23118220029198;;JIEYANG HONGXING STAINLESS STEEL PRODUCTS MANUFACTORY (HX)
21520008;3118220029200;FOURCHETTE LAGUIOLE INTUITION SATINE + GENCOD;;00158595;13118220029207;23118220029204;;JIEYANG HONGXING STAINLESS STEEL PRODUCTS MANUFACTORY (HX)
21520009;3118220029217;CUILLERE LAGUIOLE INTUITION SATINE + GENCOD;;00179392;13118220029214;23118220029211;;NOSKI
21520010;3118220029224;CAFE LAGUIOLE INTUITION SATINE + GENCOD;;00179392;13118220029221;23118220029228;;NOSKI
Acce1060033;3118220029231;HOUSSE CAMOUFLAGE;;00114984;13118220029238;23118220029235;;GENERALE DE DECOUPAGE
10120115;3118220029279;COUTEAU TOMATE CRANTE FORGE MAESTRO IDEAL BERLINGOT TOP CHEF;;00119540;13118220029276;23118220029273;;GENERALE DE DECOUPAGE
10120116;3118220029286;TRANCHELARD 20CM FORGE MAESTRO IDEAL EN BERLINGOT TOP CHEF;;00105548;13118220029283;23118220029280;;GENERALE DE DECOUPAGE
10120117;3118220029293;PAIN FORGE MAESTRO IDEAL EN BERLINGOT TOP CHEF;;00105548;13118220029290;23118220029297;;GENERALE DE DECOUPAGE
40840001;3118220029309;LOT 6 CURETTE HOMARD SCOTCHE BBROUGE MADE IN FR VRAC+GENCOD;;00161113;13118220029306;23118220029303;;ETS MOREL
40840002;3118220029316;LOT 6 FTTE HUITRE INOX SCOTCH BBR MADE IN FRANCE VRAC+GENCOD;;00161114;13118220029313;23118220029310;;ETS MOREL
11060062;3118220029330;COUTEAU S-NECK AVEC ETUI ET ACCESSOIRES;;00159877;13118220029337;23118220029334;;GENERALE DE DECOUPAGE
11060063;3118220029347;COUTEAU FERMANT UNBOXER NOIR BLEUTE EN TUBE TELESCOPIQUE;;00128082;13118220029344;23118220029341;;GENERALE DE DECOUPAGE
11060064;3118220029354;COUTEAU FERMANT UNBOXER VERT FONCE EN TUBE TELESCOPIQUE;;00128067;13118220029351;23118220029358;;GENERALE DE DECOUPAGE
11060065;3118220029361;COUTEAU FERMANT UNBOXER ROUGE FONCE EN TUBE TELESCOPIQUE;;00128067;13118220029368;23118220029365;;GENERALE DE DECOUPAGE
11060068;3118220029392;PLV COMPTOIR 9 COUTEAUX FERMANT UNBOXER ROUGE FONCE;;00128067;13118220029399;23118220029396;;GENERALE DE DECOUPAGE
11060069;3118220029408;KIT 9 COUTEAUX UNBOXER PANACHE NOIR/ROUGE/VERT PLV COMPTOIR;;00128067;13118220029405;23118220029402;;GENERALE DE DECOUPAGE
Acce1060034;3118220029415;"BRACELET SURVIE ALLUME FEU ""FLAMING LIZZARD"", COYOTE BROW, M";;00133604;13118220029412;23118220029419;;GENERALE DE DECOUPAGE
Acce1060035;3118220029422;"BRACELET SURVIE ALLUME FEU ""FLAMING LIZZARD"", COYOTE BROW, L";;00133604;13118220029429;23118220029426;;GENERALE DE DECOUPAGE
Acce1060036;3118220029439;"BRACELET DE SURVIE ALLUME FEU ""FLAMING LIZZARD"", BLACK, M";;00133604;13118220029436;23118220029433;;GENERALE DE DECOUPAGE
Acce1060037;3118220029446;"BRACELET DE SURVIE ALLUME FEU ""FLAMING LIZZARD"", BLACK, L";;00133604;13118220029443;23118220029440;;GENERALE DE DECOUPAGE
Acce1060038;3118220029453;CORDON SPIRALE A OUVERTURE RAPIDE, COYOTE BROWN;;00133604;13118220029450;23118220029457;;GENERALE DE DECOUPAGE
Acce1060039;3118220029460;CORDON SPIRALE A OUVERTURE RAPIDE, BLACK;;00121041;13118220029467;23118220029464;;GENERALE DE DECOUPAGE
Acce1060040;3118220029477;CORDON SPIRALE A OUVERTURE RAPIDE, VETERAN;;00079000;13118220029474;23118220029471;;GENERALE DE DECOUPAGE
Acce1060041;3118220029484;"CORDON ""THE MUMMY"", ARMY GREEN";;00133604;13118220029481;23118220029488;;GENERALE DE DECOUPAGE
Acce1060042;3118220029491;"CORDON ""THE MUMMY"", BLACK";;00133604;13118220029498;23118220029495;;GENERALE DE DECOUPAGE
Acce1060043;3118220029507;"CORDON ""SCROLL"", COYOTE BROWN";;00121041;13118220029504;23118220029501;;GENERALE DE DECOUPAGE
Acce1060044;3118220029514;"CORDON ""SCROLL"", BLACK";;00084381;13118220029511;23118220029518;;GENERALE DE DECOUPAGE
Acce1060045;3118220029521;"CORDON ""LOOPY SNAKE"", BLACK";;00133604;13118220029528;23118220029525;;GENERALE DE DECOUPAGE
Acce1060046;3118220029538;"CORDON ""LOOPY SNAKE"", BLACK AND COYOTE";;00133604;13118220029535;23118220029532;;GENERALE DE DECOUPAGE
Acce1060047;3118220029545;"CORDON ""ZEUS"", BLACK";;00121041;13118220029542;23118220029549;;GENERALE DE DECOUPAGE
Acce1060048;3118220029552;"CORDON ""ZEUS"", VETERAN";;00121041;13118220029559;23118220029556;;GENERALE DE DECOUPAGE
Comp0100006;3118220029569;BOITE VIDE PLATE LAGUIOLE HERITAGE POUR M16 OU M24 LAGUIOLE;;00156709;13118220029566;23118220029563;;JIEYANG HONGXING STAINLESS STEEL PRODUCTS MANUFACTORY (HX)
Comp0740091;3118220029583;ENSEMBLE VISUEL MAGNET MIXTE CVT/CTX 90 CENTRAKOR STA0387;;00087955;13118220029580;23118220029587;;IMPRIMERIE GUIGON
Comp0740092;3118220029774;BROCHE NOIR SIMPLE FOND PERFORE150 Ø8  PE MEME LGR RETAIL;;00106976;13118220029771;23118220029778;;TILT EQUIPEMENT
Cons0850011;3118220033917;VELCRO ADHESIF 20MM BOITE DE 25M BOUCLE ET BOITE 25M CROCHET;;00107444;13118220033914;23118220033911;;SARL PIXC'L VELCRO BY
Comp0750020;3118220029804;ENSEMBLE AFFICHE+KAKEMONO TOP CHEF FRANCAIS 1/4 PALETTE;;00080049;13118220029801;23118220029808;;IMPRIMERIE GUIGON
10120118;3118220030060;OFFICE BEC D'OISEAU FORGE MAESTRO IDEAL BERLINGOT TOP CHEF;;00119540;13118220030067;23118220030064;;GENERALE DE DECOUPAGE
21320002;3118220030107;M16 BAGATELLE REVÊTEMENT PVD MAT BOITE TB COLLECTION;;00137366;13118220030104;23118220030101;;JIEYANG CITY WANXIN HARDWARE PRODUCTS CO LTD (WX)
21320003;3118220030114;M16 BAGATELLE REVÊTEMENT PVD NOIR BRILLANT BTE TB COLLECTION;;00107082;13118220030111;23118220030118;;JIEYANG CITY WANXIN HARDWARE PRODUCTS CO LTD (WX)
21320004;3118220030121;M16 BAGATELLE FINITION POLI MIROIR BOITE TB COLLECTION;;00124991;13118220030128;23118220030125;;JIEYANG CITY WANXIN HARDWARE PRODUCTS CO LTD (WX)
21300002;3118220030176;COUTEAU EMPREINTE + GENCOD;;00176514;13118220030173;23118220030170;;NOSKI
21300003;3118220030183;FOURCHETTE EMPREINTE + GENCOD;;00150073;13118220030180;23118220030187;;JIEYANG CITY WANXIN HARDWARE PRODUCTS CO LTD (WX)
21300004;3118220030190;CUILLERE EMPREINTE + GENCOD;;00176514;13118220030197;23118220030194;;NOSKI
21300005;3118220030206;CAFE EMPREINTE + GENCOD;;00150073;13118220030203;23118220030200;;JIEYANG CITY WANXIN HARDWARE PRODUCTS CO LTD (WX)
10070013;3118220030220;STEAK 11CM FURTIF CLASSIC MANCHE NOIR LAME NOIR SACHET PLAST;;00138321;13118220030227;23118220030224;;GENERALE DE DECOUPAGE
Cons0850013;3118220033924;BAC 600*400*320MM PLIABLE GERBABLE AVEC COUVERCLE;;00105636;13118220033921;23118220033928;;MANUTENTION SERVICE
31260022;3118220030268;M16 COTTAGE NOIR BLACK C BOITE TB COLLECTION;;00150076;13118220030265;23118220030262;;JIEYANG HONGXING STAINLESS STEEL PRODUCTS MANUFACTORY (HX)
31260023;3118220030275;M16 COTTAGE IVOIRE P1013 BOITE TB COLLECTION;;00174711;13118220030272;23118220030279;;JIEYANG HONGXING STAINLESS STEEL PRODUCTS MANUFACTORY (HX)
Cons0850014;3118220033931;BOITE DISTRIBUTRICE FEUILLARD 12 MM + BOUCLES;;00139154;13118220033938;23118220033935;;PLAST'EMBAL
Comp0100007;3118220030282;BOITE LAG HERITAGE VIDE BLEUE+FACADE ROUGE POUR M24 HERITAGE;;00076078;13118220030289;23118220030286;;SCHNEIDER CONSUMER ASIA (ex ADMEA HOME TECH)
20480007;3118220030312;96 MOKA CLEO EN TUBO;;00151554;13118220030319;23118220030316;;JIEYANG CITY WANXIN HARDWARE PRODUCTS CO LTD (WX)
20480008;3118220030329;96 CUILLERES CAFE CLEO EN TUBO TB COLLECTION;;00155572;13118220030326;23118220030323;;JIEYANG CITY WANXIN HARDWARE PRODUCTS CO LTD (WX)
Comp1490004;3118220030336;BOITE TB COLLECTION VIDE + FACADE M16 REVETEMENT PVD FORGE;;00076350;13118220030333;23118220030330;;SCHNEIDER CONSUMER ASIA (ex ADMEA HOME TECH)
21549902;3118220030343;M16 BAGATELLE REVÊTEMENT PVD GOLD MAT BOITE TB COLLECTION;;00124991;13118220030340;23118220030347;;JIEYANG CITY WANXIN HARDWARE PRODUCTS CO LTD (WX)
40840003;3118220030350;ASSIETTE INOX 6 HUITRES MADE IN FRANCE + GENCOD;;00119774;13118220030357;23118220030354;;STELLINOX
20160033;3118220030367;LOT 6 CUILLERES MAZAGRAN OSLO SUR CARTE;;00161343;13118220030364;23118220030361;;JIEYANG CITY WANXIN HARDWARE PRODUCTS CO LTD (WX)
21460010;3118220030381;COUTEAU FUSEAU + GENCOD;;00169032;13118220030388;23118220030385;;NOSKI
21460011;3118220030398;FOURCHETTE FUSEAU + GENCOD;;00169032;13118220030395;23118220030392;;NOSKI
21460012;3118220030404;CUILLERE FUSEAU + GENCOD;;00169032;13118220030401;23118220030408;;NOSKI
21460013;3118220030411;CAFE FUSEAU + GENCOD;;00169032;13118220030418;23118220030415;;NOSKI
21460014;3118220030428;COUTEAU DESSERT FUSEAU + GENCOD;;00168929;13118220030425;23118220030422;;NOSKI
21460015;3118220030435;FOURCHETTE DESSERT FUSEAU + GENCOD;;00150073;13118220030432;23118220030439;;JIEYANG CITY WANXIN HARDWARE PRODUCTS CO LTD (WX)
21460016;3118220030442;CUILLERE DESSERT FUSEAU + GENCOD;;00161059;13118220030449;23118220030446;;JIEYANG CITY WANXIN HARDWARE PRODUCTS CO LTD (WX)
21460017;3118220030459;FOURCHETTE TAPAS FUSEAU + GENCOD;;00168929;13118220030456;23118220030453;;NOSKI
21460018;3118220030466;CUILLERE TAPAS FUSEAU + GENCOD;;00168929;13118220030463;23118220030460;;NOSKI
41460002;3118220030473;TARTINEUR TAPAS FUSEAU + GENCOD;;00168929;13118220030470;23118220030477;;NOSKI
21460019;3118220030480;M24 FUSEAU BOITE TB COLLECTION;;00112218;13118220030487;23118220030484;;JIEYANG CITY WANXIN HARDWARE PRODUCTS CO LTD (WX)
21470007;3118220030503;M24 PICNIC BOITE TB COLLECTION;;00117750;13118220030500;23118220030507;;JIEYANG CITY WANXIN HARDWARE PRODUCTS CO LTD (WX)
Comp0420001;3118220030510;FOND MAGNETIQUE MAESTRO IDEAL VITRINE RETAIL 58*38.5;;00087973;13118220030517;23118220030514;;IMPRIMERIE GUIGON
Comp1410001;3118220030527;FOND MAGNETIQUE LOUIS VITRINE RETAIL 58*38.5;;00087973;13118220030524;23118220030521;;IMPRIMERIE GUIGON
Kit0740010;3118220030534;VITRINE PORTE COUTEAUX RETAIL 58*38.5*6.5 VIDE;;00081436;13118220030531;23118220030538;;GENERALE DE DECOUPAGE
31550001;3118220030541;COUTEAU POINTU INEDIT HANNI MAELISS 2020 P2117C;;00077333;13118220030548;23118220030545;;SCHNEIDER CONSUMER ASIA (ex ADMEA HOME TECH)
31550002;3118220030558;FOURCHETTE INEDIT HANNI MAELISS 2020 P2117C;;00077333;13118220030555;23118220030552;;SCHNEIDER CONSUMER ASIA (ex ADMEA HOME TECH)
31550003;3118220030565;CUILLERE INEDIT HANNI MAELISS 2020 P2117C;;00077333;13118220030562;23118220030569;;SCHNEIDER CONSUMER ASIA (ex ADMEA HOME TECH)
31550004;3118220030572;CAFE INEDIT HANNI MAELISS 2020 P2117C;;00077333;13118220030579;23118220030576;;SCHNEIDER CONSUMER ASIA (ex ADMEA HOME TECH)
40590002;3118220030589;GANT PROTECTEUR A HUITRE EN CUIR MADE IN FRANCE VRAC+GENCOD;;00160897;13118220030586;23118220030583;;LES PETITES PEAUX DE VACHES
11060070;3118220030596;BIVOUAC ET COUVERTS EN SACHET PLASTIQUE + HOUSSE CAMOUFLAGE;;00103888;13118220030593;23118220030590;;GENERALE DE DECOUPAGE
Comp0750023;3118220030626;ENSEMBLE FOREX HAUT+BAS POUR DISPLAY MAREYEUR KIT0750022;;00087911;13118220030623;23118220030620;;IMPRIMERIE GUIGON
Comp0750024;3118220030633;DISPLAY BOIS LE MAREYEUR VIDE;;00160918;13118220030630;23118220030637;;SAS SEIGNOL USINAGE
Comp0590001;3118220030640;CAISSETTE TB COLLLECTION 400*290*140 10KG + COUVERCLE;;00179166;13118220030647;23118220030644;;BYS
10340020;3118220030657;CTX HUITRE BOIS A GARDE MIF VRAC+GENCOD EN BOURRICHE;;00178893;13118220030654;23118220030651;;ETS MOREL
10320029;3118220030664;HUITRE A GARDE PP NOIR MADE IN FRANCE EN BOURRICHE;;00161229;13118220030661;23118220030668;;GENERALE DE DECOUPAGE
40840004;3118220030671;LOT 6 FTTE CRUSTACES INOX SCOTCH BBR MADE IN FRA VRAC+GENCOD;;00161115;13118220030678;23118220030675;;ETS MOREL
40840005;3118220030688;PINCE A HOMARD MADE IN FRANCE GENCOD;;00161097;13118220030685;23118220030682;;ETS MOREL
40840006;3118220030695;SACHET 6 PIC BIGORNEAU COUL PLEINE ASSORTI MIFRA VRAC+GNCOD;;00161107;13118220030692;23118220030699;;ETS MOREL
Cons0850016;3118220030701;FRISURE DE CALAGE;;00148583;13118220030708;23118220030705;;RETIF
31560001;3118220030718;COUTEAU INEDIT CHAT NEGATIF BLACK 6 C VRAC + GENCOD;;00076040;13118220030715;23118220030712;;SCHNEIDER CONSUMER ASIA (ex ADMEA HOME TECH)
31560002;3118220030725;FOURCHETTE INEDIT CHAT NEGATIF BLACK 6 C VRAC + GENCOD;;00076040;13118220030722;23118220030729;;SCHNEIDER CONSUMER ASIA (ex ADMEA HOME TECH)
31560003;3118220030732;CUILLERE INEDIT CHAT NEGATIF BLACK 6 C VRAC + GENCOD;;00076040;13118220030739;23118220030736;;SCHNEIDER CONSUMER ASIA (ex ADMEA HOME TECH)
31560004;3118220030749;CAFE INEDIT CHAT NEGATIF BLACK 6 C VRAC + GENCOD;;00144783;13118220030746;23118220030743;;JIEYANG HONGXING STAINLESS STEEL PRODUCTS MANUFACTORY (HX)
31560005;3118220030756;COUTEAU INEDIT CHAT GRIS 4292C VRAC + GENCOD;;00076040;13118220030753;23118220030750;;SCHNEIDER CONSUMER ASIA (ex ADMEA HOME TECH)
31560006;3118220030763;FOURCHETTE INEDIT CHAT GRIS 4292C VRAC + GENCOD;;00076040;13118220030760;23118220030767;;SCHNEIDER CONSUMER ASIA (ex ADMEA HOME TECH)
31560007;3118220030770;CUILLERE INEDIT CHAT GRIS 4292C VRAC + GENCOD;;00076040;13118220030777;23118220030774;;SCHNEIDER CONSUMER ASIA (ex ADMEA HOME TECH)
31560008;3118220030787;CAFE INEDIT CHAT GRIS 4292C VRAC + GENCOD;;00076040;13118220030784;23118220030781;;SCHNEIDER CONSUMER ASIA (ex ADMEA HOME TECH)
31570001;3118220030794;COUTEAU INEDIT BAMBOU ROUGE 7623C VRAC + GENCOD;;00118080;13118220030791;23118220030798;;JIEYANG HONGXING STAINLESS STEEL PRODUCTS MANUFACTORY (HX)
31570002;3118220030800;FOURCHETTE INEDIT BAMBOU ROUGE 7623C VRAC + GENCOD;;00118080;13118220030807;23118220030804;;JIEYANG HONGXING STAINLESS STEEL PRODUCTS MANUFACTORY (HX)
31570003;3118220030817;CUILLERE INEDIT BAMBOU ROUGE 7623C VRAC + GENCOD;;00118080;13118220030814;23118220030811;;JIEYANG HONGXING STAINLESS STEEL PRODUCTS MANUFACTORY (HX)
31570004;3118220030824;CAFE INEDIT BAMBOU ROUGE 7623C VRAC + GENCOD;;00118080;13118220030821;23118220030828;;JIEYANG HONGXING STAINLESS STEEL PRODUCTS MANUFACTORY (HX)
31570005;3118220030831;COUTEAU INEDIT BAMBOU VERT 3308C VRAC + GENCOD;;00118080;13118220030838;23118220030835;;JIEYANG HONGXING STAINLESS STEEL PRODUCTS MANUFACTORY (HX)
31570006;3118220030848;FOURCHETTE INEDIT BAMBOU VERT 3308C VRAC + GENCOD;;00118080;13118220030845;23118220030842;;JIEYANG HONGXING STAINLESS STEEL PRODUCTS MANUFACTORY (HX)
31570007;3118220030855;CUILLERE INEDIT BAMBOU VERT 3308C VRAC + GENCOD;;00118080;13118220030852;23118220030859;;JIEYANG HONGXING STAINLESS STEEL PRODUCTS MANUFACTORY (HX)
31570008;3118220030862;CAFE INEDIT BAMBOU VERT 3308C VRAC + GENCOD;;00118080;13118220030869;23118220030866;;JIEYANG HONGXING STAINLESS STEEL PRODUCTS MANUFACTORY (HX)
31580001;3118220030879;COUTEAU INEDIT CANNAGE CUMIN 457C VRAC + GENCOD;;00076040;13118220030876;23118220030873;;SCHNEIDER CONSUMER ASIA (ex ADMEA HOME TECH)
31580002;3118220030886;FOURCHETTE INEDIT CANNAGE CUMIN 457C VRAC + GENCOD;;00076040;13118220030883;23118220030880;;SCHNEIDER CONSUMER ASIA (ex ADMEA HOME TECH)
31580003;3118220030893;CUILLERE INEDIT CANNAGE CUMIN 457C VRAC + GENCOD;;00076040;13118220030890;23118220030897;;SCHNEIDER CONSUMER ASIA (ex ADMEA HOME TECH)
31580004;3118220030909;CAFE INEDIT CANNAGE CUMIN 457C VRAC + GENCOD;;00076040;13118220030906;23118220030903;;SCHNEIDER CONSUMER ASIA (ex ADMEA HOME TECH)
31580005;3118220030916;COUTEAU INEDIT CANNAGE ROUGE 7623C VRAC + GENCOD;;00076040;13118220030913;23118220030910;;SCHNEIDER CONSUMER ASIA (ex ADMEA HOME TECH)
31580006;3118220030923;FOURCHETTE INEDIT CANNAGE ROUGE 7623C VRAC + GENCOD;;00076040;13118220030920;23118220030927;;SCHNEIDER CONSUMER ASIA (ex ADMEA HOME TECH)
31580007;3118220030930;CUILLERE INEDIT CANNAGE ROUGE 7623C VRAC + GENCOD;;00076040;13118220030937;23118220030934;;SCHNEIDER CONSUMER ASIA (ex ADMEA HOME TECH)
31580008;3118220030947;CAFE INEDIT CANNAGE ROUGE 7623C VRAC + GENCOD;;00076040;13118220030944;23118220030941;;SCHNEIDER CONSUMER ASIA (ex ADMEA HOME TECH)
Cons0850018;3118220033955;BAC MINERVA GRIS 600*400*200MM GERBABLE AVEC COUVERCLE;;00083890;13118220033952;23118220033959;;SETAM
10120119;3118220030961;COFFRET 3 CTX OFFICE,TRANCH 15,CUISI 20 MAESTRO ID TOP CHEF;;00122980;13118220030968;23118220030965;;GENERALE DE DECOUPAGE
10120120;3118220030978;COFFRET 3 CTX OFFICE,SANTOKU,CUISI 20 MAESTRO IDEAL TOP CHEF;;00123133;13118220030975;23118220030972;;GENERALE DE DECOUPAGE
Comp0020010;3118220030985;COFFRET BOIS VIDE POUR SERVICE A DÉCOUPER 2 PIÈCES ACIDULE;;00076700;13118220030982;23118220030989;;SCHNEIDER CONSUMER ASIA (ex ADMEA HOME TECH)
Comp0020011;3118220030992;COFFRET BOIS VIDE POUR SERVICE A DÉCOUPER 3 PIÈCES ACIDULE;;00076700;13118220030999;23118220030996;;SCHNEIDER CONSUMER ASIA (ex ADMEA HOME TECH)
10120121;3118220031029;TRANCHELARD 15CM FORGE MAESTRO EN BOITE RETAIL  TOP CHEF;;00082521;13118220031026;23118220031026;;GENERALE DE DECOUPAGE
10120122;3118220031036;CUISINE 25CM FORGE MAESTRO SOUS CARTONNETTE TB PRO;;00107628;13118220031033;23118220031030;;GENERALE DE DECOUPAGE
10120123;3118220031043;TRANCHELARD 25CM FORGE MAESTRO SOUS CARTONNETTE TB PRO;;00148732;13118220031040;23118220031047;;GENERALE DE DECOUPAGE
10120124;3118220031050;TRANCHELARD 30CM FORGE MAESTRO SOUS CARTONNETTE TB PRO;;00148732;13118220031057;23118220031054;;GENERALE DE DECOUPAGE
10120125;3118220031067;JAMBON 30CM FORGE MAESTRO SOUS CARTONNETTE TB PRO;;00148732;13118220031064;23118220031061;;GENERALE DE DECOUPAGE
Comp0120001;3118220031074;BOITE RETAIL VIDE POUR COUTEAUX PETITS MODELES;;00146733;13118220031071;23118220031078;;GENERALE DE DECOUPAGE
Comp0120002;3118220031081;BOITE RETAIL VIDE POUR COUTEAUX GRANDS MODELES;;00146733;13118220031088;23118220031085;;GENERALE DE DECOUPAGE
Comp0120003;3118220031098;BOITE RETAIL VIDE POUR COFFRET 3 COUTEAUX;;00137881;13118220031095;23118220031092;;GENERALE DE DECOUPAGE
10100011;3118220031104;BLOC 6 COUTEAUX LAGUIOLE PRODUCTION AMAZON AUTOMNE;;00077530;13118220031101;23118220031108;;SCHNEIDER CONSUMER ASIA (ex ADMEA HOME TECH)
10100012;3118220031111;BLOC 6 COUTEAUX LAGUIOLE PRODUCTION AMAZON HIVER;;00077530;13118220031118;23118220031115;;SCHNEIDER CONSUMER ASIA (ex ADMEA HOME TECH)
10100013;3118220031128;BLOC 6 COUTEAUX LAGUIOLE PRODUCTION  PRINTEMPS;;00077530;13118220031125;23118220031122;;SCHNEIDER CONSUMER ASIA (ex ADMEA HOME TECH)
10100014;3118220031135;BLOC 6 COUTEAUX LAGUIOLE PRODUCTION AMAZON ETE;;00077530;13118220031132;23118220031139;;SCHNEIDER CONSUMER ASIA (ex ADMEA HOME TECH)
30101095;3118220031142;M24 LAGUIOLE PRODUCTION NOIR BLACK 6C;;00112414;13118220031149;23118220031146;;JIEYANG HONGXING STAINLESS STEEL PRODUCTS MANUFACTORY (HX)
30101096;3118220031159;M24 LAGUIOLE PRODUCTION  BLANC RAL 1013;;00077530;13118220031156;23118220031153;;SCHNEIDER CONSUMER ASIA (ex ADMEA HOME TECH)
30101097;3118220031166;M24 LAGUIOLE PRODUCTION  GREY COOL GRAY 5C;;00077530;13118220031163;23118220031160;;SCHNEIDER CONSUMER ASIA (ex ADMEA HOME TECH)
30101098;3118220031173;M24 LAGUIOLE PRODUCTION  NEW ROUGE 3516C;;00077530;13118220031170;23118220031177;;SCHNEIDER CONSUMER ASIA (ex ADMEA HOME TECH)
30101099;3118220031180;M24 LAGUIOLE PRODUCTION ABS AMAZON ASSORTIMENT TRANSPARENT;;00077530;13118220031187;23118220031184;;SCHNEIDER CONSUMER ASIA (ex ADMEA HOME TECH)
30101100;3118220031197;M24 LAGUIOLE PRODUCTION ABS  COULEURS ASSORTIES;;00077530;13118220031194;23118220031191;;SCHNEIDER CONSUMER ASIA (ex ADMEA HOME TECH)
Comp0750025;3118220031210;ENSEMBLE FOREX STA0401 TOP CHEF XL 2 PANNEAUX+CASQUETTE R/V;;00076644;13118220031217;23118220031214;;IMPRIMERIE GUIGON
11060071;3118220031227;Z COUTEAU FERMANT UNBOXER BLACK VINTAGE EN TUBE TELESCOPIQUE;;00077630;13118220031224;23118220031221;;GENERALE DE DECOUPAGE
11060073;3118220031258;ENSEMBLE COUTEAU + ETUI TIOR;;00078591;13118220031255;23118220031252;;GENERALE DE DECOUPAGE
Comp0100008;3118220031265;COUTEAU LAGUIOLE ABS GRIS MARBRE NON GENCODE;;00078463;13118220031262;23118220031269;;SCHNEIDER CONSUMER ASIA (ex ADMEA HOME TECH)
Comp0100009;3118220031272;COUTEAU LAGUIOLE ABS ROUGE MARBRE NON GENCODE;;00078463;13118220031279;23118220031276;;SCHNEIDER CONSUMER ASIA (ex ADMEA HOME TECH)
Comp0100010;3118220031289;COUTEAU LAGUIOLE ABS NOIR MARBRE NON GENCODE;;00078463;13118220031286;23118220031283;;SCHNEIDER CONSUMER ASIA (ex ADMEA HOME TECH)
Comp0100011;3118220031296;COUTEAU LAGUIOLE METAL NON GENCODE;;00078463;13118220031293;23118220031290;;SCHNEIDER CONSUMER ASIA (ex ADMEA HOME TECH)
10100015;3118220031302;COFFRET BOIS  6 COUTEAUX LAGUIOLE ABS NOIR MARBRE;;00078466;13118220031309;23118220031306;;SCHNEIDER CONSUMER ASIA (ex ADMEA HOME TECH)
10100016;3118220031319;COFFRET BOIS  6 COUTEAUX LAGUIOLE ABS GRIS MARBRE;;00078466;13118220031316;23118220031313;;SCHNEIDER CONSUMER ASIA (ex ADMEA HOME TECH)
10100017;3118220031326;COFFRET BOIS  6 COUTEAUX LAGUIOLE ABS ROUGE MARBRE;;00078466;13118220031323;23118220031320;;SCHNEIDER CONSUMER ASIA (ex ADMEA HOME TECH)
10100018;3118220031333;COFFRET BOIS  6 COUTEAUX LAGUIOLE METAL;;00078466;13118220031330;23118220031337;;SCHNEIDER CONSUMER ASIA (ex ADMEA HOME TECH)
Comp0100012;3118220031432;COFFRET BOIS VIDE 6 FOURCHETTES LAGUIOLE SENS;;00078801;13118220031439;23118220031436;;SCHNEIDER CONSUMER ASIA (ex ADMEA HOME TECH)
Comp0100013;3118220031449;COFFRET BOIS VIDE 6 CUILLERES DE TABLE LAGUIOLE SENS;;00078801;13118220031446;23118220031443;;SCHNEIDER CONSUMER ASIA (ex ADMEA HOME TECH)
Comp0100014;3118220031456;COFFRET BOIS VIDE 6 CAFE LAGUIOLE SENS;;00078801;13118220031453;23118220031450;;SCHNEIDER CONSUMER ASIA (ex ADMEA HOME TECH)
Comp0020012;3118220031463;COFFRET BOIS VIDE CRUSTACES 13 PIECES ACIDULE;;00078801;13118220031460;23118220031467;;SCHNEIDER CONSUMER ASIA (ex ADMEA HOME TECH)
Acce1060049;3118220031470;LAME LISSE DE REMPLACEMENT NITROX NOIRE CAC EN SACHET PLASTI;;00158875;13118220031477;23118220031474;;GENERALE DE DECOUPAGE
Comp0750026;3118220031500;INTERCALAIRE BAC VRAC DISPLAYS 1/4 & 1/8  LOW COST;;00082539;13118220031507;23118220031504;;GENERALE DE DECOUPAGE
Comp0750027;3118220031517;BAC BAS POUR DISPLAY 1/4 LOW COST;;00082539;13118220031514;23118220031511;;GENERALE DE DECOUPAGE
10650025;3118220031524;STEAK HECTOR ÉTÉ/AUTOMNE UNITÉ POUR DÉSTOCKAGE;;00079126;13118220031521;23118220031528;;GENERALE DE DECOUPAGE
Div0590001;3118220031531;[ARTICLE FANTOME] HOUSSE COYOTE COLOR;;00079919;13118220031538;23118220031535;;SCHNEIDER CONSUMER ASIA (ex ADMEA HOME TECH)
20110025;3118220031548;COFFRET 2 PCES SERVICE A SALADE FINITION MIROIR LAG HERITAGE;;00079781;13118220031545;23118220031542;;NEW SE SHIN CO LTD (EX SEORIM)
20110026;3118220031555;COFFRET 2 PCES SERVICE A SALADE FINITION SABLE LAG HERITAGE;;00079781;13118220031552;23118220031559;;NEW SE SHIN CO LTD (EX SEORIM)
Kit0740013;3118220031562;KIT MISE A JOUR RAYON COUTEAU GIFI 2020;;00079926;13118220031569;23118220031566;;GENERALE DE DECOUPAGE
Comp0740094;3118220031579;ENSEMBLE VISUEL MAGNET STA0407 GIFI 2020 COUTEAUX 100;;00086390;13118220031576;23118220031573;;IMPRIMERIE GUIGON
10650026;3118220031586;COFFRET BOIS 4 STEAK HECTOR PERLE  LAME INOX;;00116145;13118220031583;23118220031580;;GENERALE DE DECOUPAGE
10650027;3118220031593;COFFRET BOIS 4 STEAK HECTOR ARDOISE  LAME INOX;;00116145;13118220031590;23118220031597;;GENERALE DE DECOUPAGE
10650028;3118220031609;COFFRET BOIS 4 STEAK HECTOR ARGILE  LAME INOX;;00116145;13118220031606;23118220031603;;GENERALE DE DECOUPAGE
10650029;3118220031616;COFFRET BOIS 4 STEAK HECTOR TAUPE LAME INOX;;00116145;13118220031613;23118220031610;;GENERALE DE DECOUPAGE
21549903;3616182378973;M16 BAGATELLE REVÊTEMENT PVD MAT BOITE MDD CARREFOUR;;00083971;13616182378970;23616182378977;;SCHNEIDER CONSUMER ASIA (ex ADMEA HOME TECH)
Cons0850019;3118220033962;LOT DE 100 POCHETTES BULLEES DIMENSIONS 150 X 210 mm;;00177911;13118220033969;23118220033966;;PLAST'EMBAL
Cons0850020;3118220033979;LOT DE 100 pochettes Format en 220 X 260 mm Réf. : POB2226;;00177911;13118220033976;23118220033973;;PLAST'EMBAL
20480009;3118220031739;LOT 2 TARTINEURS CLEO;;00176529;13118220031736;23118220031733;;JIEYANG HONGXING STAINLESS STEEL PRODUCTS MANUFACTORY (HX)
20160034;3118220031746;LOT 3 TARTINEURS OSLO SUR CARTE PEGBORDABLE;;00080802;13118220031743;23118220031740;;SCHNEIDER CONSUMER ASIA (ex ADMEA HOME TECH)
Cons0850021;3118220031777;CAISSE DOUBLE CANNELURE 700*500*500;;00081030;13118220031774;23118220031771;;VIALLON ET CIE
11060074;3118220031784;COFFRET PRESTIGE ARMEE;;00176359;13118220031781;23118220031788;;GENERALE DE DECOUPAGE
11060075;3118220031791;C.A.C. DOUANE LAME MICRO PEACOAT 19-3920 TPX + HOUSSE NOIRE;;00158541;13118220031798;23118220031795;;GENERALE DE DECOUPAGE
31100040;3118220031814;CUILLERE CALICOT GEOMETRIX SQUARE VRAC MEN CONFO;;00081259;13118220031811;23118220031818;;SCHNEIDER CONSUMER ASIA (ex ADMEA HOME TECH)
Comp0740095;3118220031821;"VISUEL AUTOCOLLANT ""LES COUVERTS INOX"" STA0410  BAC 6 COMP";;00116930;13118220031828;23118220031825;;IMPRIMERIE GUIGON
Comp0740096;3118220031838;"VISUEL ""LES ESSENTIELS"" STA0410 POUR BAC 6 COMP LINEAIRE";;00103118;13118220031835;23118220031832;;IMPRIMERIE GUIGON
30363714;3118220031845;M24 TROQUET PANACHE NOIR/IVOIRE EN POT PET;;00081571;13118220031842;23118220031849;;SCHNEIDER CONSUMER ASIA (ex ADMEA HOME TECH)
Div0850002;3118220031869;BROCHURE PRESENTATION TB HAUTE COUTELLERIE VERSION FRANCAISE;;00086368;13118220031866;23118220031863;;IMPRIMERIE DECOMBAT
Comp0740097;3118220031883;VISUEL STICKER RECTIFICATIF GIFI SANTUKO/PAIN 2020;;00081469;13118220031880;23118220031887;;IMPRIMERIE GUIGON
21350009;3118220031890;COUTEAU CAP FERRET FINITION SABLEE;;00080695;13118220031897;23118220031894;;NEW SE SHIN CO LTD (EX SEORIM)
21350010;3118220031906;FOURCHETTE CAP FERRET FINITION SABLEE;;00080695;13118220031903;23118220031900;;NEW SE SHIN CO LTD (EX SEORIM)
21350011;3118220031913;CUILLERE CAP FERRET FINITION SABLEE;;00080695;13118220031910;23118220031917;;NEW SE SHIN CO LTD (EX SEORIM)
21350012;3118220031920;CAFE CAP FERRET FINITION SABLEE;;00080695;13118220031927;23118220031924;;NEW SE SHIN CO LTD (EX SEORIM)
21350013;3118220031937;COUTEAU CAP FERRET FINITION BRILLANT;;00080695;13118220031934;23118220031931;;NEW SE SHIN CO LTD (EX SEORIM)
21350014;3118220031944;FOURCHETTE CAP FERRET FINITION BRILLANT;;00080695;13118220031941;23118220031948;;NEW SE SHIN CO LTD (EX SEORIM)
21350015;3118220031951;CUILLERE CAP FERRET FINITION BRILLANT;;00080695;13118220031958;23118220031955;;NEW SE SHIN CO LTD (EX SEORIM)
21350016;3118220031968;CAFE CAP FERRET FINITION BRILLANT;;00080695;13118220031965;23118220031962;;NEW SE SHIN CO LTD (EX SEORIM)
10500014;3118220031982;CAC S200 PA6 NOIR TOXI GENDARMERIE NATIONALE + HOUSSE;;00124247;13118220031989;23118220031986;;GENERALE DE DECOUPAGE
10500015;3118220031999;CAC S200 PA6 NOIR TOXI GIGN + HOUSSE;;00124247;13118220031996;23118220031993;;GENERALE DE DECOUPAGE
71590001;3118220032002;POELE 20CM CUISSON TOP CHEF NEVERSTICK2;;00082255;13118220032009;23118220032006;;IMPERIAL INTERNATIONAL LTD
71590002;3118220032019;POELE 24CM CUISSON TOP CHEF NEVERSTICK2;;00082255;13118220032016;23118220032013;;IMPERIAL INTERNATIONAL LTD
71590003;3118220032026;POELE 28CM CUISSON TOP CHEF NEVERSTICK2;;00082255;13118220032023;23118220032020;;IMPERIAL INTERNATIONAL LTD
71590004;3118220032033;POELE A GRILLADE 28CM CUISSON TOP CHEF NEVERSTICK2;;00082255;13118220032030;23118220032037;;IMPERIAL INTERNATIONAL LTD
71590005;3118220032040;FAITOUT 24CM AVEC COUVERCLE CUISSON TOP CHEF NEVERSTICK2;;00082255;13118220032047;23118220032044;;IMPERIAL INTERNATIONAL LTD
71590006;3118220032057;SAUTOIR 28CM AVEC COUVERCLE CUISSON TOP CHEF NEVERSTICK2;;00082255;13118220032054;23118220032051;;IMPERIAL INTERNATIONAL LTD
71590007;3118220032064;CREPIERE 25CM CUISSON TOP CHEF NEVERSTICK2;;00082255;13118220032061;23118220032068;;IMPERIAL INTERNATIONAL LTD
71590008;3118220032071;WOK 28CM CUISSON TOP CHEF NEVERSTICK2;;00082255;13118220032078;23118220032075;;IMPERIAL INTERNATIONAL LTD
71590009;3118220032088;PLAT A ROTIR 35CM CUISSON TOP CHEF NEVERSTICK2;;00082255;13118220032085;23118220032082;;IMPERIAL INTERNATIONAL LTD
71590010;3118220032095;CASSEROLE 16CM CUISSON TOP CHEF NEVERSTICK2;;00082255;13118220032092;23118220032099;;IMPERIAL INTERNATIONAL LTD
71590011;3118220032101;CASSEROLE 18CM CUISSON TOP CHEF NEVERSTICK2;;00082255;13118220032108;23118220032105;;IMPERIAL INTERNATIONAL LTD
71590012;3118220032125;CASSEROLE 20CM CUISSON TOP CHEF NEVERSTICK2;;00082255;13118220032122;23118220032129;;IMPERIAL INTERNATIONAL LTD
10010194;3118220032132;COFFRET 4 CERAMIQUE OF+ST+C13+EP GEOMETRIX SQUARE LAME BLANC;;00083435;13118220032139;23118220032136;;DONGGUAN SURPASS STRUCTURE CERAMIC (EX SHENZHEN)
10120132;3118220032231;FOURCHETTE A DECOUPER FORGE VRAC BOIS NOYER TB PROFESSIONNEL;;00082476;13118220032238;23118220032235;;SCHNEIDER CONSUMER ASIA (ex ADMEA HOME TECH)
21549904;3605757169276;M16 MASA  ( BAGATELLE) MAT BOITE ALINEA (27169285);;00083079;13605757169273;23605757169270;;SCHNEIDER CONSUMER ASIA (ex ADMEA HOME TECH)
20160035;3605757169290;M16 LETO (OSLO) SABLE BOITE ALINEA (27169308);;00083079;13605757169297;23605757169294;;SCHNEIDER CONSUMER ASIA (ex ADMEA HOME TECH)
20160036;3605757169313;M16 LETO (OSLO) BRILLANT  BOITE ALINEA (27169322);;00083079;13605757169310;23605757169317;;SCHNEIDER CONSUMER ASIA (ex ADMEA HOME TECH)
21290014;3605757169337;M16 AGASSO (MAZARIN) NOIR BOITE ALINEA;;00083079;13605757169334;23605757169331;;SCHNEIDER CONSUMER ASIA (ex ADMEA HOME TECH)
21290015;3605757169351;M16 AGASSO (MAZARIN) BLANC TETE INOX BROSSE BOITE ALINEA;;00083079;13605757169358;23605757169355;;SCHNEIDER CONSUMER ASIA (ex ADMEA HOME TECH)
21370007;3605757169375;M16 APO (BREGANCON) FINITION SABLEE BOITE ALINEA;;00082851;13605757169372;23605757169379;;NEW SE SHIN CO LTD (EX SEORIM)
21300006;3605757169399;M16 PIELA (EMPREINTE) BOITE ALINEA;;00083079;13605757169396;23605757169393;;SCHNEIDER CONSUMER ASIA (ex ADMEA HOME TECH)
Comp0100015;3118220032248;CARTON VIDE DISPLAY PALETTE LAGUIOLE  1200*800*500 + COIFFE;;00147228;13118220032245;23118220032242;;VIALLON ET CIE
Comp0740098;3118220032255;VISUEL FOREX STA0412 DISPLAY HERITAGE 580*400;;00082689;13118220032252;23118220032259;;IMPRIMERIE GUIGON
10500016;3118220032262;COUTEAU DE CAMPAGNE AVEC HOUSSE TB CAC EN SACHET;;00083753;13118220032269;23118220032266;;GENERALE DE DECOUPAGE
21549905;3118220032279;COUTEAU BAGATELLE REVÊTEMENT PVD MAT VRAC + GENCOD;;00144897;13118220032276;23118220032273;;JIEYANG CITY WANXIN HARDWARE PRODUCTS CO LTD (WX)
21549906;3118220032286;FOURCHETTE BAGATELLE REVÊTEMENT PVD MAT VRAC + GENCOD;;00140112;13118220032283;23118220032280;;JIEYANG CITY WANXIN HARDWARE PRODUCTS CO LTD (WX)
21549907;3118220032293;CUILLERE BAGATELLE REVÊTEMENT PVD MAT VRAC + GENCOD;;00140112;13118220032290;23118220032297;;JIEYANG CITY WANXIN HARDWARE PRODUCTS CO LTD (WX)
21549908;3118220032309;CAFE BAGATELLE REVÊTEMENT PVD MAT VRAC + GENCOD;;00140112;13118220032306;23118220032303;;JIEYANG CITY WANXIN HARDWARE PRODUCTS CO LTD (WX)
21549909;3118220032316;COUTEAU  BAGATELLE FINITION POLI MIROIR VRAC + GENCOD;;00124991;13118220032313;23118220032310;;JIEYANG CITY WANXIN HARDWARE PRODUCTS CO LTD (WX)
21549910;3118220032323;FOURCHETTE BAGATELLE FINITION POLI MIROIR VRAC + GENCOD;;00137366;13118220032320;23118220032327;;JIEYANG CITY WANXIN HARDWARE PRODUCTS CO LTD (WX)
21549911;3118220032330;CUILLERE BAGATELLE FINITION POLI MIROIR VRAC + GENCOD;;00142645;13118220032337;23118220032334;;JIEYANG CITY WANXIN HARDWARE PRODUCTS CO LTD (WX)
21549912;3118220032347;CAFE BAGATELLE FINITION POLI MIROIR VRAC + GENCOD;;00142645;13118220032344;23118220032341;;JIEYANG CITY WANXIN HARDWARE PRODUCTS CO LTD (WX)
21320005;3118220032354;COUTEAU PRINTEMPS REVÊTEMENT PVD VRAC + GENCOD;;00117750;13118220032351;23118220032358;;JIEYANG CITY WANXIN HARDWARE PRODUCTS CO LTD (WX)
21320006;3118220032361;FOURCHETTE PRINTEMPS REVÊTEMENT PVD VRAC + GENCOD;;00117750;13118220032368;23118220032365;;JIEYANG CITY WANXIN HARDWARE PRODUCTS CO LTD (WX)
21320007;3118220032378;CUILLERE PRINTEMPS REVÊTEMENT PVD VRAC + GENCOD;;00117750;13118220032375;23118220032372;;JIEYANG CITY WANXIN HARDWARE PRODUCTS CO LTD (WX)
21320008;3118220032385;CAFE PRINTEMPS REVÊTEMENT PVD VRAC + GENCOD;;00117750;13118220032382;23118220032389;;JIEYANG CITY WANXIN HARDWARE PRODUCTS CO LTD (WX)
20110027;3118220032392;COUTEAU LAGUIOLE HERITAGE, HERITAGE SABLEE VRAC + GENCOD;;00116653;13118220032399;23118220032396;;NEW SE SHIN CO LTD (EX SEORIM)
20110028;3118220032408;FOURCHETTE LAGUIOLE HERITAGE, HERITAGE SABLEE VRAC + GENCOD;;00116653;13118220032405;23118220032402;;NEW SE SHIN CO LTD (EX SEORIM)
20110029;3118220032415;CUILLERE LAGUIOLE HERITAGE, HERITAGE SABLEE VRAC + GENCOD;;00116653;13118220032412;23118220032419;;NEW SE SHIN CO LTD (EX SEORIM)
20110030;3118220032422;CAFE LAGUIOLE HERITAGE, HERITAGE SABLEE VRAC + GENCOD;;00116653;13118220032429;23118220032426;;NEW SE SHIN CO LTD (EX SEORIM)
21370008;3118220032439;COUTEAU BREGANÇON FINITION SABLEE VRAC + GENCOD;;00082851;13118220032436;23118220032433;;NEW SE SHIN CO LTD (EX SEORIM)
21370009;3118220032446;FOURCHETTE BREGANÇON FINITION SABLEE VRAC + GENCOD;;00082851;13118220032443;23118220032440;;NEW SE SHIN CO LTD (EX SEORIM)
21370010;3118220032453;CUILLERE BREGANÇON FINITION SABLEE VRAC + GENCOD;;00082851;13118220032450;23118220032457;;NEW SE SHIN CO LTD (EX SEORIM)
21370011;3118220032460;CAFE BREGANÇON FINITION SABLEE VRAC + GENCOD;;00082851;13118220032467;23118220032464;;NEW SE SHIN CO LTD (EX SEORIM)
Cons0850022;3118220032477;PALETTE 80 X 140 CM TRAITEMENT NIMP;;00180542;13118220032474;23118220032471;;EPALIA
21600001;3118220032484;M16 ARABESQUE FINITION MIROIR BOITE TB COLLECTION;;00152202;13118220032481;23118220032488;;JIEYANG CITY WANXIN HARDWARE PRODUCTS CO LTD (WX)
21610001;3118220032491;M16 DAMIER FINITION MIROIR BOITE TB COLLECTION;;00152202;13118220032498;23118220032495;;JIEYANG CITY WANXIN HARDWARE PRODUCTS CO LTD (WX)
21600002;3118220032507;COUTEAU ARABESQUE FINITION MIROIR VRAC+GENCOD;;00179392;13118220032504;23118220032501;;NOSKI
21600003;3118220032514;FOURCHETTE ARABESQUE FINITION MIROIR VRAC+GENCOD;;00173651;13118220032511;23118220032518;;NOSKI
21600004;3118220032521;CUILLERE ARABESQUE FINITION MIROIR VRAC+GENCOD;;00173651;13118220032528;23118220032525;;NOSKI
21600005;3118220032538;CAFE ARABESQUE FINITION MIROIR VRAC+GENCOD;;00173651;13118220032535;23118220032532;;NOSKI
21610002;3118220032545;COUTEAU DAMIER FINITION MIROIR VRAC+GENCOD;;00122375;13118220032542;23118220032549;;JIEYANG CITY WANXIN HARDWARE PRODUCTS CO LTD (WX)
21610003;3118220032552;FOURCHETTE DAMIER FINITION MIROIR VRAC+GENCOD;;00150073;13118220032559;23118220032556;;JIEYANG CITY WANXIN HARDWARE PRODUCTS CO LTD (WX)
21610004;3118220032569;CUILLERE DAMIER FINITION MIROIR VRAC+GENCOD;;00150073;13118220032566;23118220032563;;JIEYANG CITY WANXIN HARDWARE PRODUCTS CO LTD (WX)
21610005;3118220032576;CAFE DAMIER FINITION MIROIR VRAC+GENCOD;;00150073;13118220032573;23118220032570;;JIEYANG CITY WANXIN HARDWARE PRODUCTS CO LTD (WX)
21620001;3118220032750;MENAGERE 60 PIECES VARIO INOX EN RANGE COUVERT NOIR;;00083497;13118220032757;23118220032754;;SCHNEIDER CONSUMER ASIA (ex ADMEA HOME TECH)
10340021;3118220032897;TARTINEUR VRAC MANCHE HÊTRE + GENCOD;;00083817;13118220032894;23118220032891;;SCHNEIDER CONSUMER ASIA (ex ADMEA HOME TECH)
10300030;3118220032903;5 COUTEAUX EXPRESSION MANCHE OLIVIER EN BTE BLANCHE;;00099396;13118220032900;23118220032907;;GUANGWEI HOUSEHOLD PRODUCTS LIMITED (EX DIAMOND TRACK)
20890010;3118220032934;M48 ECORCE BOITE TB COLLECTION;;00084112;13118220032931;23118220032938;;SCHNEIDER CONSUMER ASIA (ex ADMEA HOME TECH)
21450013;3118220032941;M48 RIVAGE BOITE TB COLLECTION;;00084112;13118220032948;23118220032945;;SCHNEIDER CONSUMER ASIA (ex ADMEA HOME TECH)
20160037;3118220032958;M48 OSLO SATINE EN BOITE TB COLLECTION;;00084112;13118220032955;23118220032952;;SCHNEIDER CONSUMER ASIA (ex ADMEA HOME TECH)
21460020;3118220032965;M48 FUSEAU BOITE TB COLLECTION;;00084112;13118220032962;23118220032969;;SCHNEIDER CONSUMER ASIA (ex ADMEA HOME TECH)
21549913;3616473155856;M16 BAGATELLE OR MAT BOITE CARREFOUR;;00084097;13616473155853;23616473155850;;SCHNEIDER CONSUMER ASIA (ex ADMEA HOME TECH)
30101101;3118220032989;BLOC BOIS NOIR 6 CTX LAGUIOLE INTUITION METAL PVD NOIR MAT;;00084930;13118220032986;23118220032983;;SCHNEIDER CONSUMER ASIA (ex ADMEA HOME TECH)
Acce0590012;3118220032996;PORTE CLEFS « UNCOVID® » ARGENT SANS BOUCLE;;00084980;13118220032993;23118220032990;;GENERALE DE DECOUPAGE
Acce0590013;3118220033009;PORTE CLEFS « UNCOVID® » ARGENT AVEC BOUCLE;;00089685;13118220033006;23118220033003;;GENERALE DE DECOUPAGE
Comp0740099;3118220033016;"VISUEL ""LES COUVERTS INOX"" STA0410 BAC 6 COMP LINEAIRE";;00084617;13118220033013;23118220033010;;IMPRIMERIE GUIGON
Comp0100016;3118220034075;BLOC PIN VIDE NOIR  POUR 6 CTX LAG;;00084931;13118220034072;23118220034079;;SCHNEIDER CONSUMER ASIA (ex ADMEA HOME TECH)
21520011;3118220034082;M16 LAGUIOLE INTUITION METAL PVD NOIR MAT BOITE LAG BLEUE;;00156212;13118220034089;23118220034086;;JIEYANG CITY WANXIN HARDWARE PRODUCTS CO LTD (WX)
21520012;3118220034099;M16 LAGUIOLE INTUITION METAL PVD OR MAT BOITE LAG BLEUE;;00116638;13118220034096;23118220034093;;JIEYANG HONGXING STAINLESS STEEL PRODUCTS MANUFACTORY (HX)
21520013;3118220034105;M16 LAGUIOLE INTUITION SABLEE BOITE LAG BLEUE;;00107679;13118220034102;23118220034109;;JIEYANG HONGXING STAINLESS STEEL PRODUCTS MANUFACTORY (HX)
21520014;3118220034112;M16 LAGUIOLE INTUITION MIXTE BOITE LAG BLEUE;;00085123;13118220034119;23118220034116;;SCHNEIDER CONSUMER ASIA (ex ADMEA HOME TECH)
Pres0860022;3118220034136;GRAVURE LASER TYPO PERSONNALISÉE PORTE CLEF UNCOVID;;00084980;13118220034133;23118220034130;;GENERALE DE DECOUPAGE
Pres0860023;3118220034143;FRAIS TECHNIQUE GRAVURE PERSONNALISÉE PORTE CLEF UNCOVID;;00084980;13118220034140;23118220034147;;GENERALE DE DECOUPAGE
11060077;3118220034150;CAC SERRATION MANCHE PA6 FV KAKI + ETUI SOUS BLISTER;;00103872;13118220034157;23118220034154;;GENERALE DE DECOUPAGE
11060078;2009020433162;CAC SERRATION MANCHE PA6 FV NOIR + ETUI SOUS BLISTER BELGIQ;;00089744;12009020433169;22009020433166;;GENERALE DE DECOUPAGE
11060079;3118220034174;CAC SERRATION MANCHE PA6 FV JAUNE FLUORESC+ETUI SOUS BLISTER;;00103872;13118220034171;23118220034178;;GENERALE DE DECOUPAGE
11060080;3118220034181;CAC S200 SERRATION MANCHE PA6 FV KAKI + ETUI SOUS BLISTER;;00089810;13118220034188;23118220034185;;GENERALE DE DECOUPAGE
11060081;3118220034198;CAC S200 SERRATION MANCHE PA6 FV NOIR + ETUI SOUS BLISTER;;00089810;13118220034195;23118220034192;;GENERALE DE DECOUPAGE
11060082;2009020433179;MARAUDEUR FLAMECORD COYOT BROWN SERRA+ETUI KIDEX BLISTR BELG;;00089874;12009020433176;22009020433173;;GENERALE DE DECOUPAGE
11060084;3118220034235;BAROUDEUR NOIR AVEC COUVERTS ET ETUI SOUS BLISTER;;00089764;13118220034232;23118220034239;;GENERALE DE DECOUPAGE
11060085;3118220034228;BAROUDEUR KAKI AVEC COUVERTS ET ETUI SOUS BLISTER;;00089764;13118220034225;23118220034222;;GENERALE DE DECOUPAGE
11060086;2009020433155;BAROUDEUR ROUGE AVEC COUVERTS ET ETUI SOUS BLISTER BELGIQUE;;00089764;12009020433152;22009020433159;;GENERALE DE DECOUPAGE
11060087;3118220034259;COUTEAU BIVOUAC KAKI AVEC ETUI ET COUVERTS SOUS BLISTER;;00145328;13118220034256;23118220034253;;GENERALE DE DECOUPAGE
11060088;3118220034266;COUTEAU S-NECK AVEC ETUI ET ACCESSOIRES SOUS BLISTER;;00089799;13118220034263;23118220034260;;GENERALE DE DECOUPAGE
11060089;2009020433186;COUTEAU FERMANT UNBOXER NOIR BLEUTE SOUS BLISTER BELGIQUE;;00089734;12009020433183;22009020433180;;GENERALE DE DECOUPAGE
11060090;3118220034280;COUTEAU FERMANT UNBOXER VERT FONCE SOUS BLISTER;;00089734;13118220034287;23118220034284;;GENERALE DE DECOUPAGE
11060091;3118220034297;COUTEAU FERMANT UNBOXER ROUGE FONCE SOUS BLISTER;;00089734;13118220034294;23118220034291;;GENERALE DE DECOUPAGE
21520015;3118220034365;COUTEAU LAGUIOLE INTUITION METAL PVD NOIR MAT + GENCOD;;00179392;13118220034362;23118220034369;;NOSKI
21520016;3118220034372;FOURCHETTE LAGUIOLE INTUITION METAL PVD NOIR MAT + GENCOD;;00150076;13118220034379;23118220034376;;JIEYANG HONGXING STAINLESS STEEL PRODUCTS MANUFACTORY (HX)
21520017;3118220034389;CUILLERE LAGUIOLE INTUITION METAL PVD NOIR MAT + GENCOD;;00118098;13118220034386;23118220034383;;JIEYANG HONGXING STAINLESS STEEL PRODUCTS MANUFACTORY (HX)
21520018;3118220034396;CAFE LAGUIOLE INTUITION METAL PVD NOIR MAT + GENCOD;;00150076;13118220034393;23118220034390;;JIEYANG HONGXING STAINLESS STEEL PRODUCTS MANUFACTORY (HX)
10010195;3118220034402;SET 5PCS CERAMIQUE OF-C15-C13-STK-EPL LAME BLANCHE LCDC GIFI;;00085565;13118220034409;23118220034406;;DONGGUAN SURPASS STRUCTURE CERAMIC (EX SHENZHEN)
30101102;3118220034419;M16 LAG HERITAGE ABS PANACHE 3 ANTHRACITES 3 IVOIRES;;00085486;13118220034416;23118220034413;;SCHNEIDER CONSUMER ASIA (ex ADMEA HOME TECH)
Acce0610002;3118220034488;FUSIL A AIGUISER MANCHE BOIS DE NOYER;;00085594;13118220034485;23118220034482;;SCHNEIDER CONSUMER ASIA (ex ADMEA HOME TECH)
Comp0750029;3118220034501;BANDEAU DOUBLE FACE DISPLAY MAREYEUR 2 FRUITS DE MER;;00119852;13118220034508;23118220034505;;IMPRIMERIE GUIGON
10110004;3118220034532;OFFICE LAGUIOLE HERITAGE MANCHE PAKKAWOOD EN BOITE CARTON;;00120921;13118220034539;23118220034536;;GUANGWEI HOUSEHOLD PRODUCTS LIMITED (EX DIAMOND TRACK)
10110005;3118220034549;LOT 2 STEAK LAGUIOLE HERITAGE MANCHE PAKKAWOOD BOITE CARTON;;00098774;13118220034546;23118220034543;;GUANGWEI HOUSEHOLD PRODUCTS LIMITED (EX DIAMOND TRACK)
10110006;3118220034556;CUISINE 16 LAGUIOLE HERITAGE MANCHE PAKKAWOOD BOITE CARTON;;00120921;13118220034553;23118220034550;;GUANGWEI HOUSEHOLD PRODUCTS LIMITED (EX DIAMOND TRACK)
10110007;3118220034563;UNIVERSEL LAGUIOLE HERITAGE MANCHE PAKKAWOOD EN BTE CARTON;;00120921;13118220034560;23118220034567;;GUANGWEI HOUSEHOLD PRODUCTS LIMITED (EX DIAMOND TRACK)
10110008;3118220034570;CHEF 22 LAGUIOLE HERITAGE MANCHE PAKKAWOOD EN BOITE CARTON;;00120921;13118220034577;23118220034574;;GUANGWEI HOUSEHOLD PRODUCTS LIMITED (EX DIAMOND TRACK)
10110009;3118220034587;SANTOKU LAGUIOLE HERITAGE MANCHE PAKKAWOOD EN BOITE CARTON;;00120921;13118220034584;23118220034581;;GUANGWEI HOUSEHOLD PRODUCTS LIMITED (EX DIAMOND TRACK)
10110010;3118220034594;PAIN LAGUIOLE HERITAGE MANCHE PAKKAWOOD EN BOITE CARTON;;00098774;13118220034591;23118220034598;;GUANGWEI HOUSEHOLD PRODUCTS LIMITED (EX DIAMOND TRACK)
10110011;3118220034600;BLOC POUR CTX DE CUISINE LAG HERITAGE ACACIA EN BOITE CARTON;;00164615;13118220034607;23118220034604;;YANGDONG COUNTY WANSHENG ENTREPRISING DEVELOPMENT CO LTD
11060092;3118220034617;CTX BIVOUAC NOIR AVEC ETUI ET COUVERTS EN SACHET PLASTIQUE;;00169511;13118220034614;23118220034611;;GENERALE DE DECOUPAGE
10460006;3118220034624;LOT 2 OFFICES PRADEL NOIR MADE IN FRANCE EN BOX PROMO;;00090191;13118220034621;23118220034628;;GENERALE DE DECOUPAGE
Kit0340001;3118224379004;DISPLAY PETITE COUTELLERIE MANCHE OLIVIER 18EPL+18OFF+18STK;;00090873;13118224379001;23118224379008;;GENERALE DE DECOUPAGE
Comp0740100;3118220034631;"VISUEL ""LES CLASSIQUES"" STA0410 POUR BAC 6 COMP LINEAIRE";;00085988;13118220034638;23118220034635;;IMPRIMERIE GUIGON
40110001;3118220034648;SET BARBECUE 4 PCS MANCHE BOIS BOITE LAGUIOLE;;00086015;13118220034645;23118220034642;;SCHNEIDER CONSUMER ASIA (ex ADMEA HOME TECH)
21520019;3118220034655;M32 PCS LAGUIOLE INTUITION MIROIR BOITE LAGUIOLE BLEUE;;00099409;13118220034652;23118220034659;;JIEYANG HONGXING STAINLESS STEEL PRODUCTS MANUFACTORY (HX)
11060093;3118220034679;MARAUDEUR FLAMECORD FISH&FIRE NOIR SERRA+ETUI KIDEX BLISTER;;00103872;13118220034676;23118220034673;;GENERALE DE DECOUPAGE
Comp0750030;3118220034686;DISPLAY BOIS VIDE POUR MENAGERES ET VRACS;;00086292;13118220034683;23118220034680;;SEIGNOL NE PLUS UTILISER
21520020;3118220034709;M32 PCS LAGUIOLE INTUITION SATINE BOITE LAGUIOLE BLEUE;;00099409;13118220034706;23118220034703;;JIEYANG HONGXING STAINLESS STEEL PRODUCTS MANUFACTORY (HX)
10300032;3118220034853;OFFICE 9CM LAG EXPRESSION POM LAME NOIRE 315860;;00087372;13118220034850;23118220034857;;GENERALE DE DECOUPAGE
10300033;3118220034860;JAMBON 22CM LAG EXPRESSION POM LAME NOIRE 315870;;00087372;13118220034867;23118220034864;;GENERALE DE DECOUPAGE
10300034;3118220034877;CUISINE 16CM LAG EXPRESSION POM LAME NOIRE 315880;;00087372;13118220034874;23118220034871;;GENERALE DE DECOUPAGE
Comp0750031;3118220034945;BANDEAU DOUBLE FACE DISPLAY MAREYEUR 1 FRUITS DE MER;;00108968;13118220034942;23118220034949;;IMPRIMERIE GUIGON
Comp0740102;3118220034990;PLEXIGLASS VITRINE CENTRAKOR 900 COUTEAUX;;00087686;13118220034997;23118220034994;;AOT
10080006;3118220035003;CHEF 19 FURTIF EVERCUT V2 CLASSIC MANCHE NOIR BTE RETAIL;;00093060;13118220035000;23118220035007;;GENERALE DE DECOUPAGE
10080007;3118220035010;CUISINE 21 FURTIF EVERCUT V2 CLASSIC MANCHE NOIR BTE RETAIL;;00093060;13118220035017;23118220035014;;GENERALE DE DECOUPAGE
10080008;3118220035027;EMINCEUR 11 FURTIF EVERCUT V2 CLASSIC MANCHE NOIR BTE RETAIL;;00093060;13118220035024;23118220035021;;GENERALE DE DECOUPAGE
10080009;3118220035034;OFFICE 9 FURTIF EVERCUT V2 CLASSIC MANCHE NOIR BTE RETAIL;;00093060;13118220035031;23118220035038;;GENERALE DE DECOUPAGE
10080010;3118220035041;SANTOKU 19 FURTIF EVERCUT V2 CLASSIC MANCHE NOIR BTE RETAIL;;00093060;13118220035048;23118220035045;;GENERALE DE DECOUPAGE
Comp0750032;3118220035072;ENSEMBLE FOREX HAUT+BAS POUR DISPLAY MAREYEUR KIT0750027;;00107017;13118220035079;23118220035076;;IMPRIMERIE GUIGON
Comp0740103;3118220035089;BAC 5 COMPARTIMENTS SANS PIEDS CENTRAKOR;;00089659;13118220035086;23118220035083;;GENERALE DE DECOUPAGE
Comp0740104;3118220035096;PORTE VERRE 900 PLAT CENTRAKOR;;00089659;13118220035093;23118220035090;;GENERALE DE DECOUPAGE
Comp0740105;3118220035102;FOND DE VITRINE 900 CENTRAKOR;;00089658;13118220035109;23118220035106;;GENERALE DE DECOUPAGE
Comp0740106;3118220035119;BARRE DE FORCE 900 CENTRAKOR;;00089659;13118220035116;23118220035113;;GENERALE DE DECOUPAGE
21630001;3118220035133;M16 MANDOLINE BOITE TB COLLECTION;;00088323;13118220035130;23118220035137;;SCHNEIDER CONSUMER ASIA (ex ADMEA HOME TECH)
21630002;3118220035140;COUTEAU MANDOLINE VRAC + GENCOD;;00154553;13118220035147;23118220035144;;JIEYANG HONGXING STAINLESS STEEL PRODUCTS MANUFACTORY (HX)
21630003;3118220035157;FOURCHETTE MANDOLINE VRAC + GENCOD;;00088323;13118220035154;23118220035151;;SCHNEIDER CONSUMER ASIA (ex ADMEA HOME TECH)
21630004;3118220035164;CUILLERE MANDOLINE VRAC + GENCOD;;00088323;13118220035161;23118220035168;;SCHNEIDER CONSUMER ASIA (ex ADMEA HOME TECH)
21630005;3118220035171;CAFE MANDOLINE VRAC + GENCOD;;00088323;13118220035178;23118220035175;;SCHNEIDER CONSUMER ASIA (ex ADMEA HOME TECH)
21549915;3118220035188;COUTEAU BAGATELLE FINITION OR VRAC + GENCOD;;00117750;13118220035185;23118220035182;;JIEYANG CITY WANXIN HARDWARE PRODUCTS CO LTD (WX)
21549916;3118220035195;FOURCHETTE BAGATELLE FINITION OR VRAC + GENCOD;;00117750;13118220035192;23118220035199;;JIEYANG CITY WANXIN HARDWARE PRODUCTS CO LTD (WX)
21549917;3118220035201;CUILLERE BAGATELLE FINITION OR VRAC + GENCOD;;00117750;13118220035208;23118220035205;;JIEYANG CITY WANXIN HARDWARE PRODUCTS CO LTD (WX)
21549918;3118220035218;CAFE BAGATELLE FINITION OR VRAC + GENCOD;;00117750;13118220035215;23118220035212;;JIEYANG CITY WANXIN HARDWARE PRODUCTS CO LTD (WX)
Comp0740107;3118220035225;PLAQUE POLYSTYRENE MIROIR DOS BLANC 800*865*1MM CENTRAKOR;;00089334;13118220035222;23118220035229;;AOT
Comp0740108;3118220035232;BARRE DE FORCE MINCE 900 CENTRAKOR;;00089658;13118220035239;23118220035236;;GENERALE DE DECOUPAGE
Comp0750033;3118220035249;FLANCS FOREX 950*25*3MM CENTRAKOR;;00089336;13118220035246;23118220035243;;IMPRIMERIE GUIGON
Comp0740109;3118220035256;ENSEMBLE VISUELS GIFI 2020 MAGNET COUVERTS 3X100 STA0416;;00089217;13118220035253;23118220035250;;IMPRIMERIE GUIGON
Acce1060050;3118220035270;TB CLIP CEINTURE BLACK VINTAGE FERMANT OUTDOOR UNBOXER;;00153129;13118220035277;23118220035274;;GENERALE DE DECOUPAGE
Acce1060051;3118220035287;TB CLIP CEINTURE FERMANT OUTDOOR UNBOXER;;00089417;13118220035284;23118220035281;;GENERALE DE DECOUPAGE
10120133;3118220035294;OFFICE 9CM FORGE GEORGES MANCHE POM EN BOITE ACCESS;;00123017;13118220035291;23118220035298;;GENERALE DE DECOUPAGE
10120134;3118220035300;OFFICE 9CM FORGE GEORGES MANCHE BOIS EN BOITE ACCESS;;00130453;13118220035307;23118220035304;;GENERALE DE DECOUPAGE
10120135;3118220035317;STEAK 12CM FORGE GEORGES MANCHE POM EN BOITE ACCESS;;00123017;13118220035314;23118220035311;;GENERALE DE DECOUPAGE
10120136;3118220035324;STEAK 13CM FORGE GEORGES MANCHE BOIS EN BOITE ACCESS;;00130453;13118220035321;23118220035328;;GENERALE DE DECOUPAGE
10120137;3118220035331;DESOSSER 15CM FORGE GEORGES MANCHE POM  EN BOITE ACCESS;;00092455;13118220035338;23118220035335;;GENERALE DE DECOUPAGE
10120139;3118220035355;CUISINE 17CM FORGE GEORGES MANCHE POM EN BOITE ACCESS;;00123017;13118220035352;23118220035359;;GENERALE DE DECOUPAGE
10120140;3118220035362;CUISINE 17CM FORGE GEORGES MANCHE BOIS EN BOITE ACCESS;;00130453;13118220035369;23118220035366;;GENERALE DE DECOUPAGE
10120141;3118220035379;SANTOKU  FORGE GEORGES MANCHE POM EN BOITE ACCESS;;00174107;13118220035376;23118220035373;;GENERALE DE DECOUPAGE
10120142;3118220035386;SANTOKU FORGE GEORGES MANCHE BOIS EN BOITE ACCESS;;00130453;13118220035383;23118220035380;;GENERALE DE DECOUPAGE
10120143;3118220035393;PAIN 20CM FORGE GEORGES MANCHE POM EN BOITE ACCESS;;00123017;13118220035390;23118220035397;;GENERALE DE DECOUPAGE
10120144;3118220035409;PAIN 20CM FORGE GEORGES MANCHE BOIS EN BOITE ACCESS;;00141029;13118220035406;23118220035403;;GENERALE DE DECOUPAGE
10400002;3118220035416;MARAICHER ABSOLU ABS EN BOITE ACCESS;;00092593;13118220035413;23118220035413;;GENERALE DE DECOUPAGE
10400003;3118220035423;TABLE 12 CM ABSOLU ABS EN BOITE ACCESS;;00092593;13118220035420;23118220035427;;GENERALE DE DECOUPAGE
10400004;3118220035430;EMINCEUR ABSOLU ABS EN BOITE ACCESS;;00092593;13118220035437;23118220035434;;GENERALE DE DECOUPAGE
10400005;3118220035447;CHEF 18 CM ABSOLU ABS EN BOITE ACCESS;;00092593;13118220035444;23118220035441;;GENERALE DE DECOUPAGE
10400006;3118220035454;CUISINE 22 CM ABSOLU ABS EN BOITE ACCESS;;00092593;13118220035451;23118220035458;;GENERALE DE DECOUPAGE
10400007;3118220035461;PAIN 22 CM ABSOLU ABS EN BOITE ACCESS;;00092593;13118220035468;23118220035465;;GENERALE DE DECOUPAGE
10070014;3118220035478;OFFICE 9CM FURTIF BASIC LAME INOX EN BOITE ACCESS;;00143490;13118220035475;23118220035472;;GENERALE DE DECOUPAGE
10070015;3118220035485;STEAK 11CM FURTIF BASIC LAME INOX EN BOITE ACCESS;;00143490;13118220035482;23118220035489;;GENERALE DE DECOUPAGE
10070016;3118220035492;FILET DE SOLE 17CM FURTIF BASIC LAME INOX EN BOITE ACCESS;;00098072;13118220035499;23118220035496;;GENERALE DE DECOUPAGE
10070017;3118220035508;CHEF 19CM FURTIF BASIC LAME INOX EN BOITE ACCESS;;00113837;13118220035505;23118220035502;;GENERALE DE DECOUPAGE
10070018;3118220035515;SANTOKU 19CM FURTIF BASIC LAME INOX EN BOITE ACCESS;;00143490;13118220035512;23118220035519;;GENERALE DE DECOUPAGE
10070019;3118220035522;CUISINE 21 CM FURTIF BASIC LAME INOX EN BOITE ACCESS;;00098072;13118220035529;23118220035526;;GENERALE DE DECOUPAGE
31040022;3118220035546;M24 DROP JAUNE 137C EN BOITE TB COLLECTION;;00092043;13118220035543;23118220035540;;SCHNEIDER CONSUMER ASIA (ex ADMEA HOME TECH)
Comp0740111;3118220035553;VISUEL MAGNETIQUE STA0418 LINEAIRE AUCHAN CTX 2020 130*85MM;;00089660;13118220035550;23118220035557;;IMPRIMERIE GUIGON
Comp1060004;3118220035560;ETUI KYDEX POUR COUTEAU COMMANDEUR;;00125798;13118220035567;23118220035564;;GENERALE DE DECOUPAGE
Comp0740112;3118220035577;BLOC INCLINE 4 VERRES INCLINE DRLX PROFONDEUR 500;;00116049;13118220035574;23118220035571;;GENERALE DE DECOUPAGE
Comp0740113;3118220035584;PORTE VERRE INCLINE DRLX 1330 X 500 PROFONDEUR;;00133748;13118220035581;23118220035588;;GENERALE DE DECOUPAGE
10424314;3118220035591;OFFICE MULTIUSAGES 9CM FORGE PREMIUM EN PACK ECOLOGIQUE;;00101203;13118220035598;23118220035595;;GENERALE DE DECOUPAGE
10424315;3118220035607;STEAK UNIVERSEL 13CM FORGE PREMIUM EN PACK ECOLOGIQUE;;00101203;13118220035604;23118220035601;;GENERALE DE DECOUPAGE
10424316;3118220035614;CUISINE 15CM FORGE PREMIUM EN PACK ECOLOGIQUE;;00101203;13118220035611;23118220035618;;GENERALE DE DECOUPAGE
10424317;3118220035621;PAIN 20CM FORGE PREMIUM EN PACK ECOLOGIQUE;;00101203;13118220035628;23118220035625;;GENERALE DE DECOUPAGE
10424318;3118220035638;CUISINE 20CM FORGE PREMIUM EN PACK ECOLOGIQUE;;00101203;13118220035635;23118220035632;;GENERALE DE DECOUPAGE
10424319;3118220035645;SANTOKU 18CM FORGE PREMIUM EN PACK ECOLOGIQUE;;00157272;13118220035642;23118220035649;;GENERALE DE DECOUPAGE
10424320;3118220035652;CHEF 20CM FORGE PREMIUM EN PACK ECOLOGIQUE;;00101203;13118220035659;23118220035656;;GENERALE DE DECOUPAGE
11060094;3118220034167;CAC SERRATION MANCHE PA6 FV NOIR + ETUI SOUS BLISTER;;00103872;13118220034164;23118220034161;;GENERALE DE DECOUPAGE
11060095;3118220034204;MARAUDEUR FLAMECORD COYOTE BROWN SERRA+ETUI KIDEX BLISTER;;00103872;13118220034201;23118220034208;;GENERALE DE DECOUPAGE
11060096;3118220034242;BAROUDEUR ROUGE AVEC COUVERTS ET ETUI SOUS BLISTER;;00103872;13118220034249;23118220034246;;GENERALE DE DECOUPAGE
Comp1490005;3118220035676;BOITE TB COLLECTION VIDE + FACADE M24 INSERT COULEUR;;00099964;13118220035673;23118220035670;;JIEYANG CITY WANXIN HARDWARE PRODUCTS CO LTD (WX)
Comp0740114;3118220036024;PORTE VERRE 1290 INCLINE DRLX;;00095477;13118220036021;23118220036028;;GENERALE DE DECOUPAGE
Comp1490006;3118220036031;BOITE CARTON VIDE BLOC MAGNTIQ 5 CTX EXPRESSION MANCH OLIVIE;;00090875;13118220036038;23118220036035;;SCHNEIDER CONSUMER ASIA (ex ADMEA HOME TECH)
Comp0740115;3118220036048;CASIER RANGE COUVERTS A SALADE;;00103524;13118220036045;23118220036042;;GENERALE DE DECOUPAGE
10110012;3118220036055;JAMBON LAGUIOLE HERITAGE MANCHE PAKKAWOOD EN BOITE CARTON;;00098774;13118220036052;23118220036059;;GUANGWEI HOUSEHOLD PRODUCTS LIMITED (EX DIAMOND TRACK)
10110013;3118220036062;FUSIL A AIGUISER MANCHE ACACIA;;00099368;13118220036069;23118220036066;;WUYI HUAYING KITCHENWARE CO LTD
Acce0110001;3118220036079;PLANCHE A DECOUPER ACACIA;;00091777;13118220036076;23118220036073;;SCHNEIDER CONSUMER ASIA (ex ADMEA HOME TECH)
Comp0740116;3118220036086;FOND MAGNET TB HAUTE COUTELLERIE FR BLACK 5C VITRINE RETAIL;;00091965;13118220036083;23118220036080;;IMPRIMERIE GUIGON
10120157;3118220036185;BOUCHER 21CM FORGE GEORGES MANCHE BOIS EN BOITE ACCESS;;00137967;13118220036182;23118220036189;;GENERALE DE DECOUPAGE
11060098;3118220036192;CAC S200 MICRO MANCH PA6 FV GIGN EDITION LIMIT HOUSS BTE TEC;;00092928;13118220036199;23118220036196;;GENERALE DE DECOUPAGE
11060099;3118220036208;CAC MICRO MANCHE PA6 FV GIGN EDITION LIMIT HOUSS EN BTE TECH;;00092928;13118220036205;23118220036202;;GENERALE DE DECOUPAGE
11060100;3118220036215;COUTEAU LE VENGEUR COYOTE AVEC ETUI KIDEX ET ACCESSOIRES;;00160699;13118220036212;23118220036219;;GENERALE DE DECOUPAGE
11060101;3118220036222;COUTEAU FERMANT UNBOXER LE VENGEUR EN TUBE TELESCOPIQUE;;00159878;13118220036229;23118220036226;;GENERALE DE DECOUPAGE
11060102;3118220036239;CAC SERRATION VENGEUR EN BOITE TECHNIQUE;;00169059;13118220036236;23118220036233;;GENERALE DE DECOUPAGE
11060103;3118220036246;COUTEAU CAC S200 JUNIOR MICRO BOUT ROND AVEC ETUI ET COUVERT;;00092928;13118220036243;23118220036240;;GENERALE DE DECOUPAGE
11060104;3118220036253;COUTEAU CAC S200 EDITION BLEUE MICRO AVEC ETUI ET COUVERTS;;00151428;13118220036250;23118220036257;;GENERALE DE DECOUPAGE
11060105;3118220036260;CAC S200 MICRO VENGEUR EN BOITE TECHNIQUE;;00169059;13118220036267;23118220036264;;GENERALE DE DECOUPAGE
11060106;3118220036277;CAC S200 DAMAS INOX TWIST MICRO MANCH G10TOXI NOIR B TE LMTE;;00092928;13118220036274;23118220036271;;GENERALE DE DECOUPAGE
11060107;3118220036284;CAC S200 DAMAS INOX LADDER MICRO MANCH G10 TOXI NOIR BTE TEC;;00175447;13118220036281;23118220036288;;GENERALE DE DECOUPAGE
11060108;3118220036291;CAC S200 DAMAS INOX CARBON RAINDROP MICRO MANCH G10 TOX NOIR;;00092928;13118220036298;23118220036295;;GENERALE DE DECOUPAGE
11060109;3118220036307;CAC S200 DAMAS INOX CARBON LIZZARD MICRO MANCH G10 TOXI NOIR;;00092928;13118220036304;23118220036301;;GENERALE DE DECOUPAGE
11060110;3118220036314;COUTEAU FERMANT UNBOXER BLACK EN TUBE TELESCOPIQUE;;00172198;13118220036311;23118220036318;;GENERALE DE DECOUPAGE
10070020;3118220036475;OFFICE 9CM FURTIF METAL CARTONNETTE TB C;;00121447;13118220036472;23118220036479;;GENERALE DE DECOUPAGE
10070021;3118220036482;STEAK 12 CM FURTIF METAL CARTONNETTE TB C;;00121447;13118220036489;23118220036486;;GENERALE DE DECOUPAGE
10070022;3118220036499;CUISINE 21 FURTIF METAL CARTONNETTE TB C;;00121447;13118220036496;23118220036493;;GENERALE DE DECOUPAGE
10070023;3118220036505;CHEF 19 FURTIF METAL CARTONNETTE TB C;;00121447;13118220036502;23118220036509;;GENERALE DE DECOUPAGE
10070024;3118220036512;SANTUKO 19 CM FURTIF METAL CARTONNETTE TB C;;00121447;13118220036519;23118220036516;;GENERALE DE DECOUPAGE
31260024;3118220036529;M16 COTTAGE BOIS DE ROSE BOITE TB COLLECTION;;00099395;13118220036526;23118220036523;;JIEYANG HONGXING STAINLESS STEEL PRODUCTS MANUFACTORY (HX)
Comp1490007;3118220036536;BOITE TB COLLECTION VIDE + FACADE M16 INSERT INOX;;00099374;13118220036533;23118220036530;;JIEYANG CITY WANXIN HARDWARE PRODUCTS CO LTD (WX)
Comp0740117;3118220036543;BARRE DE FORCE 1330 AVANCEE POUR PLEXIGLASS;;00093949;13118220036540;23118220036547;;GENERALE DE DECOUPAGE
30101103;3118220036550;M24 LAG PRODUCTION ABS ASSORTIMENT MULTICOLOR IRIS;;00099375;13118220036557;23118220036554;;JIEYANG HONGXING STAINLESS STEEL PRODUCTS MANUFACTORY (HX)
30101104;3118220036567;M24 LAG PRODUCTION ABS ASSORTIMENT MULTICOLOR GAURA;;00099375;13118220036564;23118220036561;;JIEYANG HONGXING STAINLESS STEEL PRODUCTS MANUFACTORY (HX)
Pres0860024;3118220036574;SAV PLAQUETTES UNBOXEUR;;00095144;13118220036571;23118220036578;;GENERALE DE DECOUPAGE
21640001;3118220036604;COUTEAU CORINTHE VRAC + GENCOD;;00117481;13118220036601;23118220036608;;NOSKI
21640002;3118220036611;FOURCHETTE CORINTHE VRAC + GENCOD;;00117481;13118220036618;23118220036615;;NOSKI
21640003;3118220036628;CUILLERE CORINTHE VRAC + GENCOD;;00117481;13118220036625;23118220036622;;NOSKI
21640004;3118220036635;CAFE CORINTHE VRAC + GENCOD;;00117481;13118220036632;23118220036639;;NOSKI
21640005;3118220036642;M16 CORINTHE BOITE TB COLLECTION;;00117481;13118220036649;23118220036646;;NOSKI
21650001;3118220036659;COUTEAU MARTELE VRAC + GENCOD;;00117481;13118220036656;23118220036653;;NOSKI
21650002;3118220036666;FOURCHETTE MARTELE VRAC + GENCOD;;00117481;13118220036663;23118220036660;;NOSKI
21650003;3118220036673;CUILLERE MARTELE VRAC + GENCOD;;00117481;13118220036670;23118220036677;;NOSKI
21650004;3118220036680;CAFE MARTELE VRAC + GENCOD;;00117481;13118220036687;23118220036684;;NOSKI
21650005;3118220036697;M16 MARTELE BOITE TB COLLECTION;;00115611;13118220036694;23118220036691;;NOSKI
21660001;3118220036703;COUTEAU ALVEOLE VRAC + GENCOD;;00117481;13118220036700;23118220036707;;NOSKI
21660002;3118220036710;FOURCHETTE ALVEOLE VRAC + GENCOD;;00117481;13118220036717;23118220036714;;NOSKI
21660003;3118220036727;CUILLERE ALVEOLE VRAC + GENCOD;;00117481;13118220036724;23118220036721;;NOSKI
21660004;3118220036734;CAFE ALVEOLE VRAC + GENCOD;;00117481;13118220036731;23118220036738;;NOSKI
21660005;3118220036741;M16 ALVEOLE BOITE TB COLLECTION;;00108190;13118220036748;23118220036745;;NOSKI
21670001;3118220036758;COUTEAU ONDE VRAC + GENCOD;;00176514;13118220036755;23118220036752;;NOSKI
21670002;3118220036765;FOURCHETTE ONDE VRAC + GENCOD;;00176514;13118220036762;23118220036769;;NOSKI
21670003;3118220036772;CUILLERE ONDE VRAC + GENCOD;;00176514;13118220036779;23118220036776;;NOSKI
21670004;3118220036789;CAFE ONDE VRAC + GENCOD;;00176514;13118220036786;23118220036783;;NOSKI
21670005;3118220036796;M16 ONDE BOITE TB COLLECTION;;00117481;13118220036793;23118220036790;;NOSKI
21680001;3118220036802;COUTEAU POPELINE VRAC + GENCOD;;00117481;13118220036809;23118220036806;;NOSKI
21680002;3118220036819;FOURCHETTE POPELINE VRAC + GENCOD;;00117481;13118220036816;23118220036813;;NOSKI
21680003;3118220036826;CUILLERE POPELINE VRAC + GENCOD;;00117481;13118220036823;23118220036820;;NOSKI
21680004;3118220036833;CAFE POPELINE VRAC + GENCOD;;00117481;13118220036830;23118220036837;;NOSKI
21680005;3118220036840;M16 POPELINE BOITE TB COLLECTION;;00117481;13118220036847;23118220036844;;NOSKI
Comp0750034;3118220036857;ENSEMBLE AFFICHE+KAKEMONO TOP CHEF FR 2021 1/8 PAL STA0423;;00094765;13118220036854;23118220036851;;IMPRIMERIE GUIGON
10320031;3118220036864;LOT 1 OFFI + 1 EPLU ERGO COULEUR (VENDU EN BOX PROMO) PCB50;;00099333;13118220036861;23118220036868;;GENERALE DE DECOUPAGE
Comp0740118;3118220036871;BARRE DE FORCE AVANCEE 1000x400 GIFI PR VISUEL;;00105609;13118220036878;23118220036875;;GENERALE DE DECOUPAGE
20480010;3118220036888;MENAGERE 48 PIECES INOX AVEC POT STUDENT;;00098853;13118220036885;23118220036882;;JIEYANG CITY WANXIN HARDWARE PRODUCTS CO LTD (WX)
Comp0740119;3118220036895;BLOC VERRES INCLINE DRLX POUR ETAGERE 280;;00125510;13118220036892;23118220036899;;GENERALE DE DECOUPAGE
Comp0740120;3118220036956;ENSEMBLE VISUEL STA0414 POUR LINEAIRE CUISSON TOP CHEF;;00106342;13118220036953;23118220036950;;IMPRIMERIE GUIGON
Comp0740121;3118220036963;ENSEMBLE VISUEL STA0414 POUR LINEAIRE 195 CTX TOP CHEF;;00106342;13118220036960;23118220036967;;IMPRIMERIE GUIGON
11710001;3118220037083;OFFICE 9CM BRIGADE BOIS TB COLLECTION CARTONNETTE TB C;;00116513;13118220037080;23118220037087;;GENERALE DE DECOUPAGE
11710002;3118220037090;STEAK 12CM BRIGADE BOIS TB COLLECTION  CARTONNETTE TB C;;00116513;13118220037097;23118220037094;;GENERALE DE DECOUPAGE
11710003;3118220037106;CUISINE 15CM BRIGADE BOIS TB COLLECTION  CARTONNETTE TB C;;00175080;13118220037103;23118220037100;;GENERALE DE DECOUPAGE
11710004;3118220037113;CHEF 20CM BRIGADE BOIS TB COLLECTION  CARTONNETTE TB C;;00175342;13118220037110;23118220037117;;GENERALE DE DECOUPAGE
Comp0740122;3118220037144;PRESENTOIR MIXTE MENAGERES VRAC BOIS;;00097926;13118220037141;23118220037148;;SARL LB LA BARONNIE
Comp0740123;3118220037151;TABLETTE PLEXIGLASS 1330 PMMA 10 MDM MULTICOLOR;;00096052;13118220037158;23118220037155;;AOT
10340023;3118220037212;EPLUCHEUR BOIS TRADITIONNEL VRAC TB COLLECTION;;00153677;13118220037219;23118220037216;;GENERALE DE DECOUPAGE
10340024;3118220037229;TARTINEUR BOIS TRADITIONNEL VRAC TB COLLECTION;;00151789;13118220037226;23118220037223;;GENERALE DE DECOUPAGE
10340025;3118220037236;OFFICE BOIS TRADITIONNEL VRAC TB COLLECTION;;00175169;13118220037233;23118220037230;;GENERALE DE DECOUPAGE
10340026;3118220037243;STEAK MICRO BOIS TRADITIONNEL VRAC TB COLLECTION;;00175169;13118220037240;23118220037247;;GENERALE DE DECOUPAGE
10320032;3118220037250;EPLUCHEUR POLYPRO PANACHE TB COLLECTION;;00143598;13118220037257;23118220037254;;GENERALE DE DECOUPAGE
10320033;3118220037267;OFFICE POLYPRO PANACHE TB COLLECTION;;00148007;13118220037264;23118220037261;;GENERALE DE DECOUPAGE
Acce0590014;3118220037274;FUSIL A AIGUISER TB COLLECTION;;00174907;13118220037271;23118220037278;;GENERALE DE DECOUPAGE
10340027;3601029988781;EPLUCHEUR BOIS TRADITIONNEL VRAC HOMESIDE SIPLEC;;00163114;53660440033352;53660440033345;;GENERALE DE DECOUPAGE
10340028;3601029988996;TARTINEUR BOIS TRADITIONNEL VRAC HOMESIDE SIPLEC;;00163114;53660440033390;53660440033383;;GENERALE DE DECOUPAGE
10340029;3601029988798;OFFICE BOIS TRADITIONNEL VRAC HOMESIDE SIPLEC;;00163114;53660440033437;53660440033420;;GENERALE DE DECOUPAGE
10340030;3601029988262;STEAK MICRO BOIS TRADITIONNEL VRAC HOMESIDE SIPLEC;;00163114;53660440036261;53660440036254;;GENERALE DE DECOUPAGE
10320034;3601029988835;EPLUCHEUR POLYPRO PANACHE HOMESIDE SIPLEC;;00163114;53660440033598;53660440033581;;GENERALE DE DECOUPAGE
10320035;3601029988811;OFFICE POLYPRO PANACHE HOMESIDE SIPLEC;;00163114;53660440033512;53660440033505;;GENERALE DE DECOUPAGE
Acce0590015;3601029988859;FUSIL A AIGUISER SIPLEC HOMESIDE SIPLEC;;00174907;53660440033673;53660440033666;;GENERALE DE DECOUPAGE
11710006;3601029988682;OFFICE 9CM BRIGADE BOIS HOMESIDE SIPLEC;;00180143;53660440032959;53660440032942;;GENERALE DE DECOUPAGE
11710007;3601029988699;COUTEAU CAMPAGNARD 12CM BRIGADE BOIS HOMESIDE SIPLEC;;00165775;53660440032997;53660440032980;;GENERALE DE DECOUPAGE
11710008;3601029988705;CUISINE 15CM BRIGADE BOIS HOMESIDE SIPLEC;;00101189;53660440033031;53660440033024;;GENERALE DE DECOUPAGE
11710009;3601029988712;CHEF 20CM BRIGADE BOIS HOMESIDE SIPLEC;;00101189;53660440033079;53660440033062;;GENERALE DE DECOUPAGE
11710010;3601029988729;PAIN 22CM BRIGADE BOIS HOMESIDE SIPLEC;;00101189;53660440033116;53660440033109;;GENERALE DE DECOUPAGE
40110002;3118220037298;LOUCHE LAGUIOLE HERITAGE FINITION MIROIR EN BOITE LAG BLEUE;;00096502;13118220037295;23118220037292;;NEW SE SHIN CO LTD (EX SEORIM)
40110003;3118220037304;LOUCHE LAGUIOLE HERITAGE FINITION SABLEE EN BOITE LAG BLEUE;;00096502;13118220037301;23118220037308;;NEW SE SHIN CO LTD (EX SEORIM)
40110004;3118220037311;COUVERTS DE SERVICE LAG HERITAGE FINITION MIROIR BOITE LAG;;00096502;13118220037318;23118220037315;;NEW SE SHIN CO LTD (EX SEORIM)
40110005;3118220037328;COUVERTS DE SERVICE LAG HERITAGE FINITION SABLEE BOITE LAG;;00096502;13118220037325;23118220037322;;NEW SE SHIN CO LTD (EX SEORIM)
40110006;3118220037335;PELLE A TARTE LAG HERITAGE FINITION MIROIR BOITE LAG BLEUE;;00096502;13118220037332;23118220037339;;NEW SE SHIN CO LTD (EX SEORIM)
40110007;3118220037342;PELLE A TARTE LAG HERITAGE FINITION SABLEE BOITE LAG BLEUE;;00096502;13118220037349;23118220037346;;NEW SE SHIN CO LTD (EX SEORIM)
30101105;3118220037359;COUTEAU LAGUIOLE ABS GRIS MARBRE VRAC + GENCOD;;00173654;13118220037356;23118220037353;;JIEYANG HONGXING STAINLESS STEEL PRODUCTS MANUFACTORY (HX)
30101106;3118220037366;FOURCHETTE LAGUIOLE ABS GRIS MARBRE VRAC + GENCOD;;00151552;13118220037363;23118220037360;;JIEYANG HONGXING STAINLESS STEEL PRODUCTS MANUFACTORY (HX)
30101107;3118220037373;CUILLERE LAGUIOLE ABS GRIS MARBRE VRAC + GENCOD;;00127635;13118220037370;23118220037377;;JIEYANG HONGXING STAINLESS STEEL PRODUCTS MANUFACTORY (HX)
30101108;3118220037380;CAFE LAGUIOLE ABS GRIS MARBRE VRAC + GENCOD;;00169477;13118220037387;23118220037384;;JIEYANG HONGXING STAINLESS STEEL PRODUCTS MANUFACTORY (HX)
30101109;3118220037397;COUTEAU LAGUIOLE ABS IVOIRE NACRE VRAC + GENCOD;;00162322;13118220037394;23118220037391;;JIEYANG HONGXING STAINLESS STEEL PRODUCTS MANUFACTORY (HX)
30101110;3118220037403;FOURCHETTE LAGUIOLE ABS IVOIRE NACRE VRAC + GENCOD;;00099395;13118220037400;23118220037407;;JIEYANG HONGXING STAINLESS STEEL PRODUCTS MANUFACTORY (HX)
30101111;3118220037410;CUILLERE LAGUIOLE ABS IVOIRE NACRE VRAC + GENCOD;;00099395;13118220037417;23118220037414;;JIEYANG HONGXING STAINLESS STEEL PRODUCTS MANUFACTORY (HX)
30101112;3118220037427;CAFE LAGUIOLE ABS IVOIRE NACRE VRAC + GENCOD;;00173654;13118220037424;23118220037421;;JIEYANG HONGXING STAINLESS STEEL PRODUCTS MANUFACTORY (HX)
20100003;3118220037434;COUTEAU LAGUIOLE METAL VRAC + GENCOD;;00150076;13118220037431;23118220037438;;JIEYANG HONGXING STAINLESS STEEL PRODUCTS MANUFACTORY (HX)
20100004;3118220037441;FOURCHETTE LAGUIOLE METAL VRAC + GENCOD;;00173654;13118220037448;23118220037445;;JIEYANG HONGXING STAINLESS STEEL PRODUCTS MANUFACTORY (HX)
20100005;3118220037458;CUILLERE LAGUIOLE METAL VRAC + GENCOD;;00127635;13118220037455;23118220037452;;JIEYANG HONGXING STAINLESS STEEL PRODUCTS MANUFACTORY (HX)
20100006;3118220037465;CAFE LAGUIOLE METAL VRAC + GENCOD;;00150076;13118220037462;23118220037469;;JIEYANG HONGXING STAINLESS STEEL PRODUCTS MANUFACTORY (HX)
Kit0740018;3118220037472;KIT MISE A JOUR RAYON COUTEAU GIFI 2021;;00096858;13118220037479;23118220037476;;GENERALE DE DECOUPAGE
Comp0740124;3118220037489;VISUEL STAN0422 MISE A JOUR CTX GIFI 2021;;00096792;13118220037486;23118220037483;;IMPRIMERIE GUIGON
Comp0740125;3118220037496;VISUEL TOBLERONE POUR MEUBLE RETAIL;;00116930;13118220037493;23118220037490;;IMPRIMERIE GUIGON
Comp0740126;3118220037502;VISUEL PORTE VERRE DRLX CUBE RETAIL;;00125511;13118220037509;23118220037506;;IMPRIMERIE GUIGON
Comp0740127;3118220037519;PRESENTOIR CUBE SMALL POUR RETAIL SS PORTE VERRE;;00116371;13118220037516;23118220037513;;GENERALE DE DECOUPAGE
20550002;3118220037526;COUTEAU BAROQUE VRAC;;00097088;13118220037523;23118220037520;;NEW SE SHIN CO LTD (EX SEORIM)
20550003;3118220037533;FOURCHETTE BAROQUE VRAC;;00097088;13118220037530;23118220037537;;NEW SE SHIN CO LTD (EX SEORIM)
20550004;3118220037540;CUILLERE BAROQUE VRAC;;00097088;13118220037547;23118220037544;;NEW SE SHIN CO LTD (EX SEORIM)
20550005;3118220037557;CAFE BAROQUE VRAC;;00097088;13118220037554;23118220037551;;NEW SE SHIN CO LTD (EX SEORIM)
Comp0740128;3118220037571;BANDE PROTECTION BORDURE RS PRO PVC NOIR 20M/8.5MM*5.6MM;;00123805;13118220037578;23118220037575;;GENERALE DE DECOUPAGE
10120158;3118220037595;BLOC 5 COUTEAUX FORGES GEORGES MANCHE POM;;00099477;13118220037592;23118220037599;;GENERALE DE DECOUPAGE
10120159;3118220037601;BLOC 5 COUTEAUX FORGES GEORGES MANCHE BOIS;;00135996;13118220037608;23118220037605;;GENERALE DE DECOUPAGE
Acce0590016;3118220037618;ATTACHE MOLLE 4MM;;00099534;13118220037615;23118220037612;;DOTS TECHNOLOGY INC.
10120160;3118220037625;COFFRET 3 COUTEAUX FORGES GEORGES MANCHE POM;;00180584;13118220037622;23118220037629;;GENERALE DE DECOUPAGE
10120161;3118220037632;COFFRET 3 COUTEAUX FORGES GEORGES MANCHE BOIS;;00180584;13118220037639;23118220037636;;GENERALE DE DECOUPAGE
10070026;3118220037649;COFFRET 3 COUTEAUX FURTIF;;00114569;13118220037646;23118220037643;;GENERALE DE DECOUPAGE
10400010;3118220037656;COFFRET 3 COUTEAUX ABSOLU MANCHE ABS;;00099477;13118220037653;23118220037650;;GENERALE DE DECOUPAGE
20890011;3118220037694;LOT DE 3P ROMANE CTX+FTTE+CAFE EN DISPLAY 48P;;00101382;13118220037691;23118220037698;;JIEYANG CITY WANXIN HARDWARE PRODUCTS CO LTD (WX)
Acce0610003;3601029988842;PIERRE A AIGUISER BOITE HOMESIDE SIPLEC;;00180074;53660440033635;53660440033628;;AOYAM KITCHEN (ZHONGSHAN) CO., LTD - EX HIAMEA
10340031;3601029988804;OFFICE BOIS COULEUR PANACHE HOMESIDE SIPLEC;;00174076;53660440033475;53660440033468;;JIT GLOBAL LOGISTICS SUPPLY CHAIN CO. LIMITED-EX SMART IRON
10340032;3601029988828;EPLUCHEUR BOIS COULEUR PANACHE HOMESIDE SIPLEC;;00174076;53660440033550;53660440033543;;JIT GLOBAL LOGISTICS SUPPLY CHAIN CO. LIMITED-EX SMART IRON
10120162;1202112202115;OFFICE 10CM FORGE MAESTRO FABINI SS PAPIER KRAFT;;00118083;11202112202112;21202112202119;;GENERALE DE DECOUPAGE
10120163;1202112202122;DESOSSER 15CM FORGE MAESTRO FABINI SS PAPIER KRAFT;;00122169;11202112202129;21202112202126;;GENERALE DE DECOUPAGE
10120164;1202112202139;FILET DE SOLE 16CM FORGE MAESTRO  FABINI SS PAPIER KRAF;;00114368;11202112202136;21202112202133;;GENERALE DE DECOUPAGE
10120165;1202112202146;CUISINE 15CM FORGE MAESTRO FABINI SS PAPIER KRAFT;;00122169;11202112202143;21202112202140;;GENERALE DE DECOUPAGE
10120166;1202112202153;CUISINE 20CM FORGE MAESTRO FABINI SS PAPIER KRAFT;;00122169;11202112202150;21202112202157;;GENERALE DE DECOUPAGE
10120167;1202112202160;SANTUKO 18 CM FORGE MAESTRO FABINI SS PAPIER KRAFT;;00122169;11202112202167;21202112202164;;GENERALE DE DECOUPAGE
10120168;1202112202177;PAIN 20 CM FORGE MAESTRO FABINI SS PAPIER KRAFT;;00122169;11202112202174;21202112202171;;GENERALE DE DECOUPAGE
Comp0740130;3118220037663;VISUEL FOREX 7536C BASIC 200*47MM;;00098811;13118220037660;23118220037667;;IMPRIMERIE GUIGON
Comp0740131;3118220037670;VISUEL FOREX 465C CLASSIQUE 200*47MM;;00098811;13118220037677;23118220037674;;IMPRIMERIE GUIGON
Comp0740132;3118220037687;VISUEL FOREX 2145C CONFORT 200*47MM;;00098811;13118220037684;23118220037681;;IMPRIMERIE GUIGON
Comp0740133;3118220037700;VISUEL FOREX 198C ELAN 200*47MM;;00098811;13118220037707;23118220037704;;IMPRIMERIE GUIGON
Comp0740134;3118220037717;VISUEL FOREX 2735C FORGE 200*47MM;;00098811;13118220037714;23118220037711;;IMPRIMERIE GUIGON
Comp0740135;3118220037724;VISUEL FOREX 2213C JAPONAIS 200*47MM;;00098811;13118220037721;23118220037728;;IMPRIMERIE GUIGON
Comp0740136;3118220037731;VISUEL FOREX 258C MODERNE 200*47MM;;00098811;13118220037738;23118220037735;;IMPRIMERIE GUIGON
Comp0740137;3118220037748;VISUEL FOREX 2047C SILICONE 200*47MM;;00098811;13118220037745;23118220037742;;IMPRIMERIE GUIGON
Comp0740138;3118220037755;VISUEL FOREX 485C TRADITION 200*47MM;;00098811;13118220037752;23118220037759;;IMPRIMERIE GUIGON
Comp0740139;3118220037762;VISUEL FOREX SUPPORT MAT ADHESIF 1300*21MM;;00098811;13118220037769;23118220037766;;IMPRIMERIE GUIGON
Comp0740140;3118220037779;SEPARATEUR BAC 6 COMPARTIMENTS;;00116371;13118220037776;23118220037773;;GENERALE DE DECOUPAGE
Div0950005;3118220037786;LIVRE SOUPES DE PRINTEMPS GUY SAVOY;;00098273;13118220037783;23118220037780;;RESTAURANT GUY SAVOY VIRGINIA MO
Comp0740141;3118220037793;PORTE VERRE 1330x500 INCLINE 4L DRLX RAL9022;;00098424;13118220037790;23118220037797;;GENERALE DE DECOUPAGE
10120175;3118220037861;OFFICE 9CM GEORGES MANCHE BOIS BERLINGOT;;00118431;13118220037868;23118220037865;;GENERALE DE DECOUPAGE
11060111;3118220037922;CAC SERRATION MANCHE PA6 FV ROUGE;;00161951;13118220037929;23118220037926;;GENERALE DE DECOUPAGE
11060112;3118220037939;CAC SERRATION MANCHE PA6 TOXIFIE JAUNE FLUORESCENT;;00146697;13118220037936;23118220037933;;GENERALE DE DECOUPAGE
11060113;3118220037946;CAC SERRATION MANCHE PA6 TOXIFIE KAKI;;00169059;13118220037943;23118220037940;;GENERALE DE DECOUPAGE
11060114;3118220037953;CAC SERRATION MANCHE PA6 TOXIFIE NOIR;;00171890;13118220037950;23118220037957;;GENERALE DE DECOUPAGE
11060115;3118220037960;CAC SERRATION MANCHE PA6 TOXIFIE ROUGE;;00161951;13118220037967;23118220037964;;GENERALE DE DECOUPAGE
Comp0740142;3118220038196;VISUEL FOREX 650*150 LAG HERITAGE TB COLLECTION;;00098681;13118220038193;23118220038190;;IMPRIMERIE GUIGON
Pres0860025;3118220038219;PRESTATION INSPECTION CHINE;;00117655;13118220038216;23118220038213;;DEKRA CERTIFICATION HONG KONG LIMITED
Comp0740143;3118220038226;PORTE VERRE 1000 INCLINE PROF 500 DRLX CTR;;00116049;13118220038223;23118220038220;;GENERALE DE DECOUPAGE
21290016;3118220038233;M16 MAZARIN SATIN TB COLLECTION;;00099561;13118220038230;23118220038237;;NOSKI
Pres0860026;3118220038219;PRESTATION INSPECTION CHINE;;00180966;13118220038216;23118220038213;;DEKRA CERTIFICATION HONG KONG LIMITED
21290017;3118220038257;COUTEAU MAZARIN SATIN VRAC + GENCOD;;00099561;13118220038254;23118220038251;;NOSKI
21290018;3118220038264;FOURCHETTE MAZARIN SATIN VRAC + GENCOD;;00099561;13118220038261;23118220038268;;NOSKI
21290019;3118220038271;CUILLERE MAZARIN SATIN VRAC + GENCOD;;00099561;13118220038278;23118220038275;;NOSKI
21290020;3118220038288;CAFE MAZARIN SATIN VRAC + GENCOD;;00099561;13118220038285;23118220038282;;NOSKI
21290021;3118220038295;CAFE MAZARIN MIROIR VRAC + GENCOD;;00099561;13118220038292;23118220038299;;NOSKI
21290022;3118220038301;CUILLERE MAZARIN MIROIR VRAC + GENCOD;;00099561;13118220038308;23118220038305;;NOSKI
21290023;3118220038318;FOURCHETTE MAZARIN MIROIR VRAC + GENCOD;;00099561;13118220038315;23118220038312;;NOSKI
11520001;3118220038332;COFFRET 4 COUTEAUX INTUITION BRILLANT BOITE LAGUIOLE;;00164612;13118220038339;23118220038336;;JIEYANG HONGXING STAINLESS STEEL PRODUCTS MANUFACTORY (HX)
11520002;3118220038349;COFFRET 4 FOURCHETTES INTUITION BRILLANT BOITE LAGUIOLE;;00164612;13118220038346;23118220038343;;JIEYANG HONGXING STAINLESS STEEL PRODUCTS MANUFACTORY (HX)
11520003;3118220038356;COFFRET 4 CUILLERES INTUITION BRILLANT BOITE LAGUIOLE;;00164612;13118220038353;23118220038350;;JIEYANG HONGXING STAINLESS STEEL PRODUCTS MANUFACTORY (HX)
11520004;3118220038363;COFFRET 4 CAFES INTUITION BRILLANT BOITE LAGUIOLE;;00119702;13118220038360;23118220038367;;JIEYANG HONGXING STAINLESS STEEL PRODUCTS MANUFACTORY (HX)
41520003;3118220038424;COFFRET 2P SERVICE A SALADE LAGUIOLE INTUITION BRILLANT;;00151552;13118220038421;23118220038428;;JIEYANG HONGXING STAINLESS STEEL PRODUCTS MANUFACTORY (HX)
Comp0100017;3118220038448;BOX VIDE PALETTE 79*55*86CM OP CERAMIQUE;;00101073;13118220038445;23118220038442;;VIALLON ET CIE
Acce0740001;3118220038455;BROCHE SIMPLE 300MM POUR FOND PERFORE;;00099428;13118220038452;23118220038459;;TILT EQUIPEMENT
21290024;3118220038325;COUTEAU MAZARIN MIROIR VRAC + GENCOD;;00099561;13118220038322;23118220038329;;NOSKI
21290025;3118220038240;M16 MAZARIN MIROIR TB COLLECTION;;00099561;13118220038247;23118220038244;;NOSKI
21130006;3118220038592;M16 TB COLLECTION BOREAL + GENCOD;;00116662;13118220038599;23118220038596;;JIEYANG CITY WANXIN HARDWARE PRODUCTS CO LTD (WX)
20710007;3118220038615;M16 TB COLLECTION GRAND SIECLE + GENCOD;;00116662;13118220038612;23118220038619;;JIEYANG CITY WANXIN HARDWARE PRODUCTS CO LTD (WX)
21140010;3118220038622;M16 TB COLLECTION PALMA + GENCOD;;00116662;13118220038629;23118220038626;;JIEYANG CITY WANXIN HARDWARE PRODUCTS CO LTD (WX)
21120006;3118220038639;M16 TB COLLECTION PERLE + GENCOD;;00116662;13118220038636;23118220038633;;JIEYANG CITY WANXIN HARDWARE PRODUCTS CO LTD (WX)
21160016;3118220038646;M16 TB COLLECTION IMPERIAL + GENCOD;;00116662;13118220038643;23118220038640;;JIEYANG CITY WANXIN HARDWARE PRODUCTS CO LTD (WX)
20890012;3118220038653;M16 TB COLLECTION ECORCE + GENCOD;;00116662;13118220038650;23118220038657;;JIEYANG CITY WANXIN HARDWARE PRODUCTS CO LTD (WX)
21520021;3118220038660;COUTEAU LAGUIOLE INTUITION PVD OR MAT + GENCOD;;00116638;13118220038667;23118220038664;;JIEYANG HONGXING STAINLESS STEEL PRODUCTS MANUFACTORY (HX)
21520022;3118220038677;FOURCHETTE LAGUIOLE INTUITION PVD OR MAT + GENCOD;;00116638;13118220038674;23118220038671;;JIEYANG HONGXING STAINLESS STEEL PRODUCTS MANUFACTORY (HX)
21520023;3118220038684;CUILLERE LAGUIOLE INTUITION PVD OR MAT + GENCOD;;00116638;13118220038681;23118220038688;;JIEYANG HONGXING STAINLESS STEEL PRODUCTS MANUFACTORY (HX)
21520024;3118220038691;CAFE LAGUIOLE INTUITION PVD OR MAT + GENCOD;;00116638;13118220038698;23118220038695;;JIEYANG HONGXING STAINLESS STEEL PRODUCTS MANUFACTORY (HX)
41060001;3118220038707;FOURCHETTE BAROUDEUR;;00100290;13118220038704;23118220038701;;GENERALE DE DECOUPAGE
41060002;3118220038714;CUILLERE BAROUDEUR;;00100290;13118220038711;23118220038718;;GENERALE DE DECOUPAGE
10120181;3118220038721;STEAK 12CM FORGE MANCHE POM;;00100409;13118220038728;23118220038725;;GUANGWEI HOUSEHOLD PRODUCTS LIMITED (EX DIAMOND TRACK)
10120182;3118220038738;OFFICE 9CM FORGE MANCHE POM;;00100409;13118220038735;23118220038732;;GUANGWEI HOUSEHOLD PRODUCTS LIMITED (EX DIAMOND TRACK)
21300007;3118220038745;M16 EMPREINTE BOITE TB COLLECTION;;00116662;13118220038742;23118220038749;;JIEYANG CITY WANXIN HARDWARE PRODUCTS CO LTD (WX)
71590025;3118220038752;POELE 20CM TOP CHEF ALUMINIUM FORGE;;00100225;13118220038759;23118220038756;;AISHIDA CO LTD (ASD)
71590026;3118220038769;POELE 24CM TOP CHEF ALUMINIUM FORGE;;00100225;13118220038766;23118220038763;;AISHIDA CO LTD (ASD)
71590027;3118220038776;POELE 28CM TOP CHEF ALUMINIUM FORGE;;00100225;13118220038773;23118220038770;;AISHIDA CO LTD (ASD)
71590028;3118220038783;POELE A GRILLADE 28CM TOP CHEF ALUMINIUM FORGE;;00133833;13118220038780;23118220038787;;AISHIDA CO LTD (ASD)
71590029;3118220038790;FAITOUT 24CM AVEC COUVERCLE TOP CHEF ALUMINIUM FORGE;;00100225;13118220038797;23118220038794;;AISHIDA CO LTD (ASD)
71590030;3118220038806;SAUTOIR 28CM AVEC COUVERCLE TOP CHEF ALUMINIUM FORGE;;00100225;13118220038803;23118220038800;;AISHIDA CO LTD (ASD)
71590031;3118220038813;PLAT A FOUR 35CM TOP CHEF ALUMINIUM PRESSE;;00100225;13118220038810;23118220038817;;AISHIDA CO LTD (ASD)
71590032;3118220038820;WOK 28CM TOP CHEF ALUMINIUM FORGE;;00133833;13118220038827;23118220038824;;AISHIDA CO LTD (ASD)
71590033;3118220038837;CASSEROLE 18CM TOP CHEF ALUMINIUM FORGE;;00100225;13118220038834;23118220038831;;AISHIDA CO LTD (ASD)
71590034;3118220038844;CASSEROLE 20CM TOP CHEF ALUMINIUM FORGE;;00100225;13118220038841;23118220038848;;AISHIDA CO LTD (ASD)
Acce1060052;3118220038868;ETUI TEXTILE NOIR DOUANE POUR CAC;;00110344;13118220038865;23118220038862;;GENERALE DE DECOUPAGE
Comp0100018;3118220038875;COFF BOIS VIDE 6 STEAK LAGUIOLE EXPRESSION/HERITAGE/SENS NLV;;00111985;13118220038872;23118220038879;;GUANGWEI HOUSEHOLD PRODUCTS LIMITED (EX DIAMOND TRACK)
11060117;3118220038899;CAC MARINE NATIONALE MANCHE  PA6 FV BLEU + ETUI EN SACHET;;00171890;13118220038896;23118220038893;;GENERALE DE DECOUPAGE
Comp0020013;3118220038905;LAME COUTEAU FROMAGE ACIDULE COULEUR POUR REF 10020116;;00154555;13118220038902;23118220038909;;JIEYANG CITY WANXIN HARDWARE PRODUCTS CO LTD (WX)
21549919;3118220038912;M16 BAGATELLE PVD NOIR MAT TOP CHEF;;00119182;13118220038919;23118220038916;;JIEYANG CITY WANXIN HARDWARE PRODUCTS CO LTD (WX)
91720001;3118220038929;BLENDER 1,5 L TOP CHEF;;00100984;13118220038926;23118220038923;;SCHNEIDER CONSUMER ASIA (ex ADMEA HOME TECH)
91720002;3118220038936;ROBOT MULTIFONCTION 3,5L 1000W TOP CHEF;;00100984;13118220038933;23118220038930;;SCHNEIDER CONSUMER ASIA (ex ADMEA HOME TECH)
91720003;3118220038943;MIXEUR PLONGEANT 600W TOP CHEF;;00100984;13118220038940;23118220038947;;SCHNEIDER CONSUMER ASIA (ex ADMEA HOME TECH)
91720004;3118220038950;CUISEUR VAPEUR 9L TOP CHEF;;00100984;13118220038957;23118220038954;;SCHNEIDER CONSUMER ASIA (ex ADMEA HOME TECH)
11730001;3118220039100;COUTEAU OFFICE 9CM TOP CHEF France;;00159732;13118220039107;23118220039104;;GENERALE DE DECOUPAGE
11730002;3118220039117;COUTEAU STEAK MICRODENTE 13CM TOP CHEF France;;00133057;13118220039114;23118220039111;;GENERALE DE DECOUPAGE
11730003;3118220039124;COUTEAU STEAK LISSE 13CM TOP CHEF France;;00111450;13118220039121;23118220039128;;GENERALE DE DECOUPAGE
11730004;3118220039131;COUTEAU CUISINE 17CM TOP CHEF France;;00159732;13118220039138;23118220039135;;GENERALE DE DECOUPAGE
11730005;3118220039148;COUTEAU CHEF 19CM TOP CHEF France;;00159732;13118220039145;23118220039142;;GENERALE DE DECOUPAGE
11730006;3118220039155;COUTEAU SANTOKU 20CM TOP CHEF France;;00159732;13118220039152;23118220039159;;GENERALE DE DECOUPAGE
11730007;3118220039162;COUTEAU PAIN 21 TOP CHEF France;;00165115;13118220039169;23118220039166;;GENERALE DE DECOUPAGE
10600006;3118220039254;BLOC DE RANGEMENT UNIVERSEL ACACIA TOP CHEF;;00100782;13118220039251;23118220039258;;YANGDONG COUNTY WANSHENG ENTREPRISING DEVELOPMENT CO LTD
Acce0590017;3118220039278;PLANCHE BOIS ACACIA TOP CHEF 35x35x3,8;;00100782;13118220039275;23118220039272;;YANGDONG COUNTY WANSHENG ENTREPRISING DEVELOPMENT CO LTD
10610002;3118220039292;FUSIL PROFESSIONNEL TOP CHEF;;00133809;13118220039299;23118220039296;;WUYI HUAYING KITCHENWARE CO LTD
51740001;3118220039315;SET DE 2 GRANDES ASSIETTES TOP CHEF;;00102607;13118220039312;23118220039319;;JIEYANG YANGYANG CERAMIC COMPANY
51740002;3118220039322;SET DE 2 ASSIETTES A SOUPE TOP CHEF;;00102607;13118220039329;23118220039326;;JIEYANG YANGYANG CERAMIC COMPANY
51740003;3118220039339;SET DE 2 ASSIETTES DESSERT TOP CHEF;;00102607;13118220039336;23118220039333;;JIEYANG YANGYANG CERAMIC COMPANY
Cons0750001;3118220039520;COLLECTEUR OP FID LAGUIOLE HERITAGE x 500;;00178304;13118220039527;23118220039524;;WEB PRINTER SAS
Cons0750002;3118220039537;VIGNETTE OP FID LAGUIOLE HERITAGE x 50000;;00177970;13118220039534;23118220039531;;GROUPE CHAUMEIL
Cons0750003;3118220039544;AUTOCOLLANT OP FID SYSTEME U;;00103001;13118220039541;23118220039548;;IMPRIMERIE GUIGON
Cons0750004;3118220039551;GUIDE HOTESSE DE CAISSE OP FID SYSTEME U;;00178196;13118220039558;23118220039555;;IMPRIMERIE DECOMBAT
Cons0750005;3118220039568;TOTEM OP FID SYSTEME U;;00133566;13118220039565;23118220039562;;CARTONNAGES THOMAS ATRIA
Cons0750006;3118220039575;AFFICHE 120 X 160 cm OP FID SYSTEME U;;00103001;13118220039572;23118220039579;;IMPRIMERIE GUIGON
Cons0750007;3118220039582;AFFICHE 80 X 60 cm OP FID SYSTEME U;;00178196;13118220039589;23118220039586;;IMPRIMERIE DECOMBAT
30363719;3616474764859;M24 CLASSIC BLEU PANTONE 2227C CARREFOUR;;00106352;13616474764856;23616474764853;;JIEYANG HONGXING STAINLESS STEEL PRODUCTS MANUFACTORY (HX)
30363720;3616474764866;M24 CLASSIC GRIS PANTONE 427C CARREFOUR;;00106352;13616474764863;23616474764860;;JIEYANG HONGXING STAINLESS STEEL PRODUCTS MANUFACTORY (HX)
30363721;3616474764873;LOT DE 6 MAZAGRAN CLASSIC BLEU PANTONE 2227C CARREFOUR;;00106352;13616474764870;23616474764877;;JIEYANG HONGXING STAINLESS STEEL PRODUCTS MANUFACTORY (HX)
30363722;3616474764880;LOT DE 6 MAZAGRAN CLASSIC GRIS PANTONE 427C CARREFOUR;;00106352;13616474764887;23616474764884;;JIEYANG HONGXING STAINLESS STEEL PRODUCTS MANUFACTORY (HX)
Comp0740144;3118220039636;ENSEMBLE VISUEL FOREX DISPLAY LCDC CERAMIQUE STA0430;;00106605;13118220039633;23118220039630;;IMPRIMERIE GUIGON
20890013;3118220039643;COUTEAU ECORCE  PVD NOIR VRAC+GENCOD;;00150073;13118220039640;23118220039647;;JIEYANG CITY WANXIN HARDWARE PRODUCTS CO LTD (WX)
20890014;3118220039650;FOURCHETTE ECORCE  PVD NOIR VRAC+GENCOD;;00150073;13118220039657;23118220039654;;JIEYANG CITY WANXIN HARDWARE PRODUCTS CO LTD (WX)
20890015;3118220039667;CUILLERE ECORCE  PVD NOIR VRAC+GENCOD;;00154555;13118220039664;23118220039661;;JIEYANG CITY WANXIN HARDWARE PRODUCTS CO LTD (WX)
20890016;3118220039674;CAFE ECORCE  PVD NOIR VRAC+GENCOD;;00150073;13118220039671;23118220039678;;JIEYANG CITY WANXIN HARDWARE PRODUCTS CO LTD (WX)
20890017;3118220039681;COUTEAU ECORCE  PVD CUIVRE+GENCOD;;00150073;13118220039688;23118220039685;;JIEYANG CITY WANXIN HARDWARE PRODUCTS CO LTD (WX)
20890018;3118220039698;FOURCHETTE ECORCE  PVD CUIVRE+GENCOD;;00152202;13118220039695;23118220039692;;JIEYANG CITY WANXIN HARDWARE PRODUCTS CO LTD (WX)
20890019;3118220039704;CUILLERE ECORCE  PVD CUIVRE+GENCOD;;00124991;13118220039701;23118220039708;;JIEYANG CITY WANXIN HARDWARE PRODUCTS CO LTD (WX)
20890020;3118220039711;CAFE ECORCE  PVD CUIVRE+GENCOD;;00101416;13118220039718;23118220039715;;JIEYANG CITY WANXIN HARDWARE PRODUCTS CO LTD (WX)
20890021;3118220039728;COUTEAU ECORCE  PVD OR MAT+GENCOD;;00116662;13118220039725;23118220039722;;JIEYANG CITY WANXIN HARDWARE PRODUCTS CO LTD (WX)
20890022;3118220039735;FOURCHETTE ECORCE  PVD OR MAT+GENCOD;;00116662;13118220039732;23118220039739;;JIEYANG CITY WANXIN HARDWARE PRODUCTS CO LTD (WX)
20890023;3118220039742;CUILLERE ECORCE  PVD OR MAT+GENCOD;;00116662;13118220039749;23118220039746;;JIEYANG CITY WANXIN HARDWARE PRODUCTS CO LTD (WX)
20890024;3118220039759;CAFE ECORCE  PVD OR MAT+GENCOD;;00116662;13118220039756;23118220039753;;JIEYANG CITY WANXIN HARDWARE PRODUCTS CO LTD (WX)
30101113;3118220039773;M16 LAGUIOLE ANTHRACITE;;00101573;13118220039770;23118220039777;;JIEYANG HONGXING STAINLESS STEEL PRODUCTS MANUFACTORY (HX)
40590004;3118220039780;RAPE MANCHE BICOLOR TOP CHEF;;00165065;13118220039787;23118220039784;;GUANGWEI HOUSEHOLD PRODUCTS LIMITED (EX DIAMOND TRACK)
Comp1490012;3118220039797;BOITE VIDE BLOC ACACIA TOP CHEF;;00101515;13118220039794;23118220039791;;DONG GUAN QYPACKING PRODUCTS LIMITED (AUZON)
20890025;3118220039803;M16 TB ECORCE PVD MAT NOIR BOITE TB COLLECTION;;00144777;13118220039800;23118220039807;;JIEYANG CITY WANXIN HARDWARE PRODUCTS CO LTD (WX)
20890026;3118220039810;M16 TB ECORCE PVD MAT CUIVRE BOITE TB COLLECTION;;00124991;13118220039817;23118220039814;;JIEYANG CITY WANXIN HARDWARE PRODUCTS CO LTD (WX)
31750001;3118220039834;M24 STUDIO BLEU ABYSSE PANTONE 533C;;00158216;13118220039831;23118220039838;;JIEYANG HONGXING STAINLESS STEEL PRODUCTS MANUFACTORY (HX)
31750002;3118220039827;M24 STUDIO TERRACOTTA PANTONE 1807C;;00176529;13118220039824;23118220039821;;JIEYANG HONGXING STAINLESS STEEL PRODUCTS MANUFACTORY (HX)
31750003;3118220039841;M24 STUDIO JAUNE SOLEIL PANTONE 113C;;00116638;13118220039848;23118220039845;;JIEYANG HONGXING STAINLESS STEEL PRODUCTS MANUFACTORY (HX)
31750004;3118220039858;M24 STUDIO VERT DE GRIS PANTONE 5575C;;00158216;13118220039855;23118220039852;;JIEYANG HONGXING STAINLESS STEEL PRODUCTS MANUFACTORY (HX)
Comp0750035;3118220039865;VISUEL AIMANTE CASQUETTE LAG HERITAGE TB SINCE 1648;;00116930;13118220039862;23118220039869;;IMPRIMERIE GUIGON
Comp0750036;3118220039872;VISUEL AIMANTE CASQUETTE TB COLLECTION;;00116930;13118220039879;23118220039876;;IMPRIMERIE GUIGON
Comp0750037;3118220039919;VISUEL AIMANTE CASQUETTE 1000*300M TB COUTELIER THIERS 1648;;00116930;13118220039916;23118220039913;;IMPRIMERIE GUIGON
Comp0750038;3118220039926;"VISUEL PORTE VERRE 1000 STA0435 TB COL ""LAISSEZ VOUS TENTER""";;00116930;13118220039923;23118220039920;;IMPRIMERIE GUIGON
Comp0750039;3118220039933;"VISUEL PORTE VERRE 1000STA0435 LAG HER ""LAISSEZ VOUS TENTER""";;00116930;13118220039930;23118220039937;;IMPRIMERIE GUIGON
51740004;3118220039940;SET DE 2 MUG PORCELAINE BLANC TOP CHEF;;00102606;13118220039947;23118220039944;;RSLEE CERAMICS CO, LID
Cons0750008;3118220039971;CARTON DE 500 COLLECTEURS OPERATION FIDELITE;;00168587;13118220039978;23118220039975;;WEB PRINTER SAS
Cons0750009;3118220039988;VIGNETTE OP FIDELITE TOP CHEF;;00144068;13118220039985;23118220039982;;SOPANO ETIQUETTE
10500017;3118220039995;COUTEAU BIVOUAC NOIR;;00164088;13118220039992;23118220039999;;GENERALE DE DECOUPAGE
20100007;3118220040007;M16 PIECES LAGUIOLE METAL CLASSIC SATIN;;00105795;13118220040004;23118220040001;;JIEYANG HONGXING STAINLESS STEEL PRODUCTS MANUFACTORY (HX)
31040023;3118220040076;M24 DROP VERT EN BOITE TB COLLECTION;;00105989;13118220040073;23118220040070;;JIEYANG HONGXING STAINLESS STEEL PRODUCTS MANUFACTORY (HX)
Comp0740145;3118220040090;DISPLAY VIDE OP LAGUIOLE HERITAGE;;00103773;13118220040097;23118220040094;;GENERALE DE DECOUPAGE
Comp0740149;3118220040137;BROCHE NOIR DOUBLE L400 BDC AVEC PE DEPASSANT DIAM 5;;00107879;13118220040134;23118220040131;;TILT EQUIPEMENT
10590009;3118220040236;CISEAU POISSON BI MATIERE;;00103811;13118220040233;23118220040230;;JIT GLOBAL LOGISTICS SUPPLY CHAIN CO. LIMITED-EX SMART IRON
10320036;3118220040267;LOT 1 OFFI + 1 EPLU ERGO COULEUR (VENDU EN BOX PROMO) PCB35;;00107612;13118220040264;23118220040261;;GENERALE DE DECOUPAGE
10424321;3118220040380;OFFICE MULTIUSAGES 9CM BRIGADE FORGE PREMIUM EN BOITE ACCESS;;00130452;13118220040387;23118220040384;;GENERALE DE DECOUPAGE
10424322;3118220040397;STEAK UNIVERSEL 13CM BRIGADE FORGE PREMIUM EN BOITE ACCESS;;00130452;13118220040394;23118220040391;;GENERALE DE DECOUPAGE
10424323;3118220040403;CUISINE 15CM BRIGADE FORGE PREMIUM EN BOITE ACCESS;;00130452;13118220040400;23118220040407;;GENERALE DE DECOUPAGE
10424324;3118220040410;PAIN 20CM BRIGADE FORGE PREMIUM EN BOITE ACCESS;;00130452;13118220040417;23118220040414;;GENERALE DE DECOUPAGE
10424325;3118220040427;CUISINE 20CM BRIGADE FORGE PREMIUM EN BOITE ACCESS;;00130452;13118220040424;23118220040421;;GENERALE DE DECOUPAGE
10424326;3118220040434;SANTOKU  18CM BRIGADE FORGE PREMIUM EN BOITE ACCESS;;00178045;13118220040431;23118220040438;;GENERALE DE DECOUPAGE
10424327;3118220040441;CHEF 20CM BRIGADE FORGE PREMIUM EN BOITE ACCESS;;00130452;13118220040448;23118220040445;;GENERALE DE DECOUPAGE
Comp0740158;3118220040458;VISUEL 100 COUTEAUX GIFI EN ALLEMAND STA0407;;00105269;13118220040455;23118220040452;;IMPRIMERIE GUIGON
Acce1070001;3118220040489;BRACELET SURVIE ALLUME FEU ET SCIE KEVLAR, ARMY GREEN ,  M;;00143197;13118220040486;23118220040483;;GENERALE DE DECOUPAGE
Acce1070002;3118220040519;GRAPPIN;;00179164;13118220040516;23118220040513;;GENERALE DE DECOUPAGE
Acce1070003;3118220040496;BRACELET SURVIE ALLUME FEU ET SCIE KEVLAR, ARMY GREEN ,  L;;00143197;13118220040493;23118220040490;;GENERALE DE DECOUPAGE
Acce1070004;3118220040526;SCIE KEVLAR;;00143197;13118220040523;23118220040520;;GENERALE DE DECOUPAGE
21600006;3118220040533;COUTEAU ARABESQUE  PVD NOIR MAT VRAC+GENCOD;;00106488;13118220040530;23118220040537;;NOSKI
21600007;3118220040540;FOURCHETTE ARABESQUE PVD NOIR MAT VRAC+GENCOD;;00106488;13118220040547;23118220040544;;NOSKI
21600008;3118220040557;CUILLERE ARABESQUE PVD NOIR MAT+GENCOD;;00106488;13118220040554;23118220040551;;NOSKI
21600009;3118220040564;CAFE ARABESQUE PVD NOIR MAT+GENCOD;;00106488;13118220040561;23118220040568;;NOSKI
21600010;3118220040571;COUTEAU ARABESQUE  PVD CUIVRE MAT VRAC+GENCOD;;00106488;13118220040578;23118220040575;;NOSKI
21600011;3118220040588;FOURCHETTE ARABESQUE PVD CUIVRE MAT VRAC+GENCOD;;00106488;13118220040585;23118220040582;;NOSKI
21600012;3118220040595;CUILLERE ARABESQUE PVD CUIVRE MAT+GENCOD;;00106488;13118220040592;23118220040599;;NOSKI
21600013;3118220040601;CAFE ARABESQUE PVD CUIVRE  MAT+GENCOD;;00106488;13118220040608;23118220040605;;NOSKI
21600014;3118220040618;COUTEAU ARABESQUE  PVD CHAMPAGNE MAT VRAC+GENCOD;;00117863;13118220040615;23118220040612;;JIEYANG CITY WANXIN HARDWARE PRODUCTS CO LTD (WX)
21600015;3118220040625;FOURCHETTE ARABESQUE PVD CHAMPAGNE MAT VRAC+GENCOD;;00117863;13118220040622;23118220040629;;JIEYANG CITY WANXIN HARDWARE PRODUCTS CO LTD (WX)
21600016;3118220040632;CUILLERE ARABESQUE PVD CHAMPAGNE MAT+GENCOD;;00117863;13118220040639;23118220040636;;JIEYANG CITY WANXIN HARDWARE PRODUCTS CO LTD (WX)
21600017;3118220040649;CAFE ARABESQUE PVD CHAMPAGNE  MAT+GENCOD;;00117863;13118220040646;23118220040643;;JIEYANG CITY WANXIN HARDWARE PRODUCTS CO LTD (WX)
31760001;3118220040656;COUTEAU IVOIRE TB COLLECTION ST GERMAIN  VRAC + GENCOD;;00122104;13118220040653;23118220040650;;GENERALE DE DECOUPAGE
31760002;3118220040663;FOURCHETTE IVOIRE TB COLLECTION ST GERMAIN  VRAC + GENCOD;;00122104;13118220040660;23118220040667;;GENERALE DE DECOUPAGE
31760003;3118220040670;CUILLERE IVOIRE TB COLLECTION ST GERMAIN  VRAC + GENCOD;;00122104;13118220040677;23118220040674;;GENERALE DE DECOUPAGE
31760004;3118220040687;CAFE IVOIRE TB COLLECTION ST GERMAIN  VRAC + GENCOD;;00122104;13118220040684;23118220040681;;GENERALE DE DECOUPAGE
31760005;3118220040694;COUTEAU NOIR BLEUTE TB COLLECTION ST GERMAIN VRAC +GENCOD;;00122104;13118220040691;23118220040698;;GENERALE DE DECOUPAGE
31760006;3118220040700;FOURCHETTE NOIR BLEUTE TB COLLECTION ST GERMAIN  VRAC+GENCOD;;00122104;13118220040707;23118220040704;;GENERALE DE DECOUPAGE
31760007;3118220040717;CUILLERE NOIR BLEUTE TB COLLECTION ST GERMAIN  VRAC + GENCOD;;00122104;13118220040714;23118220040711;;GENERALE DE DECOUPAGE
31760008;3118220040724;CAFE NOIR BLEUTE TB COLLECTION ST GERMAIN  VRAC + GENCOD;;00122104;13118220040721;23118220040728;;GENERALE DE DECOUPAGE
30090017;3118220040823;M16 LAGUIOLE CUIR NOIR EN BOITE LAGUIOLE;;00169477;13118220040820;23118220040827;;JIEYANG HONGXING STAINLESS STEEL PRODUCTS MANUFACTORY (HX)
30090018;3118220040830;M16 LAGUIOLE CUIR BLANC EN BOITE LAGUIOLE;;00151552;13118220040837;23118220040834;;JIEYANG HONGXING STAINLESS STEEL PRODUCTS MANUFACTORY (HX)
21770001;3118220040847;M16 CHAMBORD PVD NOIR MAT EN BTE TB COLLECTION;;00106488;13118220040844;23118220040841;;NOSKI
21770002;3118220040854;M16 CHAMBORD PVD CHAMPAGNE MAT EN BTE TB COLLECTION;;00106488;13118220040851;23118220040858;;NOSKI
21770003;3118220040861;M16 CHAMBORD PVD CUIVRE MAT EN BTE TB COLLECTION;;00106488;13118220040868;23118220040865;;NOSKI
31040024;3118220040892;M24 DROP ROSE  503 C  EN BOITE TB COLLECTION;;00108688;13118220040899;23118220040896;;JIEYANG HONGXING STAINLESS STEEL PRODUCTS MANUFACTORY (HX)
Comp0740159;3118220041011;VISUEL TG COUTELLERIE 1200*985 MM;;00106244;13118220041018;23118220041015;;IMPRIMERIE GUIGON
Comp0740160;3118220041028;VISUEL TG CUISSON 1200*985 MM;;00106244;13118220041025;23118220041022;;IMPRIMERIE GUIGON
Comp0740161;3118220041035;VISUEL TG CASIER COUTELLERIE 70*450 MM;;00106244;13118220041032;23118220041039;;IMPRIMERIE GUIGON
Comp0750041;3118220041066;BROCHE NOIR SIMPLE FOND PERFORE350 Ø8 AVEC P.E MEME LONGUEUR;;00111451;13118220041063;23118220041060;;TILT EQUIPEMENT
Comp0750042;3118220041073;BROCHE NOIR SIMPLE  L350 Ø8 POUR FOND PERFORE SANS P.E.;;00111451;13118220041070;23118220041077;;TILT EQUIPEMENT
Comp0750043;3118220041080;BROCHE NOIR DOUBLE L350 Ø5 POUR BDC AVEC P.E. MEME LONGUEUR;;00111451;13118220041087;23118220041084;;TILT EQUIPEMENT
Comp0750044;3118220041097;BROCHE NOIR SIMPLE L350 Ø8 POUR BDC AVEC P.E MEME LONGUEUR;;00132194;13118220041094;23118220041091;;TILT EQUIPEMENT
Comp0740162;3118220041189;BANDEAU AUTOCOLLANT 415x45 MM FABRIQUE EN FRANCE - STA0438;;00107410;13118220041186;23118220041183;;IMPRIMERIE GUIGON
Comp0740163;3118220041196;AUTOCOLLANT 28x29 MM FABRIQUE EN FRANCE - STA0438;;00107410;13118220041193;23118220041190;;IMPRIMERIE GUIGON
Comp0750045;3118220041202;STRUCTURE DISPLAY OP FIDELITE TOP CHEF 2022;;00107768;13118220041209;23118220041206;;GENERALE DE DECOUPAGE
Comp0750046;3118220041219;HABILLAGE COMPLET TOP CHEF COUTEAUX ET CUISSON - STA0427;;00111569;13118220041216;23118220041213;;IMPRIMERIE GUIGON
Comp0740164;3118220041226;VISUEL FOREX 1300*400 TB HAUTE COUTELLERIE FRANCAISE- STA391;;00107293;13118220041223;23118220041220;;IMPRIMERIE GUIGON
Comp0740165;3118220041233;VISUEL FOREX 1300*400 TB PREMIUM - STA391;;00107293;13118220041230;23118220041237;;IMPRIMERIE GUIGON
Comp0740166;3118220041240;VISUEL FOREX 1300*400 TB COLLECTION - STA391;;00107293;13118220041247;23118220041244;;IMPRIMERIE GUIGON
Comp0740167;3118220041257;VISUEL FOREX 1300*400 LAGUIOLE HERITAGE TB - STA391;;00107293;13118220041254;23118220041251;;IMPRIMERIE GUIGON
Comp0100019;3118220041271;BOITE VIDE LAGUIOLE POUR M16 LAGUIOLE INTUTION SATINE;;00146361;13118220041278;23118220041275;;JIEYANG CITY WANXIN HARDWARE PRODUCTS CO LTD (WX)
Comp0750047;3118220041295;EMBASE STRUCTURE DISPLAY OP FIDELITE TOP CHEF 2022;;00107768;13118220041292;23118220041299;;GENERALE DE DECOUPAGE
Comp0750048;3118220041301;ETAGERE 1150 DISPLAY OP FIDELITE TOP CHEF 2022;;00107768;13118220041308;23118220041305;;GENERALE DE DECOUPAGE
Comp0750049;3118220041318;FOND PERFORE DISPLAY OP FIDELITE TOP CHEF 2022;;00107768;13118220041315;23118220041312;;GENERALE DE DECOUPAGE
Cons0750010;3118220041325;TOTEM OP FIDELITE TOP CHEF 2022;;00111569;13118220041322;23118220041329;;IMPRIMERIE GUIGON
Comp0750051;3118220041370;STOP BROCHES 7MM ROUGE;;00111955;13118220041377;23118220041374;;RETIF
Comp0750052;3118220041387;DETACHEUR ANTIVOL SPECIFIQUE STOP BROCHE;;00111955;13118220041384;23118220041381;;RETIF
10590010;3118220041400;LA VERITABLE TROUSSE COMPLETE DU CANDIDAT TOP CHEF;;00167030;13118220041407;23118220041404;;GENERALE DE DECOUPAGE
Comp0750053;3118220041417;BANDEAU DOUBLE FACE DISPLAY MAREYEUR 3 FRUITS DE MER;;00116596;13118220041414;23118220041411;;IMPRIMERIE GUIGON
11060120;3118220041448;ENSEMBLE COUTEAU ETUI ENTRAINEMENT BLEU;;00114631;13118220041445;23118220041442;;GENERALE DE DECOUPAGE
10120186;3118220041479;OFFICE 9CM FORGE TB PROFESSIONNEL CARTONNETTE TB P;;00150301;13118220041476;23118220041473;;GENERALE DE DECOUPAGE
10120187;3118220041486;STEAK 12CM FORGE TB PROFESSIONNEL CARTONNETTE TB P;;00114581;13118220041483;23118220041480;;GENERALE DE DECOUPAGE
10120188;3118220041493;DESOSSER 15CM FORGE TB PROFESSIONNEL CARTONNETTE TB P;;00114581;13118220041490;23118220041497;;GENERALE DE DECOUPAGE
10120189;3118220041509;CUISINE 17CM FORGE  TB PROFESSIONNEL CARTONNETTE TB P;;00114581;13118220041506;23118220041503;;GENERALE DE DECOUPAGE
10120190;3118220041516;SANTOKU 19CM FORGE  TB PROFESSIONNEL CARTONNETTE TB P;;00114581;13118220041513;23118220041510;;GENERALE DE DECOUPAGE
10120191;3118220041523;CHEF 19CM FORGE  TB PROFESSIONNEL CARTONNETTE TB P;;00114581;13118220041520;23118220041527;;GENERALE DE DECOUPAGE
10120192;3118220041530;PAIN 20CM FORGE  TB PROFESSIONNEL CARTONNETTE TB P;;00114581;13118220041537;23118220041534;;GENERALE DE DECOUPAGE
10340033;3118220041547;LOT DE 3 STEAKS LUXE M.OLIVIER CDF;;00122052;13118220041544;23118220041541;;GENERALE DE DECOUPAGE
10450004;3118220041554;JAMBON/SAUMON ADFLEX EN BERLINGOT;;00116652;13118220041551;23118220041558;;GENERALE DE DECOUPAGE
Comp0740168;3118220041592;AUTOCOLLANT TB COLLECTION 95*30MM POUR BLOC INCLINE 4 VERRES;;00116930;13118220041599;13118220041596;;IMPRIMERIE GUIGON
Comp0740169;3118220041608;AUTOCOLLANT LAG HERITAGE 95*30MM POUR BLOC INCLINE 4 VERRES;;00116930;13118220041605;23118220041602;;IMPRIMERIE GUIGON
21780001;3118220041691;M16 EMBRASSE BOITE TB COLLECTION;;00111493;13118220041698;23118220041695;;JIEYANG LIANYU RUSTLESS STEEL CO LTD
21780002;3118220041707;COUTEAU EMBRASSE VRAC + GENCOD;;00111493;13118220041704;23118220041701;;JIEYANG LIANYU RUSTLESS STEEL CO LTD
21780003;3118220041714;FOURCHETTE EMBRASSE VRAC + GENCOD;;00111493;13118220041711;23118220041718;;JIEYANG LIANYU RUSTLESS STEEL CO LTD
21780004;3118220041721;CUILLERE EMBRASSE VRAC + GENCOD;;00111493;13118220041728;23118220041725;;JIEYANG LIANYU RUSTLESS STEEL CO LTD
21780005;3118220041738;CAFE EMBRASSE VRAC + GENCOD;;00111493;13118220041735;23118220041732;;JIEYANG LIANYU RUSTLESS STEEL CO LTD
21790001;3118220041745;M16 JERSEY BOITE TB COLLECTION;;00111493;13118220041742;23118220041749;;JIEYANG LIANYU RUSTLESS STEEL CO LTD
21790002;3118220041752;COUTEAU JERSEY  VRAC + GENCOD;;00111493;13118220041759;23118220041756;;JIEYANG LIANYU RUSTLESS STEEL CO LTD
21790003;3118220041769;FOURCHETTE JERSEY  VRAC + GENCOD;;00111493;13118220041766;23118220041763;;JIEYANG LIANYU RUSTLESS STEEL CO LTD
21790004;3118220041776;CUILLERE JERSEY  VRAC + GENCOD;;00111493;13118220041773;23118220041770;;JIEYANG LIANYU RUSTLESS STEEL CO LTD
21790005;3118220041783;CAFE JERSEY  VRAC + GENCOD;;00111493;13118220041780;23118220041787;;JIEYANG LIANYU RUSTLESS STEEL CO LTD
21800001;3118220041790;M16 JACQUARD BOITE TB COLLECTION;;00111493;13118220041797;23118220041794;;JIEYANG LIANYU RUSTLESS STEEL CO LTD
21800002;3118220041806;COUTEAU JACQUARD VRAC + GENCOD;;00111493;13118220041803;23118220041800;;JIEYANG LIANYU RUSTLESS STEEL CO LTD
21800003;3118220041837;FOURCHETTE JACQUARD  VRAC + GENCOD;;00111493;13118220041834;23118220041831;;JIEYANG LIANYU RUSTLESS STEEL CO LTD
21800004;3118220041851;CUILLERE JACQUARD  VRAC + GENCOD;;00111493;13118220041858;23118220041855;;JIEYANG LIANYU RUSTLESS STEEL CO LTD
21800005;3118220041868;CAFE JACQUARD VRAC + GENCOD;;00111493;13118220041865;23118220041862;;JIEYANG LIANYU RUSTLESS STEEL CO LTD
21810001;3118220041875;M16 FACETTE BOITE TB COLLECTION;;00162318;13118220041872;23118220041879;;JIEYANG CITY WANXIN HARDWARE PRODUCTS CO LTD (WX)
21810002;3118220041882;COUTEAU FACETTE VRAC + GENCOD;;00146480;13118220041889;23118220041886;;JIEYANG CITY WANXIN HARDWARE PRODUCTS CO LTD (WX)
21810003;3118220041899;FOURCHETTE FACETTE  VRAC + GENCOD;;00146480;13118220041896;23118220041893;;JIEYANG CITY WANXIN HARDWARE PRODUCTS CO LTD (WX)
21810004;3118220041905;CUILLERE FACETTE  VRAC + GENCOD;;00146480;13118220041902;23118220041909;;JIEYANG CITY WANXIN HARDWARE PRODUCTS CO LTD (WX)
21810005;3118220041912;CAFE FACETTE VRAC + GENCOD;;00176514;13118220041919;23118220041916;;NOSKI
21820001;3118220041929;M16 PLUME BOITE TB COLLECTION;;00111492;13118220041926;23118220041923;;HOME TRENDS (TIANJIN) INTERNATIONAL TRADE CO LTD
21820002;3118220041936;COUTEAU PLUME VRAC + GENCOD;;00111492;13118220041933;23118220041930;;HOME TRENDS (TIANJIN) INTERNATIONAL TRADE CO LTD
21820003;3118220041943;FOURCHETTE PLUME  VRAC + GENCOD;;00111492;13118220041940;23118220041947;;HOME TRENDS (TIANJIN) INTERNATIONAL TRADE CO LTD
21820004;3118220041950;CUILLERE PLUME  VRAC + GENCOD;;00111492;13118220041957;23118220041954;;HOME TRENDS (TIANJIN) INTERNATIONAL TRADE CO LTD
21820005;3118220041967;CAFE PLUME VRAC + GENCOD;;00111492;13118220041964;23118220041961;;HOME TRENDS (TIANJIN) INTERNATIONAL TRADE CO LTD
Acce1050001;3118220041981;BLOC VIDE FURTIF GM + BOITE COULEUR;;00111645;13118220041988;23118220041985;;YANGJIANG FUXIN TRADING CO LTD (LINKWAVES)
21840001;3118220041998;M16 PEPITE OR FORGE EN  BOITE TB COLLECTION;;00111996;13118220041995;23118220041992;;JIEYANG LIANYU RUSTLESS STEEL CO LTD
21840002;3118220042001;COUTEAU PEPITE OR FORGE VRAC + GENCOD;;00111996;13118220042008;23118220042005;;JIEYANG LIANYU RUSTLESS STEEL CO LTD
21840003;3118220042018;FOURCHETTE PEPITE OR FORGE  VRAC + GENCOD;;00111996;13118220042015;23118220042012;;JIEYANG LIANYU RUSTLESS STEEL CO LTD
21840004;3118220042025;CUILLERE PEPITE OR FORGE  VRAC + GENCOD;;00111996;13118220042022;23118220042029;;JIEYANG LIANYU RUSTLESS STEEL CO LTD
21840005;3118220042032;CAFE PEPITE OR FORGE  VRAC + GENCOD;;00111996;13118220042039;23118220042036;;JIEYANG LIANYU RUSTLESS STEEL CO LTD
21840006;3118220042049;M16 PEPITE ARGENT FORGE EN  BOITE TB COLLECTION;;00111996;13118220042046;23118220042043;;JIEYANG LIANYU RUSTLESS STEEL CO LTD
21840007;3118220042056;COUTEAU PEPITE ARGENT FORGE VRAC + GENCOD;;00111996;13118220042053;23118220042050;;JIEYANG LIANYU RUSTLESS STEEL CO LTD
21840008;3118220042063;FOURCHETTE PEPITE ARGENT FORGE  VRAC + GENCOD;;00111996;13118220042060;23118220042067;;JIEYANG LIANYU RUSTLESS STEEL CO LTD
21840009;3118220042070;CUILLERE PEPITE ARGENT FORGE  VRAC + GENCOD;;00111996;13118220042077;23118220042074;;JIEYANG LIANYU RUSTLESS STEEL CO LTD
21840010;3118220042087;CAFE PEPITE ARGENT FORGE  VRAC + GENCOD;;00111996;13118220042084;23118220042081;;JIEYANG LIANYU RUSTLESS STEEL CO LTD
30150007;3118220042094;M24 AMANDE ROUGE EN BOITE TB COLLECTION;;00116638;13118220042091;23118220042098;;JIEYANG HONGXING STAINLESS STEEL PRODUCTS MANUFACTORY (HX)
20890027;3118220042117;M16 TB ECORCE PVD OR MAT BOITE TB COLLECTION;;00122108;13118220042114;23118220042111;;JIEYANG CITY WANXIN HARDWARE PRODUCTS CO LTD (WX)
21290026;3118220042278;COUTEAU MAZARIN MIROIR EN BOITE PEGBOARDABLE;;00112072;13118220042275;23118220042272;;NOSKI
21290027;3118220042285;FOURCHETTE  MAZARIN MIROIR EN BOITE PEGBOARDABLE;;00112072;13118220042282;23118220042289;;NOSKI
21290028;3118220042292;CUILLERE MAZARIN MIROIR EN BOITE PEGBOARDABLE;;00112072;13118220042299;23118220042296;;NOSKI
21290029;3118220042308;CAFE MAZARIN MIROIR EN BOITE PEGBOARDABLE;;00112072;13118220042305;23118220042302;;NOSKI
21850001;3118220042315;COUTEAU REGAL EN BOITE PEGBOARDABLE;;00168237;13118220042312;23118220042319;;NOSKI
21850002;3118220042322;FOURCHETTE REGAL EN BOITE PEGBOARDABLE;;00142768;13118220042329;23118220042326;;JIEYANG WINGS METALS INDUSTRY LTD
21850003;3118220042339;CUILLERE REGAL EN BOITE PEGBOARDABLE;;00112852;13118220042336;23118220042333;;JIEYANG WINGS METALS INDUSTRY LTD
21850004;3118220042346;CAFE REGAL EN BOITE PEGBOARDABLE;;00168237;13118220042343;23118220042340;;NOSKI
21860001;3118220042353;COUTEAU GALA EN BOITE PEGBOARDABLE;;00168237;13118220042350;23118220042357;;NOSKI
21860002;3118220042360;FOURCHETTE GALA EN BOITE PEGBOARDABLE;;00168237;13118220042367;23118220042364;;NOSKI
21860003;3118220042377;CUILLERE GALA EN BOITE PEGBOARDABLE;;00169032;13118220042374;23118220042371;;NOSKI
21860004;3118220042384;CAFE GALA EN BOITE PEGBOARDABLE;;00168237;13118220042381;23118220042388;;NOSKI
21520025;3118220042391;COUTEAU LAGUIOLE INTUITION SATINE EN BOITE PEGB LH;;00150076;13118220042398;23118220042395;;JIEYANG HONGXING STAINLESS STEEL PRODUCTS MANUFACTORY (HX)
21520026;3118220042407;FOURCHETTE LAGUIOLE INTUITION SATINE EN BOITE PEGB LH;;00155571;13118220042404;23118220042401;;JIEYANG HONGXING STAINLESS STEEL PRODUCTS MANUFACTORY (HX)
21520027;3118220042414;CUILLERE LAGUIOLE INTUITION SATINE EN BOITE PEGB LH;;00150076;13118220042411;23118220042418;;JIEYANG HONGXING STAINLESS STEEL PRODUCTS MANUFACTORY (HX)
21520028;3118220042421;CAFE LAGUIOLE INTUITION SATINE EN BOITE PEGB LH;;00150076;13118220042428;23118220042425;;JIEYANG HONGXING STAINLESS STEEL PRODUCTS MANUFACTORY (HX)
21520029;3118220042438;COUTEAU DESSERT LAGUIOLE INTUITION SATINE EN BOITE PEGB;;00112087;13118220042435;23118220042432;;JIEYANG HONGXING STAINLESS STEEL PRODUCTS MANUFACTORY (HX)
21520030;3118220042445;FOURCHETTE DESSERT/GATEAU LAGUIOLE INTUITION SATIN BOITE PEG;;00112087;13118220042442;23118220042449;;JIEYANG HONGXING STAINLESS STEEL PRODUCTS MANUFACTORY (HX)
21520032;3118220042469;COUTEAU POISSON LAGUIOLE INTUITION SATINE EN BOITE PEGB;;00112087;13118220042466;23118220042463;;JIEYANG HONGXING STAINLESS STEEL PRODUCTS MANUFACTORY (HX)
21520033;3118220042476;FOURCHETTE POISSON LAGUIOLE INTUITION SATINE EN BOITE PEGB;;00112087;13118220042473;23118220042470;;JIEYANG HONGXING STAINLESS STEEL PRODUCTS MANUFACTORY (HX)
21520034;3118220042483;CUILLERE MAZAGRAN LAGUIOLE INTUITION SATINE EN BOITE PEGB;;00112087;13118220042480;23118220042487;;JIEYANG HONGXING STAINLESS STEEL PRODUCTS MANUFACTORY (HX)
21520035;3118220042490;CUILLERE MOKA LAGUIOLE INTUITION SATINE EN BOITE PEGB;;00150076;13118220042497;23118220042494;;JIEYANG HONGXING STAINLESS STEEL PRODUCTS MANUFACTORY (HX)
21870001;3118220042506;COUTEAU BUFFET EN BOITE BLANCHE;;00161343;13118220042503;23118220042500;;JIEYANG CITY WANXIN HARDWARE PRODUCTS CO LTD (WX)
21870002;3118220042513;FOURCHETTE BUFFET EN BOITE BLANCHE;;00154555;13118220042510;23118220042517;;JIEYANG CITY WANXIN HARDWARE PRODUCTS CO LTD (WX)
21870003;3118220042520;CUILLERE BUFFET EN BOITE BLANCHE;;00151554;13118220042527;23118220042524;;JIEYANG CITY WANXIN HARDWARE PRODUCTS CO LTD (WX)
21870004;3118220042537;CAFE BUFFET EN BOITE BLANCHE;;00154555;13118220042534;23118220042531;;JIEYANG CITY WANXIN HARDWARE PRODUCTS CO LTD (WX)
21870005;3118220042544;MOKA BUFFET EN BOITE BLANCHE;;00112852;13118220042541;23118220042548;;JIEYANG WINGS METALS INDUSTRY LTD
21870006;3118220042551;MAZAGRAN BUFFET EN BOITE BLANCHE;;00161343;13118220042558;23118220042555;;JIEYANG CITY WANXIN HARDWARE PRODUCTS CO LTD (WX)
11060121;3118220042636;COFFRET PRESTIGE VIP DOUANE FRANCAISE;;00136459;13118220042633;23118220042630;;GENERALE DE DECOUPAGE
10600007;3118220042674;BLOC 5 CTX + 1 CISEAU EN BOITE TB COLLECTION;;00112789;13118220042671;23118220042678;;YANGJIANG FUXIN TRADING CO LTD (LINKWAVES)
11510016;3118220042681;OFFICE BOIS STABILISE LAME LISSE  CARTONNETTE TB C;;00114530;13118220042688;23118220042685;;GENERALE DE DECOUPAGE
11510017;3118220042698;STEAK BOIS STABILISE LAME MICRODENTE CARTONNETTE TB C;;00114530;13118220042695;23118220042692;;GENERALE DE DECOUPAGE
11510018;3118220042704;DESOSSER 15 CM BOIS STABILISE CARTONNETTE TB C;;00114530;13118220042701;23118220042708;;GENERALE DE DECOUPAGE
11510019;3118220042711;SANTOKU  19 CM BOIS STABILISE CARTONNETTE TB C;;00114530;13118220042718;23118220042715;;GENERALE DE DECOUPAGE
11510020;3118220042728;PAIN 19 CM BOIS STABILISE CARTONNETTE TB C;;00114530;13118220042725;23118220042722;;GENERALE DE DECOUPAGE
11510021;3118220042735;CHEF 19 CM BOIS STABILISE CARTONNETTE TB C;;00114530;13118220042732;23118220042739;;GENERALE DE DECOUPAGE
11510022;3118220042742;BLOC 5 COUTEAUX BRIGADE BOIS STABILISE;;00123296;13118220042749;23118220042746;;GENERALE DE DECOUPAGE
11060122;3118220042766;CAC MARINE NATIONALE MANCHE PA6 FV BLEU + HOUSSE EN BTE TECH;;00177398;13118220042763;23118220042760;;GENERALE DE DECOUPAGE
11060123;3118220042773;CAC S200 PA6 NOIR TOXI GENDARMERIE NATIONALE+HOUSSE BTE TECH;;00124247;13118220042770;23118220042777;;GENERALE DE DECOUPAGE
11410009;4610032447009;OFFICE 9CM LOUIS  HN705 EN BOITE RETAIL;;00169448;14610032447006;24610032447003;;GENERALE DE DECOUPAGE
11410010;4610032446996;STEAK 11 CM LOUIS  HN704 EN BOITE RETAIL;;00169448;14610032446993;24610032446990;;GENERALE DE DECOUPAGE
11410011;4610032446989;CUISINE 17CM LOUIS  HN703 EN BOITE RETAIL;;00169448;14610032446986;24610032446983;;GENERALE DE DECOUPAGE
11410012;4610032446972;SANTOKU 18CM LOUIS  HN702 EN BOITE RETAIL;;00169448;14610032446979;24610032446976;;GENERALE DE DECOUPAGE
11410013;4610032446965;CHEF 19 CM LOUIS HN701 EN BOITE RETAIL;;00169448;14610032446962;24610032446969;;GENERALE DE DECOUPAGE
11060125;3118220042858;CAC S200 DAMAS INOX TWIST MICRO MANCH G10 TOXI NOIR BOIT TEC;;00113967;13118220042855;23118220042852;;GENERALE DE DECOUPAGE
11060126;3118220042865;CAC S200 DAMAS INOX TWIST MICRO MANCH G10 TOXI KAKI BOIT TEC;;00116032;13118220042862;23118220042869;;GENERALE DE DECOUPAGE
11060127;3118220042872;CAC S200 DAMAS INOX TWIST MICRO MANCH G10 TOXI ROUG BOIT TEC;;00116032;13118220042879;23118220042876;;GENERALE DE DECOUPAGE
10960091;3118220042902;COFFRET BOIS 4 COUTEAUX AUGUSTE ABS NOIR;;00124749;13118220042909;23118220042906;;GENERALE DE DECOUPAGE
10960092;3118220042919;COFFRET BOIS 4 COUTEAUX AUGUSTE ABS VERT PISTACHE;;00114797;13118220042916;23118220042913;;GENERALE DE DECOUPAGE
10960093;3118220042926;COFFRET BOIS 4 COUTEAUX AUGUSTE ABS ROUGE GROSEILLE;;00114797;13118220042923;23118220042920;;GENERALE DE DECOUPAGE
Acce1070006;3118220042933;PASSANT CEINTURE POUR ETUIS KYDEX + VISSERIE EN SACHET;;00116136;13118220042930;23118220042937;;GENERALE DE DECOUPAGE
Acce1070007;3118220042940;TAC CLIP EN SACHET;;00145209;13118220042947;23118220042944;;GENERALE DE DECOUPAGE
Acce1070008;3118220042957;MOLLE KIT RAPIDE EN SACHET;;00150303;13118220042954;23118220042951;;GENERALE DE DECOUPAGE
Acce1070009;3118220042964;AFFUTEUR DIAMANT EN ETUI KYDEX AVEX VISSERIE;;00150303;13118220042961;23118220042968;;GENERALE DE DECOUPAGE
10500018;3118220043015;CAC S200 PA6 NOIR TOXI GIGN + HOUSSE EN BOITE TECHNIQUE;;00124247;13118220043012;23118220043019;;GENERALE DE DECOUPAGE
10600008;3118220043022;BLOC NOIR MAT 8PCE  1/2 SOIE;;00173655;13118220043029;23118220043026;;MINGHAO (YANGJIANG) CHAIN SUPPLIERS CO. LTD-EX VICO
10960094;3118220043046;COFFRET BOIS 4 COUTEAUX AUGUSTE ABS BLANC CHANTILLY;;00124749;13118220043043;23118220043040;;GENERALE DE DECOUPAGE
10960095;3118220043053;COFFRET BOIS 4 COUTEAUX AUGUSTE ABS GRIS POIVRE;;00114797;13118220043050;23118220043057;;GENERALE DE DECOUPAGE
11880001;3118220043077;OFFICE 8CM METALIS CARTONNETTE TB C;;00163799;13118220043074;23118220043071;;GENERALE DE DECOUPAGE
11880002;3118220043084;STEAK 10CM METALIS CARTONNETTE TB C;;00163799;13118220043081;23118220043088;;GENERALE DE DECOUPAGE
11880003;3118220043091;CUISINE 17CM METALIS CARTONNETTE TB C;;00163799;13118220043098;23118220043095;;GENERALE DE DECOUPAGE
11880004;3118220043107;SANTOKU 19CM METALIS CARTONNETTE TB C;;00163799;13118220043104;23118220043101;;GENERALE DE DECOUPAGE
11880005;3118220043114;PAIN 20CM METALIS CARTONNETTE TB C;;00130532;13118220043111;23118220043108;;GENERALE DE DECOUPAGE
Comp0740173;3118220043145;PORTE VERRE PLAT 1000*500 DRLX;;00116049;13118220043142;23118220043149;;GENERALE DE DECOUPAGE
71590035;3118220043176;POELE 20CM TOP CHEF EN FONTE D'ALUMINIUM;;00116314;13118220043173;23118220043170;;AISHIDA CO LTD (ASD)
71590036;3118220043183;POELE 24CM TOP CHEF EN FONTE D'ALUMINIUM;;00116314;13118220043180;23118220043187;;AISHIDA CO LTD (ASD)
71590037;3118220043190;POELE 28CM TOP CHEF EN FONTE D'ALUMINIUM;;00116314;13118220043197;23118220043194;;AISHIDA CO LTD (ASD)
71590038;3118220043206;POELE A GRILLADE 28CM TOP CHEF EN FONTE D'ALUMINIUM;;00116314;13118220043203;23118220043200;;AISHIDA CO LTD (ASD)
71590040;3118220043220;WOK 28CM TOP CHEF EN FONTE D'ALUMINIUM;;00116314;13118220043227;23118220043224;;AISHIDA CO LTD (ASD)
71590042;3118220043244;CASSEROLE 20CM TOP CHEF EN FONTE D'ALUMINIUM;;00116314;13118220043241;23118220043248;;AISHIDA CO LTD (ASD)
Comp0750054;3118220043268;BANDEAU DOUBLE FACE DISPLAY MAREYEUR NEUTRE;;00116596;13118220043265;23118220043262;;IMPRIMERIE GUIGON
Comp0750055;3118220043275;ENSEMBLE FOREX HAUT+BAS POUR DISPLAY MAREYEUR NEUTRE;;00119852;13118220043272;23118220043279;;IMPRIMERIE GUIGON
10120193;3118220043282;OFFICE 9CM FORGE TOP CHEF SS CARTONNETTE TOP CHEF;;00116550;13118220043289;23118220043286;;GENERALE DE DECOUPAGE
10120194;3118220043299;STEAK 12CM FORGE TOP CHEF SS CARTONNETTE TOP CHEF;;00116550;13118220043296;23118220043293;;GENERALE DE DECOUPAGE
10120195;3118220043305;DESOSSER 15CM FORGE TOP CHEF SS CARTONNETTE TOP CHEF;;00116550;13118220043302;23118220043309;;GENERALE DE DECOUPAGE
10120196;3118220043312;CUISINE 17CM FORGE TOP CHEF SS CARTONNETTE TOP CHEF;;00116550;13118220043319;23118220043316;;GENERALE DE DECOUPAGE
10120197;3118220043329;SANTOKU 19CM FORGE  TOP CHEF SS CARTONNETTE TOP CHEF;;00116550;13118220043326;23118220043323;;GENERALE DE DECOUPAGE
Comp0750056;3118220043343;HABILLAGE DISPLAY  1/4 PALETTE TOP CHEF;;00116830;13118220043340;23118220043347;;IMPRIMERIE GUIGON
Comp0750057;3118220043350;BAC 6 CASES  POUR DISPLAY 1/4 PAL TOP CHEF  EN FOREX;;00116830;13118220043357;23118220043354;;IMPRIMERIE GUIGON
Kit0740024;3118220043374;KIT MISE A JOUR COUTELLERIE GIFI 2022;;00123134;13118220043371;23118220043378;;GENERALE DE DECOUPAGE
10010196;3616479606574;EPLUCHEUR UNIVERSAL CERAMIC CRF  SS  BLISTER PEGB;;00177464;13616479606571;23616479606578;;DONGGUAN SURPASS STRUCTURE CERAMIC (EX SHENZHEN)
10010197;3616479617792;OFFICE UNIVERSAL CERAMIC CRF SS BLISTER PEGB;;00162299;13616479617799;23616479617796;;DONGGUAN SURPASS STRUCTURE CERAMIC (EX SHENZHEN)
10010198;3616479617808;STEAK UNIVERSAL CERAMIC CRF SS BLISTER PEGB;;00169318;13616479617805;23616479617802;;DONGGUAN SURPASS STRUCTURE CERAMIC (EX SHENZHEN)
10010199;3616479617815;CHEF UNIVERSAL CERAMIC CRF SS BLISTER PEGB;;00169318;13616479617812;23616479617819;;DONGGUAN SURPASS STRUCTURE CERAMIC (EX SHENZHEN)
10460007;3616479617853;COUPERET EXPERT CRF SUR CARTE;;00163113;13616479617850;23616479617857;;GENERALE DE DECOUPAGE
10340034;3616479617860;OFFICE BOIS CLAIR CRF VRAC + GENCOD;;00162320;13616479617867;23616479617864;;JIT GLOBAL LOGISTICS SUPPLY CHAIN CO. LIMITED-EX SMART IRON
10340035;3616479617877;STEAK BOIS CLAIR CRF VRAC + GENCOD;;00156757;13616479617874;23616479617871;;JIT GLOBAL LOGISTICS SUPPLY CHAIN CO. LIMITED-EX SMART IRON
10340036;3616479617884;EPLUCHEUR BOIS CLAIR CRF VRAC + GENCOD;;00162320;13616479617881;23616479617888;;JIT GLOBAL LOGISTICS SUPPLY CHAIN CO. LIMITED-EX SMART IRON
10340037;3616479606581;TARTINEUR BOIS CLAIR CRF VRAC + GENCOD;;00173657;13616479606588;23616479606585;;JIT GLOBAL LOGISTICS SUPPLY CHAIN CO. LIMITED-EX SMART IRON
Acce0610004;3616479617891;FUSIL A AIGUISER  CRF;;00168334;13616479617898;23616479617895;;GENERALE DE DECOUPAGE
10340038;3616479606635;BLOC PIN 6 STEAK BOIS TRADITIONNEL CRF;;00159223;13616479606632;23616479606639;;GENERALE DE DECOUPAGE
11710011;3616479606598;CAMPAGNARD 12CM  TRADITION BOIS CRF SS CARTONNETTE CRF;;00175080;13616479606595;23616479606592;;GENERALE DE DECOUPAGE
11710012;3616479606604;DESOSSER TRADITION BOIS CRF SS CARTONNETTE CRF;;00175080;13616479606601;23616479606608;;GENERALE DE DECOUPAGE
11710013;3616479617822;CUISINE 15CM TRADITION BOIS CRF SS CARTONNETTE CRF;;00175080;13616479617829;23616479617826;;GENERALE DE DECOUPAGE
11710014;3616479617839;CHEF 20CM TRADITION BOIS CRF SS CARTONNETTE CRF;;00175080;13616479617836;23616479617833;;GENERALE DE DECOUPAGE
11710015;3616479617846;PAIN 22CM TRADITION BOIS CRF SS CARTONNETTE CRF;;00175080;13616479617843;23616479617840;;GENERALE DE DECOUPAGE
11710016;3616479606611;SANTOKU TRADITION BOIS CRF SS CARTONNETTE CRF;;00165396;13616479606618;23616479606615;;GENERALE DE DECOUPAGE
11710017;3616479606628;SET 3 COUTEAUX TRADITION BOIS CRF;;00175080;13616479606625;23616479606622;;GENERALE DE DECOUPAGE
10590011;3118220043398;LA VERITABLE TROUSSE DU GAGNANT OBJECTIF TOP CHEF;;00132645;13118220043395;23118220043392;;GENERALE DE DECOUPAGE
10590012;3118220043404;LA VERITABLE TROUSSE TB;;00134332;13118220043401;23118220043408;;GENERALE DE DECOUPAGE
21520037;3118220043442;M16 LAGUIOLE INTUITION BELLE SAISON EN BOITE LAGUIOLE;;00169477;13118220043449;23118220043446;;JIEYANG HONGXING STAINLESS STEEL PRODUCTS MANUFACTORY (HX)
21520038;3118220043459;M16 LAGUIOLE INTUITION JUNGLE EN BOITE LAGUIOLE;;00118262;13118220043456;23118220043453;;NOSKI
10424329;3497674176136;OFFICE  9CM BRIGADE FORGE PREMIUM MIOGO SS CARTO BOULANGER;;00128895;13497674176133;23497674176130;;GENERALE DE DECOUPAGE
10424330;3497674176150;CUISINE 15CM BRIGADE FORGE PREMIUM MIOGO SS CARTO BOULANGER;;00128895;13497674176157;23497674176154;;GENERALE DE DECOUPAGE
10424331;3497674176143;PAIN 20CM BRIGADE FORGE PREMIUM MIOGO SS CARTO BOULANGER;;00128895;13497674176140;23497674176147;;GENERALE DE DECOUPAGE
10424332;3497674176167;SANTOKU  18CM BRIGADE FORGE PREMIUM MIOGO SS CARTO BOULANGER;;00128895;13497674176164;23497674176161;;GENERALE DE DECOUPAGE
10424333;3497674176129;CHEF 20CM BRIGADE FORGE PREMIUM MIOGO SS CARTO BOULANGER;;00128895;13497674176126;23497674176123;;GENERALE DE DECOUPAGE
10320037;3118220043473;LOT DE 3 COUTEAUX OFFICE MICRODENTE EASY FRANCE;;00175081;13118220043470;23118220043477;;GENERALE DE DECOUPAGE
10320038;3118220043480;LOT DE 3 COUTEAUX OFFICE LISSE EASY FRANCE;;00175081;13118220043487;23118220043484;;GENERALE DE DECOUPAGE
10320039;3118220043497;LOT DE 3 COUTEAUX STEAK MICRODENTE FRANCE;;00169433;13118220043494;23118220043491;;GENERALE DE DECOUPAGE
10320040;3118220043503;LOT DE 3 COUTEAUX COTE A L'OS MICRODENTE EASY FRANCE;;00175081;13118220043500;23118220043507;;GENERALE DE DECOUPAGE
51740005;3118220043510;SET DE 2 MUGS  PORCELAINE NOIRE TOP CHEF;;00116944;13118220043517;23118220043514;;RSLEE CERAMICS CO, LID
Acce1890001;3118220043527;TABLIER CUISINE NOIR 88*68CM 65% POLYEST. 35% COTON TOP CHEF;;00117900;13118220043524;23118220043521;;SHAOXING KEFEI TEXTILE CO LTD
Acce1890002;3118220043534;SET DE 3 TORCHONS NOIR 50*70 CM 100% COTON TOP CHEF;;00116969;13118220043531;23118220043538;;SHAOXING KEFEI TEXTILE CO LTD
21520039;3118220043541;M16 LAGUIOL INTUITION METAL PVD CHAMPAGNE MAT BOIT LAG BLEUE;;00141572;13118220043548;23118220043545;;JIEYANG HONGXING STAINLESS STEEL PRODUCTS MANUFACTORY (HX)
21520040;3118220043558;COUTEAU LAGUIOLE INTUITION PVD CHAMPAGNE MAT + GENCOD;;00117087;13118220043555;23118220043552;;JIEYANG HONGXING STAINLESS STEEL PRODUCTS MANUFACTORY (HX)
21520041;3118220043565;FOURCHETTE LAGUIOLE INTUITION PVD CHAMPAGNE MAT + GENCOD;;00150076;13118220043562;23118220043569;;JIEYANG HONGXING STAINLESS STEEL PRODUCTS MANUFACTORY (HX)
21520042;3118220043572;CUILLERE LAGUIOLE INTUITION PVD CHAMPAGNE MAT + GENCOD;;00150076;13118220043579;23118220043576;;JIEYANG HONGXING STAINLESS STEEL PRODUCTS MANUFACTORY (HX)
21520043;3118220043589;CAFE LAGUIOLE INTUITION PVD CHAMPAGNE MAT + GENCOD;;00117087;13118220043586;23118220043583;;JIEYANG HONGXING STAINLESS STEEL PRODUCTS MANUFACTORY (HX)
21520044;3118220043596;M16 LAGUIOLE INTUITION METAL PVD BRONZE MAT BOITE LAG BLEUE;;00117087;13118220043593;23118220043590;;JIEYANG HONGXING STAINLESS STEEL PRODUCTS MANUFACTORY (HX)
21520045;3118220043602;COUTEAU LAGUIOLE INTUITION PVD BRONZE MAT + GENCOD;;00117087;13118220043609;23118220043606;;JIEYANG HONGXING STAINLESS STEEL PRODUCTS MANUFACTORY (HX)
21520046;3118220043619;FOURCHETTE LAGUIOLE INTUITION PVD BRONZE MAT + GENCOD;;00117087;13118220043616;23118220043613;;JIEYANG HONGXING STAINLESS STEEL PRODUCTS MANUFACTORY (HX)
21520047;3118220043626;CUILLERE LAGUIOLE INTUITION PVD BRONZE MAT + GENCOD;;00117087;13118220043623;23118220043620;;JIEYANG HONGXING STAINLESS STEEL PRODUCTS MANUFACTORY (HX)
21520048;3118220043633;CAFE LAGUIOLE INTUITION PVD BRONZE MAT + GENCOD;;00117087;13118220043630;23118220043637;;JIEYANG HONGXING STAINLESS STEEL PRODUCTS MANUFACTORY (HX)
Cons0850026;3118220043671;SAC 10KG COLLE PTS METAFLASH 70130;;00161675;13118220043678;23118220043675;;SARL LABORD GLUECOM FRANCE
71590044;3118220043695;CASSEROLE 16CM TOP CHEF EN FONTE D'ALUMINIUM;;00116314;13118220043692;23118220043699;;AISHIDA CO LTD (ASD)
10320041;3616479617907;LOT 6 STEAK 1/2 SOIE NOIR FAUX RIVETS SCOTCHE ROUGE FILM CRF;;00159963;13616479617904;23616479617901;;JIT GLOBAL LOGISTICS SUPPLY CHAIN CO. LIMITED-EX SMART IRON
Comp0740176;3118220043701;BANDEAU LINEAIRE TB HTE COUTELLERIE 1330*400 GSS EN FOREX;;00117398;13118220043708;23118220043705;;IMPRIMERIE GUIGON
Comp0740177;3118220043718;ENSEMBLE VISUEL 1310 STA0452 POUR LINEAIRE CUISSON TOP CHEF;;00118391;13118220043715;23118220043712;;IMPRIMERIE GUIGON
Comp0740178;3118220043725;BANDEAU MAGNETIQUE 1 VITRINE GIFI  2022 1000*430MM;;00123090;13118220043722;23118220043729;;IMPRIMERIE GUIGON
Comp0740179;3118220043732;BANDEAU MAGNETIQUE 2 MIXTE TB COLLECT-LAGUIOLE HERIT 1000MM;;00123090;13118220043739;23118220043736;;IMPRIMERIE GUIGON
Comp0740180;3118220043749;BANDEAU MAGNETIQUE 3 LAGUIOLE HERITAGE 1000MM;;00123090;13118220043746;23118220043743;;IMPRIMERIE GUIGON
Comp0740181;3118220043770;BANDEAU MAGNETIQUE  TB COLLECTION 1330*20 MM;;00118531;13118220043777;23118220043774;;IMPRIMERIE GUIGON
11500012;3118220043855;SET 3 CTX (OFFICE,CUISINE,SANTOKU)  POLYMERE TOP CHEF;;00118650;13118220043852;23118220043859;;GENERALE DE DECOUPAGE
11510023;3118220043862;SET 3 CTX (OFFICE,CUIS.,SANTOKU)  BOIS STABILISE TOP CHEF;;00118650;13118220043869;23118220043866;;GENERALE DE DECOUPAGE
11500013;3118220043879;SET 4 STEAKS MANCHE POLYMERE TOP CHEF;;00118650;13118220043876;23118220043873;;GENERALE DE DECOUPAGE
11510024;3118220043886;SET 4 STEAKS MANCHE BOIS STABILISE TOP CHEF;;00118650;13118220043883;23118220043880;;GENERALE DE DECOUPAGE
21520049;3118220043893;M16 LAGUIOLE INTUITION BRILLANT EN BOITE LAGUIOLE;;00117670;13118220043890;23118220043897;;JIEYANG HONGXING STAINLESS STEEL PRODUCTS MANUFACTORY (HX)
21520050;3118220043909;M16 LAGUIOLE INTUITION SATINE EN BOITE LAGUIOLE;;00117670;13118220043906;23118220043903;;JIEYANG HONGXING STAINLESS STEEL PRODUCTS MANUFACTORY (HX)
Comp1490017;3118220044081;BOITE A GLISSIERE  BOIS 148x38x40;;00118084;13118220044088;23118220044085;;BOXS LE SPECIALISTE DES BOITES
10590013;3118220044098;LAME COUTEAU TOP CHEF 1800MM;;00118089;13118220044095;23118220044092;;GENERALE DE DECOUPAGE
10070029;3118220044111;BLOC FINALISTE TOP CHEF AVEC CTX LAME INOX ET LAME ORANGE;;00118506;13118220044118;23118220044115;;GENERALE DE DECOUPAGE
10120198;3118220044128;BLOC 5 COUTEAUX FORGES GEORGES MANCHE BOIS V2;;00118498;13118220044125;23118220044122;;GENERALE DE DECOUPAGE
21900001;3118220044142;M16 EXQUIS SATIN  EN BOITE TB PREMIUM;;00118488;13118220044149;23118220044146;;JIEYANG HONGXING STAINLESS STEEL PRODUCTS MANUFACTORY (HX)
21900002;3118220044159;COUTEAU  EXQUIS SATIN  VRAC + GENCOD;;00118488;13118220044156;23118220044153;;JIEYANG HONGXING STAINLESS STEEL PRODUCTS MANUFACTORY (HX)
21900003;3118220044166;FOURCHETTE  EXQUIS SATIN  VRAC + GENCOD;;00118488;13118220044163;23118220044160;;JIEYANG HONGXING STAINLESS STEEL PRODUCTS MANUFACTORY (HX)
21900004;3118220044173;CUILLERE  EXQUIS SATIN  VRAC + GENCOD;;00118488;13118220044170;23118220044177;;JIEYANG HONGXING STAINLESS STEEL PRODUCTS MANUFACTORY (HX)
21900005;3118220044180;CAFE  EXQUIS SATIN  VRAC + GENCOD;;00118488;13118220044187;23118220044184;;JIEYANG HONGXING STAINLESS STEEL PRODUCTS MANUFACTORY (HX)
30363723;3118220044227;M24 TROQUET VERT DE GRIS PANTONE 5595 C POT PET;;00173654;13118220044224;23118220044221;;JIEYANG HONGXING STAINLESS STEEL PRODUCTS MANUFACTORY (HX)
Comp0750058;3118220044371;ENSEMBLE FOREX HAUT+BAS POUR DISPLAY MAREYEUR KIT0750038;;00119852;13118220044378;23118220044375;;IMPRIMERIE GUIGON
30101114;3118220044395;M16 LAGUIOLE ABS MULTICOLOR PASTEL  1/2 SOIE;;00119723;13118220044392;23118220044399;;JIEYANG HONGXING STAINLESS STEEL PRODUCTS MANUFACTORY (HX)
11520005;3118220044401;COFFRET 4 MOKAS INTUITION BRILLANT BOITE LAGUIOLE;;00119702;13118220044408;23118220044405;;JIEYANG HONGXING STAINLESS STEEL PRODUCTS MANUFACTORY (HX)
11520006;3118220044418;COFFRET 4 MAZAGRANS INTUITION BRILLANT BOITE LAGUIOLE;;00119702;13118220044415;23118220044412;;JIEYANG HONGXING STAINLESS STEEL PRODUCTS MANUFACTORY (HX)
11060128;3118220044425;COUTEAU UNBOXER BLEU MARINE NATIONALE EN TUBE TELESCOPIQUE;;00171889;13118220044422;23118220044429;;GENERALE DE DECOUPAGE
11060129;3118220044432;COUTEAU UNBOXER ROUGE MARINE NATIONALE EN TUBE TELESCOPIQUE;;00172198;13118220044439;23118220044436;;GENERALE DE DECOUPAGE
Cons0850029;3118220044449;FILM ETIRABLE NOIR OPAQUE 500MM POUR MACHINE bobine 16KG;;00164618;13118220044446;23118220044443;;BBA EMBALLAGES
10100019;3118220044456;CISEAU UNIVERSEL LAGUIOLE HERITAGE ABS NOIR;;00164617;13118220044453;23118220044450;;YANGJIANG YINHONG INDUSTRIES CO., LTD
10100020;3118220044463;CISAILLE A VOLAILLE LAGUIOLE HERITAGE ABS NOIR;;00119961;13118220044460;23118220044467;;B.H.P INDUSTRIES.CO Ltd
Acce0610005;3118220044524;AIGUISEUR DOUBLE DIAMANT SOUS BLISTER LAGUIOLE HERITAGE;;00164610;13118220044521;23118220044528;;AOYAM KITCHEN (ZHONGSHAN) CO., LTD - EX HIAMEA
40590005;3118220044531;RAPE MANCHE BICOLORE LAGUIOLE HERITAGE;;00164613;13118220044538;23118220044535;;GUANGWEI HOUSEHOLD PRODUCTS LIMITED (EX DIAMOND TRACK)
10110014;3118220044548;STEAK LAGUIOLE HERITAGE MANCHE PAKKAWOOD BOITE CARTON;;00120921;13118220044545;23118220044542;;GUANGWEI HOUSEHOLD PRODUCTS LIMITED (EX DIAMOND TRACK)
10110015;3118220044555;MULTI USAGE DENTE LAG  HERITAGE MANCHE PAKKAWOOD BTE CARTON;;00120921;13118220044552;23118220044559;;GUANGWEI HOUSEHOLD PRODUCTS LIMITED (EX DIAMOND TRACK)
21620002;3118220044562;MENAGERE 48 PIECES VARIO INOX EN RANGE COUVERT NOIR;;00120849;13118220044569;23118220044566;;JIEYANG CITY WANXIN HARDWARE PRODUCTS CO LTD (WX)
Comp1490026;3118220044609;BOITE VIDE TB COLLECTION POUR PIERRE A AIGUISER;;00122896;13118220044606;23118220044603;;GUANGWEI HOUSEHOLD PRODUCTS LIMITED (EX DIAMOND TRACK)
Comp1490027;3118220044616;BOITE VIDE TB COLLECTION POUR BARRE AIMANTEE;;00122896;13118220044613;23118220044610;;GUANGWEI HOUSEHOLD PRODUCTS LIMITED (EX DIAMOND TRACK)
Comp1490028;3118220044623;BOITE VIDE CARREFOUR HOME POUR PIERRE A AIGUISER;;00127359;13118220044620;23118220044627;;GUANGWEI HOUSEHOLD PRODUCTS LIMITED (EX DIAMOND TRACK)
11520007;3118220045057;COUTEAU INTUITION BRILLANT EN VRAC POUR VITRINE;;00123378;13118220045054;23118220045051;;JIEYANG HONGXING STAINLESS STEEL PRODUCTS MANUFACTORY (HX)
11520008;3118220045064;FOURCHETTE INTUITION BRILLANT EN VRAC POUR VITRINE;;00123378;13118220045061;23118220045068;;JIEYANG HONGXING STAINLESS STEEL PRODUCTS MANUFACTORY (HX)
11520009;3118220045071;CUILLERE INTUITION BRILLANT EN VRAC POUR VITRINE;;00123378;13118220045078;23118220045075;;JIEYANG HONGXING STAINLESS STEEL PRODUCTS MANUFACTORY (HX)
11520010;3118220045088;CAFE INTUITION BRILLANT EN VRAC POUR VITRINE;;00123378;13118220045085;23118220045082;;JIEYANG HONGXING STAINLESS STEEL PRODUCTS MANUFACTORY (HX)
10110016;3118220045095;OFFICE LAGUIOLE HERITAGE MANCHE PAKKAWOOD EN VRAC;;00123379;13118220045092;23118220045099;;GUANGWEI HOUSEHOLD PRODUCTS LIMITED (EX DIAMOND TRACK)
10110022;3118220045101;SANTOKU LAGUIOLE HERITAGE MANCHE PAKKAWOOD EN VRAC;;00123379;13118220045108;23118220045105;;GUANGWEI HOUSEHOLD PRODUCTS LIMITED (EX DIAMOND TRACK)
Comp1490029;3118220044753;BOITE VIDE TB COLLECTION POUR FOURCHETTE FORGEE;;00138157;13118220044750;23118220044757;;DONG GUAN QYPACKING PRODUCTS LIMITED (AUZON)
Comp0590002;3118220044777;CAISSETTE NEUTRE 400*290*140 10KG + COUVERCLE;;00122770;13118220044774;23118220044771;;BYS
Comp0750059;3118220044784;DEMI DISPLAY BOIS LE MAREYEUR VIDE;;00178914;13118220044781;23118220044788;;SAS SEIGNOL USINAGE
Comp0740184;3118220044791;VISUEL POUR LINEAIRE 1000 COUTEAUX ET CUISSON TOP CHEF;;00122728;13118220044798;23118220044795;;IMPRIMERIE GUIGON
Comp0750060;3118220044814;ENSEMBLE VISUEL POUR DISPLAY MAREYEUR KIT0750047;;00137147;13118220044811;23118220044818;;IMPRIMERIE GUIGON
Comp0750061;3118220044906;BROCHE NOIR SIMPLE L500 Ø10 POUR BDC AVEC P.E MEME LONGUEUR;;00124514;13118220044903;23118220044900;;TILT EQUIPEMENT
Comp0750062;3118220044913;RIVET PRESSION POM BLANC  Ø4.7 EP 1 A 5.5MM LONGUEUR 15MM;;00132571;13118220044910;23118220044917;;ESSENTRA COMPONENTS SAS
Cons0750011;3118220044920;COIFFE EN CARTON DISPLAY PALETTE 41.5*102*172 C30;;00125282;13118220044927;23118220044924;;CARTONNAGES DU VALDORE CELTA
Comp0750063;3118220044937;STRUCTURE DISPLAY 1200*800 OP FIDELITE TOP CHEF 2023;;00124956;13118220044934;23118220044931;;GENERALE DE DECOUPAGE
Comp0750064;3118220044944;EMBASE DROITE STRUCTURE DISPLAY TOP CHEF-LAG HERITAGE 2023;;00132652;13118220044941;23118220044948;;GENERALE DE DECOUPAGE
Comp0750065;3118220044951;EMBASE GAUCHE STRUCTURE DISPLAY TOP CHEF-LAG HERITAGE 2023;;00132652;13118220044958;23118220044955;;GENERALE DE DECOUPAGE
Comp0750066;3118220044968;ETAGERE STRUCTURE DISPLAY GM OPE TOP CHEF- LAG HERITAGE 2023;;00132652;13118220044965;23118220044962;;GENERALE DE DECOUPAGE
Comp0750067;3118220044975;STRUCTURE DISPLAY 1000*400 OP FIDELITE TOP CHEF 2023;;00124956;13118220044972;23118220044979;;GENERALE DE DECOUPAGE
Comp0750068;3118220044982;ETAGERE STRUCTURE DISPLAY PM OP FIDELITE TOP CHEF 2023;;00124956;13118220044989;23118220044986;;GENERALE DE DECOUPAGE
Comp0750069;3118220044999;PALETTE 1000*400  PLIEE POUR DISPLAY PM OP FID TOP CHEF 2023;;00124956;13118220044996;23118220044993;;GENERALE DE DECOUPAGE
Comp0740185;3118220045118;MAGNET VISUEL LAGUIOLE HERITAGE BAC  6 COMPARTIMENTS;;00124565;13118220045115;23118220045112;;IMPRIMERIE GUIGON
Comp0740186;3118220045125;MAGNET VISUEL TB COLLECTION BAC  6 COMPARTIMENTS;;00124565;13118220045122;23118220045129;;IMPRIMERIE GUIGON
Comp0740187;3118220045132;MAGNET VISUEL VITRINE COUTELLERIE CONFORAMA;;00124565;13118220045139;23118220045136;;IMPRIMERIE GUIGON
Comp0740188;3118220045149;KAKEMONO TOP CHEF RECTO VERSO  200*1000MM SUPPORT PVC SOUPLE;;00124565;13118220045146;23118220045143;;IMPRIMERIE GUIGON
Comp0740189;3118220045156;KAKEMONO TB COLLECTION 200*1000MM SUPPORT PVC SOUPLE;;00124565;13118220045153;23118220045150;;IMPRIMERIE GUIGON
Comp0740190;3118220045170;ENSEMBLE DE 17 COUTEAUX IMPLANTATION VITRINE CONFORAMA 2022;;00125280;13118220045177;23118220045174;;GENERALE DE DECOUPAGE
10320042;3118220045187;LOT DE 3 CTX OFFICE MICRODENTE EASY FRANCE EN DISPLAY PAR 48;;00162692;13118220045184;23118220045181;;GENERALE DE DECOUPAGE
10320043;3118220045194;LOT DE 3 CTX OFFICE LISSE EASY FRANCE EN DISPLAY DE 48P;;00175081;13118220045191;23118220045198;;GENERALE DE DECOUPAGE
10320044;3118220045200;LOT DE 3 CTX STEAK MICRODENTE EASY FRANCE EN DISPLAY DE 48P;;00161325;13118220045207;23118220045204;;GENERALE DE DECOUPAGE
10320045;3118220045217;LOT DE 3 CTX COTE A L'OS MICRODENTE EASY FRANCE DISPLAY 48P;;00175081;13118220045214;23118220045211;;GENERALE DE DECOUPAGE
Comp0600001;3118220045231;FUSIL POUR BLOC NOIR MAT 8PCE  1/2 SOIE;;00124386;13118220045238;23118220045235;;MINGHAO (YANGJIANG) CHAIN SUPPLIERS CO. LTD-EX VICO
30150008;3118220045248;COUTEAU AMANDE VERT DE GRIS 622C + GENCOD;;00150076;13118220045245;23118220045242;;JIEYANG HONGXING STAINLESS STEEL PRODUCTS MANUFACTORY (HX)
30150009;3118220045255;FOURCHETTE AMANDE VERT DE GRIS 622C + GENCOD;;00150076;13118220045252;23118220045259;;JIEYANG HONGXING STAINLESS STEEL PRODUCTS MANUFACTORY (HX)
30150010;3118220045262;CUILLERE AMANDE VERT DE GRIS 622C + GENCOD;;00162322;13118220045269;23118220045266;;JIEYANG HONGXING STAINLESS STEEL PRODUCTS MANUFACTORY (HX)
30150011;3118220045279;CAFE AMANDE VERT DE GRIS 622C + GENCOD;;00179321;13118220045276;23118220045273;;JIEYANG HONGXING STAINLESS STEEL PRODUCTS MANUFACTORY (HX)
Comp0750070;3118220045286;CASQUETTE FOREX PM AIMANTE 1000*450 MM OPE TOP CHEF 2023;;00126766;13118220045283;23118220045280;;IMPRIMERIE GUIGON
Comp0750071;3118220045293;HABILLAGE GAUCHE FOREX 400*1800 MM DISPLAY OPE TOP CHEF 2023;;00126766;13118220045290;23118220045297;;IMPRIMERIE GUIGON
Comp0750072;3118220045309;HABILLAGE DROIT FOREX 400*1800 MM DISPLAY OPE TOP CHEF 2023;;00126766;13118220045306;23118220045303;;IMPRIMERIE GUIGON
Comp0750073;3118220045316;HABILLAGE FOND CARTON 1000*1800 MM DISPLAY OPE TOP CHEF 2023;;00126766;13118220045313;23118220045310;;IMPRIMERIE GUIGON
Comp0750074;3118220045323;LOT DE 9 ETIQUETTES POUR DISPLAY PM OPE TOP CHEF 2026;;00169579;13118220045320;23118220045327;;IMPRIMERIE GUIGON
Comp0750075;3118220045330;BANDEAU MAGNETIQUE PRIX 745*30 MM DISPLAY OPE TOP CHEF 2023;;00126766;13118220045337;23118220045334;;IMPRIMERIE GUIGON
Comp0750076;3118220045347;CARTON PRESENTATION TORCHONS  DISPLAY OPE TOP CHEF 2023;;00126766;13118220045344;23118220045341;;IMPRIMERIE GUIGON
Comp0750077;3118220045354;CARTON PRESENTATION TABLIERS DISPLAY OPE TOP CHEF 2023;;00126766;13118220045351;23118220045358;;IMPRIMERIE GUIGON
Comp0750078;3118220045361;TOTEM 700*1900MM OPE TOP CHEF 2023;;00126766;13118220045368;23118220045365;;IMPRIMERIE GUIGON
Comp0750079;3118220045378;PORTE LEAFLET OPE TOP CHEF;;00139055;13118220045375;23118220045372;;IMPRIMERIE GUIGON
Comp0750080;3118220045385;CASQUETTE FOREX GM AIMANTE 1200*450 MM OPE TOP CHEF 2023;;00126766;13118220045382;23118220045389;;IMPRIMERIE GUIGON
Comp0750081;3118220045392;HABILLAGE GAUCHE FOREX 500*1800 MM DISPLAY OPE TOP CHEF 2023;;00126766;13118220045399;23118220045396;;IMPRIMERIE GUIGON
Comp0750082;3118220045408;HABILLAGE DROIT FOREX 500*1800 MM DISPLAY OPE TOP CHEF 2023;;00126766;13118220045405;23118220045402;;IMPRIMERIE GUIGON
Comp0750083;3118220045415;HABILLAGE FOND CARTON 1200*1800 MM DISPLAY OPE TOP CHEF 2023;;00126766;13118220045412;23118220045419;;IMPRIMERIE GUIGON
Comp0750084;3118220045422;LOT DE 14 ETIQUETTES POUR DISPLAY GM OPE TOP CHEF 2026;;00169579;13118220045429;23118220045426;;IMPRIMERIE GUIGON
Comp0750085;3118220045439;BANDEAU MAGNETIQUE PRIX 1145*30 MM DISPLAY OPE TOP CHEF 2023;;00126766;13118220045436;23118220045433;;IMPRIMERIE GUIGON
Comp0750086;3118220045446;CACHE PALETTE 1200*800MM DISPLAY OPE TOP CHEF 2023;;00126766;13118220045443;23118220045440;;IMPRIMERIE GUIGON
Comp0750087;3118220045453;MOBILE 700*1000 MM DISPLAY OPE TOP CHEF 2023;;00126766;13118220045450;23118220045457;;IMPRIMERIE GUIGON
Comp0750088;3118220045460;DOUBLE CROCHET GALVANISE Ø2 LONGUEUR 500MM;;00128293;13118220045467;23118220045464;;SPRINTIS .FR
Comp0750089;3118220045477;CROCHET AUTO-ADHESIF 30*30MM BLANC;;00124977;13118220045474;23118220045471;;SPRINTIS .FR
Comp0750090;3118220045484;AFFICHE A0 780*1180 MM DRIVE OPE TOP CHEF;;00139073;13118220045481;23118220045488;;GROUPE CHAUMEIL
Comp0750091;3118220045491;FICHE CAISSE A5  OPE TOP CHEF;;00139071;13118220045498;23118220045495;;GROUPE CHAUMEIL
Comp0750092;3118220045507;VISUEL WOOBLER Ø100 OPE TOP CHEF;;00139058;13118220045504;23118220045501;;IMPRIMERIE GUIGON
Comp0750093;3118220045514;STOP RAYON ADHESIF POUR WOOBLER OPE TOP CHEF;;00139626;13118220045511;23118220045518;;SPRINTIS .FR
Comp0750094;3118220045521;BARRE DE CAISSE  OPE TOP CHEF;;00139625;13118220045528;23118220045525;;MEDIANEXT SAS
10610003;3118220045576;FUSIL PROFESSIONNEL TB COLLECTION;;00164614;13118220045573;23118220045570;;WUYI HUAYING KITCHENWARE CO LTD
Comp1240004;3118220045583;ETIQUETTE ADHESIVE  POUR FUSIL TB COLLECTION 10610003;;00140110;13118220045580;23118220045587;;LABEL G2 ETIQUETTE
10120199;3616953395628;COUTEAU OFFICE 10CM CHEF PROMOCASH;;00144551;03616955679627;03616953833649;;GENERALE DE DECOUPAGE
10120200;3616953395635;COUTEAU STEAK 12.5CM CHEF PROMOCASH;;00144551;03616955679634;03616953833656;;GENERALE DE DECOUPAGE
10120201;3616953395642;COUTEAU DESOSSER 15CM CHEF  PROMOCASH;;00144551;03616955679641;03616953833663;;GENERALE DE DECOUPAGE
10120202;3616953395659;COUTEAU CUISINE 17CM FORGE CHEF  PROMOCASH;;00144551;03616955679658;03616953833670;;GENERALE DE DECOUPAGE
10120203;3616953395666;COUTEAU SANTOKU  CHEF  PROMOCASH;;00175343;03616955679665;03616953833687;;GENERALE DE DECOUPAGE
10120204;3616953395833;COUTEAU BOUCHER 21CM CHEF  PROMOCASH;;00144551;03616955679702;03616953834028;;GENERALE DE DECOUPAGE
10120205;3616953395673;COUTEAU CUISINE 25CM CHEF  PROMOCASH;;00144551;03616955679672;03616953833694;;GENERALE DE DECOUPAGE
10120206;3616953395826;COUTEAU PAIN 20CM CHEF  PROMOCASH;;00144551;03616955679696;03616953834011;;GENERALE DE DECOUPAGE
10120207;3616953395840;COUTEAU JAMBON 25CM CHEF  PROMOCASH;;00144551;03616955679719;03616953834035;;GENERALE DE DECOUPAGE
10460008;3616953395857;COUPERET EXPERT PROMOCASH SUR CARTE;;00144551;03616955679726;03616953834042;;GENERALE DE DECOUPAGE
11060130;3118220045620;CAC S200 SERRATION MANCHE G10 TOXIFIÉ ORANGE BOITE TECHNIQ;;00136756;13118220045627;23118220045624;;GENERALE DE DECOUPAGE
11060131;3118220045637;CAC S200 SERRATION MANCHE G10 TOXIFIÉ ARDOISE BOITE TECHNIQ;;00169059;13118220045634;23118220045631;;GENERALE DE DECOUPAGE
Comp0750095;3118220045767;PLANCHE A4  DE 21 ETIQUETTES DISPLAY PM OPE TOP CHEF 2023;;00126766;13118220045764;23118220045761;;IMPRIMERIE GUIGON
Cons0850030;3118220045774;PAPIER PAD GREEN LINE FILLPACK TT 70GR 360M;;00152393;13118220045771;23118220045778;;BBA EMBALLAGES
Cons0850032;3118220045798;ETUI RECTANGULAIRE 620X100*X100 B20K BRUN;;00127452;13118220045795;23118220045792;;BBA EMBALLAGES
Cons0850033;3118220045804;CAISSE AME DOUBLE CANNELURE 140 x 80 x 40;;00127839;13118220045801;23118220045808;;BBA EMBALLAGES
Comp0740191;3118220045842;ETAGERE COUTEAUX CARREFOUR DEMI ELEMENT;;00134520;13118220045849;23118220045846;;GENERALE DE DECOUPAGE
Comp0740192;3118220045859;BANNIERE COUTEAUX 150MM * HTR 1000MM EN FRANCAIS;;00134584;13118220045856;23118220045853;;IMPRIMERIE GUIGON
Comp0740193;3118220045866;FRONTON DE PRESENTATION DES GAMMES 1300MM * HTR 350MM;;00134584;13118220045863;23118220045860;;IMPRIMERIE GUIGON
10600009;3118220045873;BLOC NOIR MAT 8PCE  1/2 SOIE TOP CHEF;;00133548;13118220045870;23118220045877;;MINGHAO (YANGJIANG) CHAIN SUPPLIERS CO. LTD-EX VICO
11060132;3118220045910;CTX BIVOUAC ROUGE MARINE NAT AVEC ETUI ET COUVERTS EN SACHET;;00158876;13118220045917;23118220045914;;GENERALE DE DECOUPAGE
11060133;3118220045927;CTX BIVOUAC BLEU MARINE NAT AVEC ETUI ET COUVERTS EN SACHET;;00155803;13118220045924;23118220045921;;GENERALE DE DECOUPAGE
11060134;3118220045934;CTX BIVOUAC ROUGE AVEC ETUI ET COUVERTS EN SACHET PLASTIQUE;;00169511;13118220045931;23118220045938;;GENERALE DE DECOUPAGE
11060135;3118220045941;CTX BIVOUAC BLEU AVEC ETUI ET COUVERTS EN SACHET PLASTIQUE;;00155279;13118220045948;23118220045945;;GENERALE DE DECOUPAGE
Cons0850034;3118220045958;BOUCLE DE CERCLAGE  METAL 16MM;;00164618;13118220045955;23118220045952;;BBA EMBALLAGES
Cons0850035;3118220045965;FEUILLARD TEXTILE 16MM;;00164618;13118220045962;23118220045969;;BBA EMBALLAGES
Comp0750096;3118220045989;RIVET DE MONTAGE BLANC  Ø4 POUR EPAISSEUR 5.6 A 7.1 MM;;00128353;13118220045986;23118220045983;;ESSENTRA COMPONENTS SAS
Comp1490032;3118220000391;COFFRET BOIS SOMMELIER 200*60*22;;00128473;13118220000398;23118220000395;;GENERALE DE DECOUPAGE
Comp0740194;3118220046009;BANDEAU MAGNETIQUE  LAGUIOLE HERITAGE 1320*40 MM;;00132582;13118220046006;23118220046003;;IMPRIMERIE GUIGON
Comp0740195;3118220046016;BANDEAU MAGNETIQUE  TB COLLECTION 1320*40 MM;;00132582;13118220046013;23118220046010;;IMPRIMERIE GUIGON
10300042;3118220046047;OFFICE 9CM LAG EXPRESSION  BOIS NOIR LAME DAMAS EN BOITE;;00129437;13118220046044;23118220046041;;JIT GLOBAL LOGISTICS SUPPLY CHAIN CO. LIMITED-EX SMART IRON
10300043;3118220046054;STEAK 11CM LAG EXPRESSION  BOIS NOIR LAME DAMAS EN BOITE;;00129437;13118220046051;23118220046058;;JIT GLOBAL LOGISTICS SUPPLY CHAIN CO. LIMITED-EX SMART IRON
10300044;3118220046061;UNIVERSEL 13CM LAG EXPRESSION  BOIS NOIR LAME DAMAS EN BOITE;;00129437;13118220046068;23118220046065;;JIT GLOBAL LOGISTICS SUPPLY CHAIN CO. LIMITED-EX SMART IRON
10300045;3118220046078;CUISINE 15CM LAG EXPRESSION  BOIS NOIR LAME DAMAS EN BOITE;;00129437;13118220046075;23118220046072;;JIT GLOBAL LOGISTICS SUPPLY CHAIN CO. LIMITED-EX SMART IRON
10300046;3118220046085;CHEF 22CM LAG EXPRESSION  BOIS NOIR LAME DAMAS EN BOITE;;00129437;13118220046082;23118220046089;;JIT GLOBAL LOGISTICS SUPPLY CHAIN CO. LIMITED-EX SMART IRON
10300047;3118220046092;SANTOKU ALVEOLE 18CM LAG EXPRES  BOIS NOIR LAME DAMAS EN BTE;;00129437;13118220046099;23118220046096;;JIT GLOBAL LOGISTICS SUPPLY CHAIN CO. LIMITED-EX SMART IRON
10300048;3118220046108;BLOC MAGNETIQUE 5 CTX LAG EXPRESSION BOIS NOIR LAME DAMAS;;00129437;13118220046105;23118220046102;;JIT GLOBAL LOGISTICS SUPPLY CHAIN CO. LIMITED-EX SMART IRON
21600018;3118220046160;M16 ARABESQUE PVD CHAMPAGNE  MAT;;00130602;13118220046167;23118220046164;;JIEYANG CITY WANXIN HARDWARE PRODUCTS CO LTD (WX)
Comp0750097;3118220046214;CASQUETTE CARTON GM AIMANTE 1200*450MM OPE LAG HERITAGE 2023;;00132929;13118220046211;23118220046218;;IMPRIMERIE GUIGON
Comp0750098;3118220046221;VISUEL VITRINE GM AIMANTE 650*439 MM OPE LAG HERITAGE 2023;;00132929;13118220046228;23118220046225;;IMPRIMERIE GUIGON
Comp0750101;3118220046252;HABILLAGE FOND CARTON 1200*1800 MM DISPLAY LAG HERITAGE 2023;;00132929;13118220046259;23118220046256;;IMPRIMERIE GUIGON
Comp0750102;3118220046269;FOND PERFORE DISPLAY GM OP FIDELITE LAG HERITAGE 2023;;00132652;13118220046266;23118220046263;;GENERALE DE DECOUPAGE
Comp0750103;3118220046276;CACHE PALETTE AQUILUX 1200*800MM DISPLAY LAG HERITAGE 2023;;00132929;13118220046273;23118220046270;;IMPRIMERIE GUIGON
Comp0750104;3118220046283;LOT DE 18 ETIQUETTES POUR DISPLAY GM OPE LAG HERITAGE 2023;;00132929;13118220046280;23118220046287;;IMPRIMERIE GUIGON
Comp0750105;3118220046290;BANDEAU  PRIX 1145*30 MM DISPLAY LAG HERITAGE 2023;;00132929;13118220046297;23118220046294;;IMPRIMERIE GUIGON
Comp0750106;3118220046306;BANDEAU PRIX A COLLER 845*30 MM DISPLAY PM LAG HERITAGE 2023;;00132929;13118220046303;23118220046300;;IMPRIMERIE GUIGON
Comp0750107;3118220046337;STRUCTURE DISPLAY 1200*800 OP FIDELITE LAG HERITAGE 2023;;00132652;13118220046334;23118220046331;;GENERALE DE DECOUPAGE
Comp0750108;3118220046344;CASQUETTE CARTON PM AIMANTE 900*450MM OPE LAG HERITAGE 2023;;00132929;13118220046341;23118220046348;;IMPRIMERIE GUIGON
Comp0750109;3118220046351;VISUEL VITRINE PM AIMANTE 500*439 MM OPE LAG HERITAGE 2023;;00132929;13118220046358;23118220046355;;IMPRIMERIE GUIGON
Comp0750110;3118220046368;HABILLAGE GAUCHE FOREX 500*1800MM DISPLAY LAG HERITAGE 2023;;00132929;13118220046365;23118220046362;;IMPRIMERIE GUIGON
Comp0750111;3118220046375;HABILLAGE DROIT FOREX 500*1800MM DISPLAY LAG HERITAGE 2023;;00132929;13118220046372;23118220046379;;IMPRIMERIE GUIGON
Comp0750112;3118220046382;HABILLAGE FOND CARTON 900*1800 MM DISPLAY LAG HERITAGE 2023;;00132929;13118220046389;23118220046386;;IMPRIMERIE GUIGON
Comp0750113;3118220046399;LOT DE 14 ETIQUETTES POUR DISPLAY OP LH 2026;;00178068;13118220046396;23118220046393;;GROUPE CHAUMEIL
Comp0750114;3118220046405;BANDEAU  PRIX 845*30 MM DISPLAY LAG HERITAGE 2023;;00132929;13118220046402;23118220046409;;IMPRIMERIE GUIGON
Comp0750115;3118220046412;STRUCTURE DISPLAY 900*400 OP FIDELITE LAG HERITAGE 2023;;00132652;13118220046419;23118220046416;;GENERALE DE DECOUPAGE
Comp0750116;3118220046429;ETAGERE DISPLAY 900*400 OP FIDELITE LAG HERITAGE 2023;;00132652;13118220046426;23118220046423;;GENERALE DE DECOUPAGE
Comp0750117;3118220046436;FOND PERFORE DISPLAY PM OP FIDELITE LAG HERITAGE 2023;;00132652;13118220046433;23118220046430;;GENERALE DE DECOUPAGE
Comp0750118;3118220046443;PALETTE PLIEE 900*400 POUR DISPLAY PM OPE LAG HERITAGE 2023;;00132652;13118220046440;23118220046447;;GENERALE DE DECOUPAGE
11060136;3118220046450;COUTEAU FERMANT UNBOXER BLEU MARINE EN TUBE TELESCOPIQUE;;00129163;13118220046457;23118220046454;;GENERALE DE DECOUPAGE
21600020;3118220046528;M16 ARABESQUE PVD NOIR  MAT;;00130602;13118220046525;23118220046522;;JIEYANG CITY WANXIN HARDWARE PRODUCTS CO LTD (WX)
Comp0740196;3118220046535;BANDEAU MAGNETIQUE BAC COUVERTS LES ESSENTIELS 450*75MM;;00129430;13118220046532;23118220046539;;IMPRIMERIE GUIGON
Comp0740197;3118220046542;BANDEAU MAGNETIQUE BAC COUVERTS LES COUVERTS INOX 450*75MM;;00129430;13118220046549;23118220046546;;IMPRIMERIE GUIGON
Comp0750119;3118220046641;CASQUETTE AIMANTE TB HTE COUTELLERIE 1000*400MM FOREX NOIR 5;;00129953;13118220046648;23118220046645;;IMPRIMERIE GUIGON
11910001;3118220046658;COUTEAU STEAK BOIS EXCLUSIVE MI;;00178595;13118220046655;23118220046652;;GENERALE DE DECOUPAGE
11060137;3118220046665;CAC SERRATION MANCHE PA6 FV KAKI EN BOITE TECHNIQUE KALOS;;00176122;13118220046662;23118220046669;;GENERALE DE DECOUPAGE
11060138;3118220046672;CAC SERRATION MANCHE PA6 FV NOIR EN BOITE TECHNIQUE KALOS;;00176122;13118220046679;23118220046676;;GENERALE DE DECOUPAGE
11060139;3118220046689;CAC SERRATION VENGEUR EN BOITE TECHNIQUE KALOS;;00154797;13118220046686;23118220046683;;GENERALE DE DECOUPAGE
Comp1490040;3118220046696;DISPLAY CARTON VIDE LAGUIOLE 3 COMPARTIMENTS 173*206*80;;00131307;13118220046693;23118220046690;;CARTONNAGES THOMAS ATRIA
10300049;3118220046702;COFFRET 4 STEAK LAG EXPRESSION BOIS NOIR LAME DAMAS;;00129437;13118220046709;23118220046706;;JIT GLOBAL LOGISTICS SUPPLY CHAIN CO. LIMITED-EX SMART IRON
11910002;3118220046757;COUTEAU STEAK POLYMERE NOIR EXCLUSIVE MI;;00178595;13118220046754;23118220046751;;GENERALE DE DECOUPAGE
11910003;3118220046764;COUTEAU STEAK POLYMERE BEIGE EXCLUSIVE MI;;00154163;13118220046761;23118220046768;;GENERALE DE DECOUPAGE
10920005;3118220046771;COFFRET  7/24 FERMANT MANCHE CERAMIQUE BLANC HN810 wt;;00139422;13118220046778;23118220046775;;GENERALE DE DECOUPAGE
10920006;3118220046788;COFFRET 7/24 FERMANT MANCHE CERAMIQUE NOIR HN810 bk;;00139422;13118220046785;23118220046782;;GENERALE DE DECOUPAGE
11410015;4610032449959;PAIN 21 CM LOUIS  HN706 EN BOITE RETAIL;;00169448;14610032449956;24610032449953;;GENERALE DE DECOUPAGE
Comp0750120;3118220046795;CASQUETTE AIMANTE TB HTE COUTELLERIE 1330*400MM FOREX NOIR 5;;00130384;13118220046792;23118220046799;;IMPRIMERIE GUIGON
10010200;3118220046818;OFFICE METALIS CERAMIQUE LAME BLANCHE MANCHE METAL BTE CDF;;00151549;13118220046815;23118220046812;;DONGGUAN SURPASS STRUCTURE CERAMIC (EX SHENZHEN)
10010201;3118220046825;STEAK METALIS CERAMIQUE LAME BLANCHE MANCHE METAL  BTE CDF;;00151549;13118220046822;23118220046829;;DONGGUAN SURPASS STRUCTURE CERAMIC (EX SHENZHEN)
10010202;3118220046832;CHEF METALIS CERAMIQUE LAME BLANCHE MANCHE METAL  BTE CDF;;00150069;13118220046839;23118220046836;;DONGGUAN SURPASS STRUCTURE CERAMIC (EX SHENZHEN)
10010203;3118220046849;SANTOKU METALIS CERAMIQUE LAME BLANCHE MANCHE METAL  BTE CDF;;00151549;13118220046846;23118220046843;;DONGGUAN SURPASS STRUCTURE CERAMIC (EX SHENZHEN)
11410016;3118220046917;PAIN 21 CM LOUIS EN BOITE RETAIL;;00134113;13118220046914;23118220046911;;GENERALE DE DECOUPAGE
Cons0850036;3118220046931;BOITE DECOUPEE 280*220*80 B-20;;00131370;13118220046938;23118220046935;;GENERALE DE DECOUPAGE
Comp1230007;3118220047075;CAISSETTE BOIS CONTREPLAQUE 300*230*130 VRAC TB COLLECTION;;00156850;13118220047072;23118220047079;;BYS
Comp1230008;3118220047082;INTERCALAIRE CAISSETTE BOIS CONTREPLAQUE 300*230*130;;00135535;13118220047089;23118220047086;;BYS
Pres0860027;3118220047099;DECONDITIONNEMENT COUTEAU EN FOURREAU;;00162794;;;;CENTRE COMMUNAL ACTION SOCIALE CCAS
Comp0750122;3118220047143;RIVET PRESSION POM NOIR Ø4.7 EP 1 A 5.5MM LONGUEUR 15MM;;00132571;13118220047140;23118220047147;;ESSENTRA COMPONENTS SAS
Comp0750123;3118220047150;SEPARATEUR ETAGERE TRANSPARENT 30*15CM EP 0.7MM PIED 2CM ADH;;00132572;13118220047157;23118220047154;;VKF RENZEL FRANCE SAS
Comp0750124;3118220047167;PORTE BROCHURES MURAL A5 VERTICAL TRANSPARENT;;00132573;13118220047164;23118220047161;;SIGMA PLV SIGNALETIQUE SAS
Cons0750012;3118220047174;BOITE CARTONNEE POUR COLLECTEURS OP FID SYSTEME U;;00178196;13118220047171;23118220047178;;IMPRIMERIE DECOMBAT
Comp0740198;3118220047198;BANNIERE CTX 150MM * HTR 1000MM RECTO FRANCAIS VERSO FLAMAND;;00133725;13118220047195;23118220047192;;IMPRIMERIE GUIGON
Cons0750013;3118220047211;AFFICHE A2 420*594 MM DRIVE OPE LAGUIOLE HERITAGE 2023;;00178196;13118220047218;23118220047215;;IMPRIMERIE DECOMBAT
11710019;3118220047228;COFFRET TB COLLECTION 3 COUTEAUX BOIS FABRIQUE EN FRANCE;;00132928;13118220047225;23118220047222;;GENERALE DE DECOUPAGE
30170046;3118220047266;M16 LAGUIOLE DUO BLANC EN BOITE LAGUIOLE HERITAGE;;00133821;13118220047263;23118220047260;;JIEYANG HONGXING STAINLESS STEEL PRODUCTS MANUFACTORY (HX)
11920001;3118220047273;EPLUCHEUR Y LAME DENTEE PIVOTANTE EASY  EN VRAC+GENCOD;;00169433;13118220047270;23118220047277;;GENERALE DE DECOUPAGE
11920002;3118220047280;EPLUCHEUR DROIT LAME DENTEE PIVOTANTE EASY EN VRAC+GENCOD;;00168338;13118220047287;23118220047284;;GENERALE DE DECOUPAGE
11920003;3118220047297;EPLUCHEUR Y LAME DENTEE PIVOTANTE EASY EN DISPLAY DE 48P;;00150304;13118220047294;23118220047291;;GENERALE DE DECOUPAGE
11920004;3118220047303;EPLUCHEUR DROIT LAME DENTEE PIVOTANTE EASY EN DISPLAY DE 48P;;00145493;13118220047300;23118220047307;;GENERALE DE DECOUPAGE
Comp0740199;3118220047327;AIMANT/DISQUE MAGNETIQUE FERRITE Ø10MM HTR 3MM FORCE 200G;;00132904;13118220047324;23118220047321;;SUPERMAGNETE
Comp0850007;3118220047334;COLLIER DE SERRAGE NOIR 200*3,5MM;;00135787;13118220047331;23118220047338;;GENERALE DE DECOUPAGE
Comp0850008;3118220047341;PINCE DOUBLE CLIP NOIRE 32MM;;00133104;13118220047348;23118220047345;;PGDIS
11920005;3118220047365;BLOC PIN 6 GRILLADES EASY BTE PACKBORDABLE TB COLLECTION;;00136111;13118220047362;23118220047369;;GENERALE DE DECOUPAGE
Comp1240005;3118220047372;ETIQ ADHESIVE DRAPEAU POUR FUSIL ACCE0590014;;00141433;13118220047379;23118220047376;;LABEL G2 ETIQUETTE
31930001;3616957760934;M24 LIGHT WOOD EN BOITE CARREFOUR HOME;;00176529;;03616954319708;;JIEYANG HONGXING STAINLESS STEEL PRODUCTS MANUFACTORY (HX)
31930002;3616957761245;COUTEAU LIGHT WOOD  CARREFOUR HOME;;00155571;03616955895034;03616954320018;;JIEYANG HONGXING STAINLESS STEEL PRODUCTS MANUFACTORY (HX)
31930003;3616957761238;FOURCHETTE LIGHT WOOD  CARREFOUR HOME;;00155571;03616955895027;03616954320001;;JIEYANG HONGXING STAINLESS STEEL PRODUCTS MANUFACTORY (HX)
31930004;3616957761269;CUILLERE LIGHT WOOD  CARREFOUR HOME;;00179321;03616955895058;03616954320032;;JIEYANG HONGXING STAINLESS STEEL PRODUCTS MANUFACTORY (HX)
31930005;3616957761252;CAFE LIGHT WOOD CARREFOUR HOME;;00155571;03616955895041;03616954320025;;JIEYANG HONGXING STAINLESS STEEL PRODUCTS MANUFACTORY (HX)
31930006;3118220048294;M24 DROP GREY WOOD EN BOITE TB COLLECTION;;00159965;13118220048291;23118220048298;;JIEYANG HONGXING STAINLESS STEEL PRODUCTS MANUFACTORY (HX)
31930007;3118220048300;COUTEAU DROP GREY WOOD;;00176529;13118220048307;23118220048304;;JIEYANG HONGXING STAINLESS STEEL PRODUCTS MANUFACTORY (HX)
31930008;3118220048317;FOURCHETTE DROP GREY WOOD;;00176529;13118220048314;23118220048311;;JIEYANG HONGXING STAINLESS STEEL PRODUCTS MANUFACTORY (HX)
31930009;3118220048324;CUILLERE DROP GREY WOOD;;00162322;13118220048321;23118220048328;;JIEYANG HONGXING STAINLESS STEEL PRODUCTS MANUFACTORY (HX)
31930010;3118220048331;CAFE DROP GREY WOOD;;00176529;13118220048338;23118220048335;;JIEYANG HONGXING STAINLESS STEEL PRODUCTS MANUFACTORY (HX)
31930011;3616957761528;M24 DARK WOOD EN BOITE CARREFOUR HOME;;00163705;;03616954320230;;JIEYANG HONGXING STAINLESS STEEL PRODUCTS MANUFACTORY (HX)
31930012;3616957761542;COUTEAU DARK WOOD CARREFOUR HOME;;00163705;03616955895256;03616954320254;;JIEYANG HONGXING STAINLESS STEEL PRODUCTS MANUFACTORY (HX)
31930013;3616957761535;FOURCHETTE DARK WOOD CARREFOUR HOME;;00163705;03616955895249;03616954320247;;JIEYANG HONGXING STAINLESS STEEL PRODUCTS MANUFACTORY (HX)
31930014;3616957761566;CUILLERE DARK WOOD CARREFOUR HOME;;00163705;03616955895270;03616954320278;;JIEYANG HONGXING STAINLESS STEEL PRODUCTS MANUFACTORY (HX)
31930015;3616957761559;CAFE DARK.WOOD CARREFOUR HOME;;00163705;03616955895263;03616954320261;;JIEYANG HONGXING STAINLESS STEEL PRODUCTS MANUFACTORY (HX)
22150001;3616957761702;M24 DOTS EN BOITE CARREFOUR HOME;;00147927;;03616954320414;;JIEYANG CITY WANXIN HARDWARE PRODUCTS CO LTD (WX)
22150002;3616957761726;COUTEAU DOTS CARREFOUR HOME;;00147927;03616955895379;03616954320438;;JIEYANG CITY WANXIN HARDWARE PRODUCTS CO LTD (WX)
22150003;3616957761719;FOURCHETTE DOTS CARREFOUR HOME;;00151554;03616955895362;03616954320421;;JIEYANG CITY WANXIN HARDWARE PRODUCTS CO LTD (WX)
22150004;3616957761740;CUILLERE DOTS CARREFOUR HOME;;00151554;03616955895393;03616954320452;;JIEYANG CITY WANXIN HARDWARE PRODUCTS CO LTD (WX)
22150005;3616957761733;CAFE DOTS CARREFOUR HOME;;00151554;03616955895386;03616954320445;;JIEYANG CITY WANXIN HARDWARE PRODUCTS CO LTD (WX)
21960001;3616957761696;M24 GALAXY EN BOITE CARREFOUR HOME;;00162318;;03616954320407;;JIEYANG CITY WANXIN HARDWARE PRODUCTS CO LTD (WX)
32030001;3616957761573;M24 COLOR BLEU PANTONE 7470C EN BOITE CARREFOUR HOME;;00169477;;03616954320285;;JIEYANG HONGXING STAINLESS STEEL PRODUCTS MANUFACTORY (HX)
32030002;3616957761580;M24 COLOR ROUGE PANTONE199C EN BOITE CARREFOUR HOME;;00145269;;03616954320292;;JIEYANG HONGXING STAINLESS STEEL PRODUCTS MANUFACTORY (HX)
32030003;3616957761597;M24 COLOR NOIR PANTONE 6C EN BOITE CARREFOUR HOME;;00151552;;03616954320308;;JIEYANG HONGXING STAINLESS STEEL PRODUCTS MANUFACTORY (HX)
32210001;3616957761771;COUTEAU OPEN UNI COLOR BLEU 2180C CARREFOUR HOME;;00173654;03616955895423;03616954320483;;JIEYANG HONGXING STAINLESS STEEL PRODUCTS MANUFACTORY (HX)
Cons0750014;3118220047402;COIFFE EN CARTON DISPLAY PALETTE 41.5*92*172 C30;;00133674;13118220047409;23118220047406;;CARTONNAGES DU VALDORE CELTA
32210002;3616957761757;FOURCHETTE OPEN UNI COLOR BLEU 2180C CARREFOUR HOME;;00169477;03616955895409;03616954320469;;JIEYANG HONGXING STAINLESS STEEL PRODUCTS MANUFACTORY (HX)
32210003;3616957761818;CUILLERE OPEN UNI COLOR BLEU 2180C CARREFOUR HOME;;00154553;03616955895461;03616954320520;;JIEYANG HONGXING STAINLESS STEEL PRODUCTS MANUFACTORY (HX)
32210004;3616957761795;CAFE OPEN UNI COLOR BLEU 2180C CARREFOUR HOME;;00173654;03616955895447;03616954320506;;JIEYANG HONGXING STAINLESS STEEL PRODUCTS MANUFACTORY (HX)
32210005;3616957761764;COUTEAU OPEN UNI COLOR GRIS BLEUTE 432C CARREFOUR HOME;;00176529;03616955895416;03616954320476;;JIEYANG HONGXING STAINLESS STEEL PRODUCTS MANUFACTORY (HX)
32210006;3616957769142;FOURCHETTE OPEN UNI COLOR GRIS BLEUTE 432C CARREFOUR HOME;;00173654;03616955903036;03616954333414;;JIEYANG HONGXING STAINLESS STEEL PRODUCTS MANUFACTORY (HX)
32210007;3616957761801;CUILLERE OPEN UNI COLOR GRIS BLEUTE 432C CARREFOUR HOME;;00173654;03616955895454;03616954320513;;JIEYANG HONGXING STAINLESS STEEL PRODUCTS MANUFACTORY (HX)
32210008;3616957761788;CAFE OPEN UNI COLOR GRIS BLEUTE 432C CARREFOUR HOME;;00159965;03616955895430;03616954320490;;JIEYANG HONGXING STAINLESS STEEL PRODUCTS MANUFACTORY (HX)
32210009;3616957761610;COUTEAU OPEN UNI COLOR ROUGE 3517C CARREFOUR HOME;;00154553;03616955895294;03616954320322;;JIEYANG HONGXING STAINLESS STEEL PRODUCTS MANUFACTORY (HX)
32210010;3616957761603;FOURCHETTE OPEN UNI COLOR ROUGE 3517C CARREFOUR HOME;;00135537;03616955895287;03616954320315;;JIEYANG HONGXING STAINLESS STEEL PRODUCTS MANUFACTORY (HX)
32210011;3616957761634;CUILLERE OPEN UNI COLOR ROUGE 3517C CARREFOUR HOME;;00151552;03616955895317;03616954320346;;JIEYANG HONGXING STAINLESS STEEL PRODUCTS MANUFACTORY (HX)
32210012;3616957761627;CAFE OPEN UNI COLOR ROUGE 3517C CARREFOUR HOME;;00151552;03616955895300;03616954320339;;JIEYANG HONGXING STAINLESS STEEL PRODUCTS MANUFACTORY (HX)
32210013;3616957761658;COUTEAU OPEN UNI COLOR BEIGE 7529C CARREFOUR HOME;;00179321;03616955895331;03616954320360;;JIEYANG HONGXING STAINLESS STEEL PRODUCTS MANUFACTORY (HX)
32210014;3616957761641;FOURCHETTE OPEN UNI COLOR BEIGE 7529C CARREFOUR HOME;;00169477;03616955895324;03616954320353;;JIEYANG HONGXING STAINLESS STEEL PRODUCTS MANUFACTORY (HX)
32210015;3616957761672;CUILLERE OPEN UNI COLOR BEIGE 7529C CARREFOUR HOME;;00176529;03616955895355;03616954320384;;JIEYANG HONGXING STAINLESS STEEL PRODUCTS MANUFACTORY (HX)
32210016;3616957761665;CAFE OPEN UNI COLOR BEIGE 7529C CARREFOUR HOME;;00162322;03616955895348;03616954320377;;JIEYANG HONGXING STAINLESS STEEL PRODUCTS MANUFACTORY (HX)
32070001;3616957761405;COUTEAU OPEN DECOR CARREAU DE CIMENT CARREFOUR HOME;;00176529;03616955895157;03616954320179;;JIEYANG HONGXING STAINLESS STEEL PRODUCTS MANUFACTORY (HX)
32070002;3616957761399;FOURCHETTE OPEN DECOR CARREAU DE CIMENT  CARREFOUR HOME;;00179321;03616955895140;03616954320162;;JIEYANG HONGXING STAINLESS STEEL PRODUCTS MANUFACTORY (HX)
32070003;3616957761429;CUILLERE OPEN DECOR CARREAU DE CIMENT CARREFOUR HOME;;00176529;03616955895171;03616954320193;;JIEYANG HONGXING STAINLESS STEEL PRODUCTS MANUFACTORY (HX)
32070004;3616957761412;CAFE OPEN DECOR CARREAU DE CIMENT CARREFOUR HOME;;00176529;03616955895164;03616954320186;;JIEYANG HONGXING STAINLESS STEEL PRODUCTS MANUFACTORY (HX)
32070005;3616957761290;COUTEAU OPEN DECOR FUROSHIKI CARREFOUR HOME;;00176529;03616955895072;03616954320070;;JIEYANG HONGXING STAINLESS STEEL PRODUCTS MANUFACTORY (HX)
32070006;3616957761283;FOURCHETTE OPEN DECOR FUROSHIKI CARREFOUR HOME;;00179321;03616955895065;03616954320063;;JIEYANG HONGXING STAINLESS STEEL PRODUCTS MANUFACTORY (HX)
32070007;3616957761313;CUILLERE OPEN DECOR FUROSHIKI CARREFOUR HOME;;00173654;03616955895096;03616954320094;;JIEYANG HONGXING STAINLESS STEEL PRODUCTS MANUFACTORY (HX)
32070008;3616957761306;CAFE OPEN DECOR FUROSHIKI CARREFOUR HOME;;00176529;03616955895089;03616954320087;;JIEYANG HONGXING STAINLESS STEEL PRODUCTS MANUFACTORY (HX)
32070017;3616957761962;COUTEAU OPEN DECOR POIS ROUGE 3517C CARREFOUR HOME;;00176529;03616955895607;03616954320674;;JIEYANG HONGXING STAINLESS STEEL PRODUCTS MANUFACTORY (HX)
32070018;3616957761955;FOURCHETTE OPEN DECOR POIS ROUGE 3517C CARREFOUR HOME;;00179321;03616955895591;03616954320667;;JIEYANG HONGXING STAINLESS STEEL PRODUCTS MANUFACTORY (HX)
32070019;3616957761979;CUILLERE OPEN DECOR POIS ROUGE 3517C CARREFOUR HOME;;00169477;03616955895614;03616954320681;;JIEYANG HONGXING STAINLESS STEEL PRODUCTS MANUFACTORY (HX)
32070020;3616957761986;CAFE OPEN DECOR POIS ROUGE 3517C CARREFOUR HOME;;00176529;03616955895621;03616954320698;;JIEYANG HONGXING STAINLESS STEEL PRODUCTS MANUFACTORY (HX)
32070021;3616957761900;COUTEAU OPEN DECOR POIS NOIR 6C CARREFOUR HOME;;00179321;03616955895546;03616954320612;;JIEYANG HONGXING STAINLESS STEEL PRODUCTS MANUFACTORY (HX)
32070022;3616957761993;FOURCHETTE OPEN DECOR POIS NOIR 6C CARREFOUR HOME;;00179321;03616955895638;03616954320704;;JIEYANG HONGXING STAINLESS STEEL PRODUCTS MANUFACTORY (HX)
32070023;3616957761924;CUILLERE OPEN DECOR POIS NOIR 6C CARREFOUR HOME;;00176529;03616955895560;03616954320636;;JIEYANG HONGXING STAINLESS STEEL PRODUCTS MANUFACTORY (HX)
32070024;3616957761917;CAFE OPEN DECOR POIS NOIR 6C CARREFOUR HOME;;00176529;03616955895553;03616954320629;;JIEYANG HONGXING STAINLESS STEEL PRODUCTS MANUFACTORY (HX)
Comp1230009;3118220047426;CAISSETTE BOIS CONTREPLAQUE 300*230*130 VRAC LAG HERITAGE;;00156850;13118220047423;23118220047420;;BYS
21549920;3118220047433;M16 BAGATELLE POLI MIROIR TOP CHEF;;00133762;13118220047430;23118220047437;;JIEYANG CITY WANXIN HARDWARE PRODUCTS CO LTD (WX)
Comp1240006;3118220047440;ETIQUETTE ADHESIVE DRAPEAU POUR FUSIL ACCE0590015;;00133767;13118220047447;23118220047444;;SEXTANT ETIQUETTES
Comp1240007;3118220047457;ETIQUETTE ADHESIVE DRAPEAU POUR FUSIL ACCE0610004 LOT12431X;;00134957;13118220047454;23118220047451;;LABEL G2 ETIQUETTE
Comp1240008;3118220047464;ETIQUETTE POUR SET GANT CUIR ET HUITRE 40590006;;00134527;13118220047461;23118220047468;;LABEL G2 ETIQUETTE
Comp0750125;3118220047495;ENSEMBLE VISUEL ADHESIVE DISPLAY DEMI MAREYEUR KIT0750061;;00164413;13118220047492;23118220047499;;IMPRIMERIE GUIGON
10340040;3118220047501;LANCETTE HUITRE BOIS TRADITION FRANCE + GENCOD;;00153037;13118220047508;23118220047505;;GENERALE DE DECOUPAGE
10340041;3118220047518;LANCETTE HUITRE BOIS TRADITION FRANCE EN BOURRICHE 54;;00161229;13118220047515;23118220047512;;GENERALE DE DECOUPAGE
Cons0750015;3118220047532;NOTICE MONTAGE DISPLAY PM KIT0750059;;00133960;13118220047539;23118220047536;;IMPRIMERIE GUIGON
Cons0750016;3118220047549;NOTICE MONTAGE DISPLAY GM KIT0750058;;00133960;13118220047546;23118220047543;;IMPRIMERIE GUIGON
11060140;3118220047563;CAC SERRATION MANCHE PA6 TOXIFIE NOIR BOITE TECHNIQUE KALOS;;00176122;13118220047560;23118220047567;;GENERALE DE DECOUPAGE
11060141;3118220047570;CAC SERRATION MANCHE PA6 TOXIFIE KAKI BOITE TECHNIQUE KALOS;;00176122;13118220047577;23118220047574;;GENERALE DE DECOUPAGE
11060142;3118220047587;CAC S200 MICRO VENGEUR EN BOITE TECHNIQUE KALOS;;00176122;13118220047584;23118220047581;;GENERALE DE DECOUPAGE
10070030;3118220047594;BLOC 5 COUTEAUX FURTIF METAL EN BOITE TB COLLECTION;;00134435;13118220047591;23118220047598;;GENERALE DE DECOUPAGE
Outi1940002;3118220047105;LANCETTE HUITRE TRADITION 3 RIVETS DECOUPE LAME;;00134542;;;;TARRERIAS ET CIE
Outi1940003;3118220047419;LANCETTE HUITRE TRADITION 3 RIVETS POSAGE RIVETAGE;;00134739;;;;TARRERIAS ET CIE
Acce1060053;3118220047631;EMBOUT ARRIÈRE LE VENGEUR EN SACHET PLASTIQUE;;00134657;13118220047638;23118220047635;;GENERALE DE DECOUPAGE
10460009;3263853885355;LOT 2 OFFICES POLYPRO LEADER PRICE;;00135135;13263853885352;23263853885359;;GENERALE DE DECOUPAGE
Comp0740217;3118220047846;BARRE DE FORCE 900 MM AVEC EMBOUTS SOUDES;;00180186;13118220047843;23118220047840;;GENERALE DE DECOUPAGE
Outi1940004;3118220046733;OUTIL DE DECOUPE MADE IN COMP1390001;;00134832;;;;TARRERIAS ET CIE
Comp1230010;3118220047877;BOITE NEUTRE  TB COLLECTION;;00156766;13118220047874;23118220047871;;JIEYANG CITY WANXIN HARDWARE PRODUCTS CO LTD (WX)
10120208;3616958188669;FILET DE SOLE 17 CM FORGE PROMOCASH;;00144551;03616956321273;03616954999719;;GENERALE DE DECOUPAGE
Acce0610006;3616958188676;FUSIL A AIGUISER PROMOCASH;;00162667;03616956321280;03616954999726;;GENERALE DE DECOUPAGE
Comp1490047;3118220047969;BOITE CARTON VIDE BLOC MAGNTIQ 5 CTX EXPRESSION METAL;;00147295;13118220047966;23118220047963;;DONG GUAN QYPACKING PRODUCTS LIMITED (AUZON)
32030004;3118220048003;M24 DROP COLOR BLEU  EN BOITE TB COLLECTION;;00165104;13118220048000;23118220048007;;JIEYANG HONGXING STAINLESS STEEL PRODUCTS MANUFACTORY (HX)
32030005;3118220048010;M24 DROP COLOR ROUGE EN BOITE TB COLLECTION;;00135640;13118220048017;23118220048014;;JIEYANG HONGXING STAINLESS STEEL PRODUCTS MANUFACTORY (HX)
32030006;3118220048027;M24 DROP COLOR NOIR  EN BOITE TB COLLECTION;;00165104;13118220048024;23118220048021;;JIEYANG HONGXING STAINLESS STEEL PRODUCTS MANUFACTORY (HX)
32210017;3118220048034;COUTEAU OPEN UNI COLOR ROUGE 3517C TB COLLECTION;;00135640;13118220048031;23118220048038;;JIEYANG HONGXING STAINLESS STEEL PRODUCTS MANUFACTORY (HX)
32210018;3118220048041;FOURCHETTE OPEN UNI COLOR ROUGE 3517C TB COLLECTION;;00135640;13118220048048;23118220048045;;JIEYANG HONGXING STAINLESS STEEL PRODUCTS MANUFACTORY (HX)
32210019;3118220048058;CUILLERE OPEN UNI COLOR ROUGE 3517C TB COLLECTION;;00135640;13118220048055;23118220048052;;JIEYANG HONGXING STAINLESS STEEL PRODUCTS MANUFACTORY (HX)
32210020;3118220048065;CAFE OPEN UNI COLOR ROUGE 3517C TB COLLECTION;;00135640;13118220048062;23118220048069;;JIEYANG HONGXING STAINLESS STEEL PRODUCTS MANUFACTORY (HX)
32210021;3118220048072;COUTEAU OPEN UNI COLOR BLEU 2180C TB COLLECTION;;00151552;13118220048079;23118220048076;;JIEYANG HONGXING STAINLESS STEEL PRODUCTS MANUFACTORY (HX)
32210022;3118220048089;FOURCHETTE OPEN UNI COLOR BLEU 2180C TB COLLECTION;;00169477;13118220048086;23118220048083;;JIEYANG HONGXING STAINLESS STEEL PRODUCTS MANUFACTORY (HX)
32210023;3118220048096;CUILLERE OPEN UNI COLOR BLEU 2180C TB COLLECTION;;00151552;13118220048093;23118220048090;;JIEYANG HONGXING STAINLESS STEEL PRODUCTS MANUFACTORY (HX)
32210024;3118220048102;CAFE OPEN UNI COLOR BLEU 2180C TB COLLECTION;;00151552;13118220048109;23118220048106;;JIEYANG HONGXING STAINLESS STEEL PRODUCTS MANUFACTORY (HX)
32210025;3118220048119;COUTEAU OPEN UNI COLOR GRIS BLEUTE 432C TB COLLECTION;;00152198;13118220048116;23118220048113;;JIEYANG HONGXING STAINLESS STEEL PRODUCTS MANUFACTORY (HX)
32210026;3118220048126;FOURCHETTE OPEN UNI COLOR GRIS BLEUTE 432C TB COLLECTION;;00152198;13118220048123;23118220048120;;JIEYANG HONGXING STAINLESS STEEL PRODUCTS MANUFACTORY (HX)
32210027;3118220048133;CUILLERE OPEN UNI COLOR GRIS BLEUTE 432C TB COLLECTION;;00152198;13118220048130;23118220048137;;JIEYANG HONGXING STAINLESS STEEL PRODUCTS MANUFACTORY (HX)
32210028;3118220048140;CAFE OPEN UNI COLOR GRIS BLEUTE 432C TB COLLECTION;;00152198;13118220048147;23118220048144;;JIEYANG HONGXING STAINLESS STEEL PRODUCTS MANUFACTORY (HX)
32210029;3118220048157;COUTEAU OPEN UNI COLOR BEIGE 7529C TB COLLECTION;;00152198;13118220048154;23118220048151;;JIEYANG HONGXING STAINLESS STEEL PRODUCTS MANUFACTORY (HX)
32210030;3118220048164;FOURCHETTE OPEN UNI COLOR BEIGE 7529C TB COLLECTION;;00152198;13118220048161;23118220048168;;JIEYANG HONGXING STAINLESS STEEL PRODUCTS MANUFACTORY (HX)
32210031;3118220048171;CUILLERE OPEN UNI COLOR BEIGE 7529C TB COLLECTION;;00152198;13118220048178;23118220048175;;JIEYANG HONGXING STAINLESS STEEL PRODUCTS MANUFACTORY (HX)
32210032;3118220048188;CAFE OPEN UNI COLOR BEIGE 7529C TB COLLECTION;;00152198;13118220048185;23118220048182;;JIEYANG HONGXING STAINLESS STEEL PRODUCTS MANUFACTORY (HX)
31930016;3118220048195;COUTEAU DROP LIGHT WOOD;;00169477;13118220048192;23118220048199;;JIEYANG HONGXING STAINLESS STEEL PRODUCTS MANUFACTORY (HX)
31930017;3118220048201;FOURCHETTE DROP LIGHT WOOD;;00169477;13118220048208;23118220048205;;JIEYANG HONGXING STAINLESS STEEL PRODUCTS MANUFACTORY (HX)
31930018;3118220048218;CUILLERE DROP LIGHT WOOD;;00173654;13118220048215;23118220048212;;JIEYANG HONGXING STAINLESS STEEL PRODUCTS MANUFACTORY (HX)
31930019;3118220048225;CAFE DROP LIGHT WOOD;;00169477;13118220048222;23118220048229;;JIEYANG HONGXING STAINLESS STEEL PRODUCTS MANUFACTORY (HX)
31930020;3118220048232;M24 DROP LIGHT WOOD EN BOITE;;00158216;13118220048239;23118220048236;;JIEYANG HONGXING STAINLESS STEEL PRODUCTS MANUFACTORY (HX)
31930021;3118220048249;COUTEAU DROP DARK WOOD;;00169477;13118220048246;23118220048243;;JIEYANG HONGXING STAINLESS STEEL PRODUCTS MANUFACTORY (HX)
31930022;3118220048256;FOURCHETTE DROP DARK WOOD;;00169477;13118220048253;23118220048250;;JIEYANG HONGXING STAINLESS STEEL PRODUCTS MANUFACTORY (HX)
31930023;3118220048263;CUILLERE DROP DARK WOOD;;00169477;13118220048260;23118220048267;;JIEYANG HONGXING STAINLESS STEEL PRODUCTS MANUFACTORY (HX)
31930024;3118220048270;CAFE DROP DARK WOOD;;00169477;13118220048277;23118220048274;;JIEYANG HONGXING STAINLESS STEEL PRODUCTS MANUFACTORY (HX)
31930025;3118220048287;M24 DROP DARK WOOD EN BOITE;;00169477;13118220048284;23118220048281;;JIEYANG HONGXING STAINLESS STEEL PRODUCTS MANUFACTORY (HX)
32070033;3118220048348;COUTEAU OPEN DECOR POIS ROUGE 3517C TB COLLECTION;;00173654;13118220048345;23118220048342;;JIEYANG HONGXING STAINLESS STEEL PRODUCTS MANUFACTORY (HX)
32070034;3118220048355;FOURCHETTE OPEN DECOR POIS ROUGE 3517C TB COLLECTION;;00173654;13118220048352;23118220048359;;JIEYANG HONGXING STAINLESS STEEL PRODUCTS MANUFACTORY (HX)
32070035;3118220048362;CUILLERE OPEN DECOR POIS ROUGE 3517C TB COLLECTION;;00173654;13118220048369;23118220048366;;JIEYANG HONGXING STAINLESS STEEL PRODUCTS MANUFACTORY (HX)
32070036;3118220048379;CAFE OPEN DECOR POIS ROUGE 3517C TB COLLECTION;;00173654;13118220048376;23118220048373;;JIEYANG HONGXING STAINLESS STEEL PRODUCTS MANUFACTORY (HX)
32070037;3118220048386;COUTEAU OPEN DECOR POIS NOIR 6C TB COLLECTION;;00173654;13118220048383;23118220048380;;JIEYANG HONGXING STAINLESS STEEL PRODUCTS MANUFACTORY (HX)
32070038;3118220048393;FOURCHETTE OPEN DECOR POIS NOIR 6C TB COLLECTION;;00173654;13118220048390;23118220048397;;JIEYANG HONGXING STAINLESS STEEL PRODUCTS MANUFACTORY (HX)
32070039;3118220048409;CUILLERE OPEN DECOR POIS NOIR 6C TB COLLECTION;;00173654;13118220048406;23118220048403;;JIEYANG HONGXING STAINLESS STEEL PRODUCTS MANUFACTORY (HX)
32070040;3118220048416;CAFE OPEN DECOR POIS NOIR 6C TB COLLECTION;;00173654;13118220048413;23118220048410;;JIEYANG HONGXING STAINLESS STEEL PRODUCTS MANUFACTORY (HX)
32070041;3118220048423;COUTEAU OPEN DECOR GUINGUETTE BLEU TB COLLECTION;;00163975;13118220048420;23118220048427;;JIEYANG HONGXING STAINLESS STEEL PRODUCTS MANUFACTORY (HX)
32070042;3118220048430;FOURCHETTE OPEN DECOR GUINGUETTE BLEU  TB COLLECTION;;00163975;13118220048437;23118220048434;;JIEYANG HONGXING STAINLESS STEEL PRODUCTS MANUFACTORY (HX)
32070043;3118220048447;CUILLERE OPEN DECOR GUINGUETTE BLEU  TB COLLECTION;;00163975;13118220048444;23118220048441;;JIEYANG HONGXING STAINLESS STEEL PRODUCTS MANUFACTORY (HX)
32070044;3118220048454;CAFE OPEN DECOR GUINGUETTE BLEU  TB COLLECTION;;00163975;13118220048451;23118220048458;;JIEYANG HONGXING STAINLESS STEEL PRODUCTS MANUFACTORY (HX)
32070045;3118220048461;COUTEAU OPEN DECOR GUINGUETTE ROUGE TB COLLECTION;;00152198;13118220048468;23118220048465;;JIEYANG HONGXING STAINLESS STEEL PRODUCTS MANUFACTORY (HX)
32070046;3118220048478;FOURCHETTE OPEN DECOR GUINGUETTE ROUGE  TB COLLECTION;;00152198;13118220048475;23118220048472;;JIEYANG HONGXING STAINLESS STEEL PRODUCTS MANUFACTORY (HX)
32070047;3118220048485;CUILLERE OPEN DECOR GUINGUETTE ROUGE  TB COLLECTION;;00152198;13118220048482;23118220048489;;JIEYANG HONGXING STAINLESS STEEL PRODUCTS MANUFACTORY (HX)
32070048;3118220048492;CAFE OPEN DECOR GUINGUETTE ROUGE  TB COLLECTION;;00179321;13118220048499;23118220048496;;JIEYANG HONGXING STAINLESS STEEL PRODUCTS MANUFACTORY (HX)
Div0860052;3118220048539;FORFAIT REPARATION COUTEAU;;00180320;13118220048536;23118220048533;;GENERALE DE DECOUPAGE
Pres0860028;3118220048546;MISE SOUS CARTONNETTE T3XS;;00180613;;;;GENERALE DE DECOUPAGE
Comp1230011;3118220000216;COFFRET BOIS VIDE 6 CTX LAGUIOLE 246.5*130*22MM;;00136942;13118220000213;23118220000210;;GENERALE DE DECOUPAGE
11950001;3118220048676;COFFRET 4 STEAKS EPICURIEN BOITE TB COLLECTION;;00137082;13118220048673;23118220048670;;JIEYANG HONGXING STAINLESS STEEL PRODUCTS MANUFACTORY (HX)
12050001;3118220048683;COFFRET 4 STEAKS BRASSERIE BOITE TB COLLECTION;;00137082;13118220048680;23118220048687;;JIEYANG HONGXING STAINLESS STEEL PRODUCTS MANUFACTORY (HX)
10390006;3118220048706;PAIN TRANSITION VRAC;;00137059;13118220048703;23118220048700;;GENERALE DE DECOUPAGE
Outi1940007;3118220048560;SYMBLOT LASER MADE IN FORGE CHEF 8;;00138655;;;;TARRERIAS ET CIE
Outi1940008;3118220048577;PORTE LAME  MADE IN FORGE CHEF 8;;00138656;;;;TARRERIAS ET CIE
30101115;3118223007205;TARTINEUR LAG ABS GRIS 12/10 ML VRAC SANS GENCOD;;00137365;13118223007202;23118223007209;;GENERALE DE DECOUPAGE
30101116;3118223007243;TARTINEUR LAG ABS IVOIRE 12/10 ML VRAC SANS GENCOD;;00137365;13118223007240;23118223007247;;GENERALE DE DECOUPAGE
30101117;3118223002132;CT LAG TABLE ABS MARRON 10/10 ML VRAC SANS GENCOD;;00137365;13118223002139;23118223002136;;GENERALE DE DECOUPAGE
30101118;3118223002170;CT LAG TABLE ABS BLEU 10/10 ML VRAC SANS GENCOD;;00137365;13118223002177;23118223002174;;GENERALE DE DECOUPAGE
30101119;3118223047805;COUTEAU FROMAGE BUBENGA 2R ALU VRAC SANS GENCOD;;00137365;13118223047802;23118223047809;;GENERALE DE DECOUPAGE
10340043;3118223030302;STEAK MANCHE BOIS NON SLEEVE + GENCOD;;00137365;13118223037025;23118223037022;;GENERALE DE DECOUPAGE
10340044;3118220048720;STEAK MANCHE BOIS NON SLEEVE NON GENCOD;;00137799;13118220048727;23118220048724;;GENERALE DE DECOUPAGE
11500014;3118220048737;COFFRET TB COLLECTION  3 COUTEAUX MANCHE ABS (EPL-OFF-CUIS);;00140719;13118220048734;23118220048731;;GENERALE DE DECOUPAGE
20110032;3118220048751;M16 LAGUIOLE HERITAGE EMOTION 18/10 BRILLAN BTE LAG HERITAG;;00137800;13118220048758;23118220048755;;JIEYANG CITY WANXIN HARDWARE PRODUCTS CO LTD (WX)
20110033;3118220048768;COUTEAU LAGUIOLE HERITAGE EMOTION 18/10 VRAC + GENCOD;;00176514;13118220048765;23118220048762;;NOSKI
20110034;3118220048775;FOURCHETTE LAGUIOLE HERITAGE EMOTION 18/10 VRAC + GENCOD;;00168188;13118220048772;23118220048779;;NOSKI
20110035;3118220048782;CUILLERE LAGUIOLE HERITAGE EMOTION 18/10 VRAC + GENCOD;;00176514;13118220048789;23118220048786;;NOSKI
20110036;3118220048799;CAFE LAGUIOLE HERITAGE EMOTION 18/10 VRAC + GENCOD;;00176514;13118220048796;23118220048793;;NOSKI
11060143;3118220048805;CAC ZEBRA LISSE  MANCHE PA6 TOXIFIE NOIR EN BOITE TECHNIQUE;;00137941;13118220048802;23118220048809;;GENERALE DE DECOUPAGE
10500020;3118220048812;COUTEAU DE POCHE SURICATE MANCHE BOIS NATUREL MIF EN BTE TB;;00179941;13118220048819;23118220048816;;GENERALE DE DECOUPAGE
10500021;3118220048829;COUTEAU POCHE SURICATE  BOIS NATUREL MIF EN DISPLAY DE 12P;;00180168;13118220048826;23118220048823;;GENERALE DE DECOUPAGE
10500022;3118220048836;COUTEAU DE POCHE SURICATE BOIS NATUREL MIF SS BLISTER TB;;00171998;13118220048833;23118220048830;;GENERALE DE DECOUPAGE
21970001;3118220048843;M24 GRAPHITE SATINE BOITE TB COLLECTION;;00179321;13118220048840;23118220048847;;JIEYANG HONGXING STAINLESS STEEL PRODUCTS MANUFACTORY (HX)
21970002;3118220048850;COUTEAU GRAPHITE SATINE VRAC+ GENCOD;;00162322;13118220048857;23118220048854;;JIEYANG HONGXING STAINLESS STEEL PRODUCTS MANUFACTORY (HX)
21970003;3118220048867;FOURCHETTE GRAPHITE SATINE VRAC+ GENCOD;;00176529;13118220048864;23118220048861;;JIEYANG HONGXING STAINLESS STEEL PRODUCTS MANUFACTORY (HX)
21970004;3118220048874;CUILLERE GRAPHITE SATINE VRAC+ GENCOD;;00162322;13118220048871;23118220048878;;JIEYANG HONGXING STAINLESS STEEL PRODUCTS MANUFACTORY (HX)
21970005;3118220048881;CAFE GRAPHITE SATINE VRAC+ GENCOD;;00176529;13118220048888;23118220048885;;JIEYANG HONGXING STAINLESS STEEL PRODUCTS MANUFACTORY (HX)
60500003;3118220048911;SOMMELIER LAGUIOLE HERITAGE MANCHE BOIS ETUI NOIR;;00138027;13118220048918;23118220048915;;GUANGWEI HOUSEHOLD PRODUCTS LIMITED (EX DIAMOND TRACK)
Cons0750017;3118220048928;COLLECTEUR LUXEMBOURG OP FIDELITE TOP CHEF;;00139593;13118220048925;23118220048922;;WEB TECH (IMPRIMERIE GUILLAUME)
Comp0750126;3118220048935;BACHE EXTERIEUR 760*90 CM OPE FIDELITE TOP CHEF;;00139065;13118220048932;23118220048939;;IMPRIMERIE DES 4 VENTS ID4V
Comp0750127;3118220048942;HABILLAGE BORNE DRIVE 307*590 MM OPE FIDELITE TOP CHEF;;00139069;13118220048949;23118220048946;;IMPRIMERIE DES 4 VENTS ID4V
Comp0750128;3118220048959;DISTRIBUTEUR VIGNETTES 115*25*114MM  OPE FIDELITE TOP CHEF;;00140109;13118220048956;23118220048953;;IMPRIMERIE GUIGON
Outi1940011;3118220048508;POSAGE RIVETAGE BRIGADE PLAST GM;;00138366;;;;TARRERIAS ET CIE
Comp1230013;3118220048966;FACADE POUR BOITE NEUTRE  TB COLLECTION;;00138208;13118220048963;23118220048960;;JIEYANG CITY WANXIN HARDWARE PRODUCTS CO LTD (WX)
Comp0750129;3118220048997;DESSUS PALETTE 1200*800MM DISPLAY TOP CHEF 2024;;00137739;13118220048994;23118220048991;;SMURFIT KAPPA DISPLAY FRANCE
Comp0750130;3118220049000;PORTE COLLECTEURS DISPLAY TOP CHEF 2024;;00137739;13118220049007;23118220049004;;SMURFIT KAPPA DISPLAY FRANCE
Comp0750131;3118220049017;CEINTURE DISPLAY 1200*800 OPE TOP CHEF 2024;;00137739;13118220049014;23118220049011;;SMURFIT KAPPA DISPLAY FRANCE
Comp0750132;3118220049024;PLAQUE CACHE RABAT  DISPLAY 1200*800 OPE TOP CHEF 2024;;00137739;13118220049021;23118220049028;;SMURFIT KAPPA DISPLAY FRANCE
Comp0750133;3118220049031;DEMI COTE CENTRAL DISPLAY 1200*800 OPE TOP CHEF 2024;;00137739;13118220049038;23118220049035;;SMURFIT KAPPA DISPLAY FRANCE
Comp0750134;3118220049048;GRANDE TABLETTE DISPLAY 1200*800 OPE TOP CHEF 2024;;00137739;13118220049045;23118220049042;;SMURFIT KAPPA DISPLAY FRANCE
Comp0750135;3118220049055;PETITE TABLETTE DISPLAY 1200*800 OPE TOP CHEF 2024;;00137739;13118220049052;23118220049059;;SMURFIT KAPPA DISPLAY FRANCE
Comp0750136;3118220049062;SEPARATEUR ETAGE 1 DISPLAY 1200*800 OPE TOP CHEF 2024;;00137739;13118220049069;23118220049066;;SMURFIT KAPPA DISPLAY FRANCE
Comp0750137;3118220049079;SEPARATEUR ETAGE 2 DISPLAY 1200*800 OPE TOP CHEF 2024;;00137739;13118220049076;23118220049073;;SMURFIT KAPPA DISPLAY FRANCE
Comp0750138;3118220049086;SEPARATEUR ETAGE 3 DISPLAY 1200*800 OPE TOP CHEF 2024;;00137739;13118220049083;23118220049080;;SMURFIT KAPPA DISPLAY FRANCE
Comp0750139;3118220049093;SEPARATEUR ETAGE 4 DISPLAY 1200*800 OPE TOP CHEF 2024;;00137739;13118220049090;23118220049097;;SMURFIT KAPPA DISPLAY FRANCE
Comp0750140;3118220049109;SEPARATEUR ETAGE 5 DISPLAY 1200*800 OPE TOP CHEF 2024;;00137739;13118220049106;23118220049103;;SMURFIT KAPPA DISPLAY FRANCE
Comp0750141;3118220049116;CACHE DOS DISPLAYS OPE TOP CHEF 2024;;00137739;13118220049113;23118220049110;;SMURFIT KAPPA DISPLAY FRANCE
Comp0750142;3118220049123;CASQUETTE  DISPLAY 1200*800  OPE TOP CHEF 2024;;00137739;13118220049120;23118220049127;;SMURFIT KAPPA DISPLAY FRANCE
Comp0750143;3118220049130;COIFFE CEINTURE DISPLAY 1200*800 OPE TOP CHEF 2024;;00137739;13118220049137;23118220049134;;SMURFIT KAPPA DISPLAY FRANCE
Comp0750144;3118220049147;CLIP 30/16 M+F COURTE DISPLAYS OPE TOP CHEF 2024;;00137739;13118220049144;23118220049141;;SMURFIT KAPPA DISPLAY FRANCE
Comp0750145;3118220049154;CLIP 30/16 M+F LONGUE DISPLAYS OPE TOP CHEF 2024;;00137739;13118220049151;23118220049158;;SMURFIT KAPPA DISPLAY FRANCE
Comp0750146;3118220049161;CLIP RIVET 30712 DISPLAYS OPE TOP CHEF 2024;;00137739;13118220049168;23118220049165;;SMURFIT KAPPA DISPLAY FRANCE
Comp0750147;3118220049178;RAMPE 6 BROCHES DISPLAYS OPE TOP CHEF 2024;;00137739;13118220049175;23118220049172;;SMURFIT KAPPA DISPLAY FRANCE
Comp0750148;3118220049185;RAMPE 5 BROCHES DISPLAYS OPE TOP CHEF 2024;;00137739;13118220049182;23118220049189;;SMURFIT KAPPA DISPLAY FRANCE
Comp0750149;3118220049192;PLAQUE ACIER GALVA 500*600MM DISPLAYS OPE TOP CHEF 2024;;00138825;13118220049199;23118220049196;;GENERALE DE DECOUPAGE
Comp0750150;3118220049208;DESSUS PALETTE 1200*500MM DISPLAY TOP CHEF 2024;;00137739;13118220049205;23118220049202;;SMURFIT KAPPA DISPLAY FRANCE
Comp0750151;3118220049215;CEINTURE DISPLAY 1200*500 OPE TOP CHEF 2024;;00137739;13118220049212;23118220049219;;SMURFIT KAPPA DISPLAY FRANCE
Comp0750152;3118220049222;PLAQUE CACHE RABAT  DISPLAY 1200*500 OPE TOP CHEF 2024;;00137739;13118220049229;23118220049226;;SMURFIT KAPPA DISPLAY FRANCE
Comp0750153;3118220049239;DEMI COTE CENTRAL DISPLAY 1200*500 OPE TOP CHEF 2024;;00137739;13118220049236;23118220049233;;SMURFIT KAPPA DISPLAY FRANCE
Comp0750154;3118220049246;GRANDE TABLETTE DISPLAY 1200*500 OPE TOP CHEF 2024;;00137739;13118220049243;23118220049240;;SMURFIT KAPPA DISPLAY FRANCE
Comp0750155;3118220049253;PETITE TABLETTE DISPLAY 1200*500 OPE TOP CHEF 2024;;00137739;13118220049250;23118220049257;;SMURFIT KAPPA DISPLAY FRANCE
Comp0750156;3118220049260;SEPARATEUR ETAGE 1 DISPLAY 1200*500 OPE TOP CHEF 2024;;00137739;13118220049267;23118220049264;;SMURFIT KAPPA DISPLAY FRANCE
Comp0750157;3118220049277;SEPARATEUR ETAGE 2 DISPLAY 1200*500 OPE TOP CHEF 2024;;00137739;13118220049274;23118220049271;;SMURFIT KAPPA DISPLAY FRANCE
Comp0750158;3118220049284;SEPARATEUR ETAGE 3 DISPLAY 1200*500 OPE TOP CHEF 2024;;00137739;13118220049281;23118220049288;;SMURFIT KAPPA DISPLAY FRANCE
Comp0750159;3118220049291;SEPARATEUR ETAGE 4 DISPLAY 1200*500 OPE TOP CHEF 2024;;00137739;13118220049298;23118220049295;;SMURFIT KAPPA DISPLAY FRANCE
Comp0750160;3118220049307;SEPARATEUR ETAGE 5 DISPLAY 1200*500 OPE TOP CHEF 2024;;00137739;13118220049304;23118220049301;;SMURFIT KAPPA DISPLAY FRANCE
Comp0750161;3118220049314;COIFFE DISPLAY 1/2 PAL CARTON;;00168544;13118220049311;23118220049318;;SMURFIT KAPPA DISPLAY FRANCE
Comp0750162;3118220049321;PALETTE BOIS DISPLAY 1200*500 OPE TOP CHEF 2024;;00137739;13118220049328;23118220049325;;SMURFIT KAPPA DISPLAY FRANCE
Outi1940012;3118220049338;CAC MONTAGE USINAGE LAMES;;00141268;;;;TARRERIAS ET CIE
Acce1060054;3118220049352;PAIRE DE PLAQUETTES CAC S200 G10 TOXIFIEES KAKI  EN SACHET;;00147131;13118220049359;23118220049356;;GENERALE DE DECOUPAGE
Acce1060055;3118220049369;PAIRE DE PLAQUETTES CAC S200 G10 TOXIFIEES NOIR EN SACHET;;00153129;13118220049366;23118220049363;;GENERALE DE DECOUPAGE
Acce1060056;3118220049376;PAIRE DE PLAQUETTES CAC S200 PA6 KAKI  EN SACHET;;00147131;13118220049373;23118220049370;;GENERALE DE DECOUPAGE
Comp0750163;3118220049437;COIFFE CARTON DEMI MAREYEUR 45*31*150 CM;;00139171;13118220049434;23118220049431;;CARTONNAGES DU VALDORE CELTA
20110041;3118220049451;M16 LAGUIOLE HERITAGE EMOTION 18/10 SATIN BTE LAG HERITAGE;;00168188;13118220049458;23118220049455;;NOSKI
10100026;3616958444215;CISAILLE A VOLAILLE  ABS NOIR CARREFOUR;;00180132;03616956527996;03616955387096;;YANGJIANG YINHONG INDUSTRIES CO., LTD
Outi1940013;3118220049468;PL MID MICRODENTURE LAME CAC 1.5;;00139843;;;;TARRERIAS ET CIE
Comp0750164;3118220049505;CASQUETTE  DISPLAY 1200*500  OPE TOP CHEF 2024;;00137739;13118220049502;23118220049509;;SMURFIT KAPPA DISPLAY FRANCE
10300051;3118220049543;COFFRET 4 CTX LAG EXPRESSION ABS NOIR BTE LH;;00178929;13118220049540;23118220049547;;JIT GLOBAL LOGISTICS SUPPLY CHAIN CO. LIMITED-EX SMART IRON
Outi1940014;3118220049512;PL MICRODENDURE TB / LAGUIOLE ACCESS / FRANCE ( SENSEO1);;00140178;;;;TARRERIAS ET CIE
Outi1940015;3118220049536;OUTIL DECOUPE TB / LAGUIOLE ACCESS / FRANCE ( SENSEO1);;00143080;;;;TARRERIAS ET CIE
Cons0850037;3118220049574;CAISSE AME. BC40 1200X 500 X 300 POIDS MAX 40KG;;00140097;13118220049571;23118220049578;;EMBAL SERVICE GROUPE ASTIC
10320046;3118223150215;EPLUCHEUR ERGO VERT EN VRAC;;00174106;13118223150212;23118223150219;;GENERALE DE DECOUPAGE
10320047;3118223150208;EPLUCHEUR ERGO BLEU EN VRAC;;00174106;13118223150205;23118223150202;;GENERALE DE DECOUPAGE
10320048;3118223150239;EPLUCHEUR ERGO ORANGE EN VRAC;;00174106;13118223150236;23118223150233;;GENERALE DE DECOUPAGE
10320049;3118223150222;EPLUCHEUR ERGO AUBERGINE EN VRAC;;00174106;13118223150229;23118223150226;;GENERALE DE DECOUPAGE
10320050;3118220049598;EPLUCHEUR ERGO NOIR EN VRAC;;00140272;13118220049595;23118220049592;;GENERALE DE DECOUPAGE
31930026;3118220049604;M24 DROP  LIGHT WOOD EN BOITE TB COLLECTION;;00135640;13118220049601;23118220049608;;JIEYANG HONGXING STAINLESS STEEL PRODUCTS MANUFACTORY (HX)
31930027;3118220049611;M24 DROP DARK WOOD EN BOITE TB COLLECTION;;00159965;13118220049618;23118220049615;;JIEYANG HONGXING STAINLESS STEEL PRODUCTS MANUFACTORY (HX)
11980001;3118220049628;COFFRET 6 STEAK LAG HERITAG ACCESS MIF GRAPHIT BLACK RAL9011;;00178713;13118220049625;23118220049622;;GENERALE DE DECOUPAGE
11980002;3118220049635;COFFRET 6 STEAK LAG HERITAGE ACCESS MIF PEARLY WHITE 9010;;00164001;13118220049632;23118220049639;;GENERALE DE DECOUPAGE
11980003;3118220049642;COFFRET 6 STEAK LAGUIOLE HERITAGE ACCESS MIF BLUE 432C;;00171871;13118220049649;23118220049646;;GENERALE DE DECOUPAGE
11980004;3118220049659;COFFRET 6 STEAK LAG HERITAGE MIF ACC TERRACOTTA RED RAL 3022;;00146415;13118220049656;23118220049653;;GENERALE DE DECOUPAGE
11060144;3118220049666;COUTEAU MONOBLOC IMPACT 127  INOX EN BOITE TECHNIQUE;;00175640;13118220049663;23118220049660;;GENERALE DE DECOUPAGE
11060145;3118220049673;COUTEAU MONOBLOC IMPACT 127 PVD NOIR G10 NOIR EN BOITE TECH;;00175640;13118220049670;23118220049677;;GENERALE DE DECOUPAGE
11060146;3118220049680;CAC SERRATION MANCHE PA6 FV BLEU + HOUSSE EN BTE TECH;;00141324;13118220049687;23118220049684;;GENERALE DE DECOUPAGE
Comp0590003;3118220049734;CALE A HUITRES BOIS;;00160913;13118220049731;23118220049738;;SAS SEIGNOL USINAGE
Comp0590004;3118220049741;ETIQUETTE  85*138MM POUR CALE A HUITRES BOIS;;00161664;13118220049748;23118220049745;;LABEL G2 ETIQUETTE
Cons0850038;3118220049772;CAISSE AME. 380 X 230 X 220 IMPRIMEE 71590025 LOT 2205021125;;00141960;13118220049779;23118220049776;;CARTONNAGES DU VALDORE CELTA
Cons0850039;3118220049789;CAISSE AME. 450 X 260 X 230 IMPRIMEE 71590026 LOT 2205021125;;00168160;13118220049786;23118220049783;;CARTONNAGES DU VALDORE CELTA
Cons0850040;3118220049796;CAISSE AME. 480 X 310 X 230 IMPRIMEE 71590027 LOT 2205021125;;00168160;13118220049793;23118220049790;;CARTONNAGES DU VALDORE CELTA
Comp1240009;3118220049802;ETIQUETTE ADH POUR FUSIL PROMOCASH ACCE0610006 LOT 11744X;;00145025;13118220049809;23118220049806;;IMPRIMERIE GUIGON
11410017;3118220049819;POLYVALENT LISSE 11CM DAMAS LOUIS  VRAC HN801_1;;00143367;13118220049816;23118220049813;;GENERALE DE DECOUPAGE
11410018;3118220049826;CUISINE 17CM DAMAS LOUIS  VRAC HN801_2;;00143367;13118220049823;23118220049820;;GENERALE DE DECOUPAGE
11410019;3118220049833;SANTOKU 18CM DAMAS LOUIS VRAC HN801_3;;00143367;13118220049830;23118220049837;;GENERALE DE DECOUPAGE
Comp1490048;3118220049864;BOITE VIDE TB COLLECTION POUR FOURCHETTE BOIS;;00138157;13118220049861;23118220049868;;DONG GUAN QYPACKING PRODUCTS LIMITED (AUZON)
Outi1940016;3118220049871;"PL FORGE MADE_IN 8"" CHEF KNIFE";;00142009;;;;TARRERIAS ET CIE
Outi1940017;3118220049888;"PL FORGE MADE_IN 6"" NAKIRI KNIFE";;00142007;;;;TARRERIAS ET CIE
Outi1940019;3118220049901;"PL FORGE MADE_IN 9"" BREAD KNIFE";;00142006;;;;TARRERIAS ET CIE
Outi1940020;3118220049918;"PL FORGE MADE_IN 3.8"" PARING KNIFE";;00142008;;;;TARRERIAS ET CIE
Comp0740219;3118220049970;ETAGERE PORTE VERRE BOIS 1330 MM P400MM DE 52 POTS TB;;00171430;13118220049977;23118220049974;;SARL LB LA BARONNIE
Comp0740220;3118220049987;BLOC INCLINE BOIS DE 4 POTS TB PROFONDEUR 400MM;;00171430;13118220049984;23118220049981;;SARL LB LA BARONNIE
30110001;3661075340797;LAG HERITAGE MÉNAGÈRE CARBONE 16PCS POLYFLAME;;00142237;;3661075340803;;JIEYANG HONGXING STAINLESS STEEL PRODUCTS MANUFACTORY (HX)
30110002;3661075340834;LAG HERITAGE MENAGERE BOIS DE FRENE 16PCS POLYFLAME;;00142238;;3661075340841;;GUANGWEI HOUSEHOLD PRODUCTS LIMITED (EX DIAMOND TRACK)
20110042;3661075340810;LAG HERITAGE MÉNAGÈRE STYLE 16PCS POLYFLAME;;00174464;;3661075340827;;JIEYANG HONGXING STAINLESS STEEL PRODUCTS MANUFACTORY (HX)
30110003;3661075340858;LAG HERITAGE CTX 6PCS ET FOURCHETTES 6PCS NOYER POLYFLAME;;00166335;;3661075340865;;GUANGWEI HOUSEHOLD PRODUCTS LIMITED (EX DIAMOND TRACK)
10110024;3661075340872;LAG HERITAGE COUTEAUX STEAK BOIS D'OLIVIER 4PCS POLYFLAME;;00173245;;3661075340889;;GUANGWEI HOUSEHOLD PRODUCTS LIMITED (EX DIAMOND TRACK)
10110025;3661075340896;LAG HERITAGE COUTEAUX STEAK NOYER 6PCS POLYFLAME;;00177439;;3661075340902;;GUANGWEI HOUSEHOLD PRODUCTS LIMITED (EX DIAMOND TRACK)
60110001;3661075340933;LAG HERITAGE TIRE-BOUCHON BAMBOU POLYFLAME;;00166335;;3661075340940;;GUANGWEI HOUSEHOLD PRODUCTS LIMITED (EX DIAMOND TRACK)
60110002;3661075340957;LAG HERITAGE TIRE-BOUCHON BOIS D'OLIVIER POLYFLAME;;00163700;;3661075340964;;GUANGWEI HOUSEHOLD PRODUCTS LIMITED (EX DIAMOND TRACK)
10110026;3661075340971;LAG HERITAGE COUTEAU PLIANT EN BOIS ZEBRA POLYFLAME;;00174467;;3661075340988;;SCIKIO INTER'L ENTERPRISE CO., Ltd.
10110027;3661075340995;LAG HERITAGE COUTEAU PLIANT ARABESQUE POLYFLAME;;00166336;;3661075341008;;SCIKIO INTER'L ENTERPRISE CO., Ltd.
Cons0850041;3118220049994;CAISSE AME. SIMPLE CANNELURE  250 X 150 X 100;;00175509;13118220049991;23118220049998;;EMBAL SERVICE GROUPE ASTIC
11980005;3118220050013;COFFRET 6 STEAK LAG HERITAGE PREMIUM MIF PAKKAWOOD;;00169504;13118220050010;23118220050017;;GENERALE DE DECOUPAGE
Outi1940021;3118220050006;OUTIL DECOUPE TB LAGUIOLE PREMIUM ( SENSEO2);;00166065;;;;TARRERIAS ET CIE
Comp1240010;3118220050020;ETIQ ADH BLANC OPAQUE COLLE NOIRE 30*40 MANDRIN 76 ØMAX 160;;00168163;13118220050027;23118220050024;;IMPRIMERIE GUIGON
Comp1240011;3118220050037;ETIQ ADH BLANC OPAQUE COLLE NOIRE 20*30 MANDRIN 76 ØMAX 160;;00168163;13118220050034;23118220050031;;IMPRIMERIE GUIGON
Outi1940022;3118220050044;CAC 1.5 MOULE COTE ARMEE;;00146558;;;;TARRERIAS ET CIE
Comp1230014;3118220050051;CAISSETTE BOIS CONTREPLAQUE 260*230*130 VRAC TB COLLECTION;;00156329;13118220050058;23118220050055;;GENERALE DE DECOUPAGE
Comp1490049;3118220050068;CAVALIER PVC AVEC BAGUE PVC POUR CISEAU UNIVERSEL TB C;;00142884;13118220050065;23118220050062;;JIT GLOBAL LOGISTICS SUPPLY CHAIN CO. LIMITED-EX SMART IRON
30050035;3118220050167;COUTEAU SENS  MULTICOLOR +GENCOD;;00143489;13118220050164;23118220050161;;JIEYANG HONGXING STAINLESS STEEL PRODUCTS MANUFACTORY (HX)
Outi1940023;3118220050204;PL FORGE 100% FORGE FRANCE CUISINE 21;;00143079;;;;TARRERIAS ET CIE
11910004;3118220050242;"COUTEAU OFFICE 3.8"" FORGE BOIS EXCLUSIVE MI";;00178595;13118220050249;23118220050246;;GENERALE DE DECOUPAGE
11910005;3118220050259;"COUTEAU NAKIRI 6"" FORGE BOIS EXCLUSIVE MI";;00154162;13118220050256;23118220050253;;GENERALE DE DECOUPAGE
11910006;3118220050266;"COUTEAU CHEF 8"" FORGE BOIS EXCLUSIVE MI";;00178595;13118220050263;23118220050260;;GENERALE DE DECOUPAGE
11910007;3118220050273;"COUTEAU PAIN 9"" FORGE BOIS EXCLUSIVE MI";;00173665;13118220050270;23118220050277;;GENERALE DE DECOUPAGE
11910008;3118220050280;"COUTEAU OFFICE 3.8"" FORGE  NOIR EXCLUSIVE MI";;00173665;13118220050287;23118220050284;;GENERALE DE DECOUPAGE
11910009;3118220050297;"COUTEAU NAKIRI 6"" FORGE   NOIR EXCLUSIVE MI";;00154162;13118220050294;23118220050291;;GENERALE DE DECOUPAGE
11910010;3118220050303;"COUTEAU CHEF 8"" FORGE  NOIR EXCLUSIVE MI";;00178595;13118220050300;23118220050307;;GENERALE DE DECOUPAGE
11910011;3118220050310;"COUTEAU PAIN 9"" FORGE  NOIR EXCLUSIVE MI";;00173665;13118220050317;23118220050314;;GENERALE DE DECOUPAGE
10050033;3118220050389;COFFRET  LAGUIOLE HERITAGE FROMAGE 3P SENS BOIS D'OLIVIER;;00175019;13118220050386;23118220050383;;GUANGWEI HOUSEHOLD PRODUCTS LIMITED (EX DIAMOND TRACK)
40050010;3118220050396;COFFRET  LAGUIOLE HERITAGE FOIE GRAS 2P SENS BOIS D'OLIVIER;;00175019;13118220050393;23118220050390;;GUANGWEI HOUSEHOLD PRODUCTS LIMITED (EX DIAMOND TRACK)
11060147;3118220050419;COUTEAU BIVOUAC  NOIR AVEC ETUI ET COUVERTS SOUS BLISTER;;00145328;13118220050416;23118220050413;;GENERALE DE DECOUPAGE
11060148;3118220050426;COUTEAU BIVOUAC BLEU AVEC ETUI ET COUVERTS SOUS BLISTER;;00145328;13118220050423;23118220050420;;GENERALE DE DECOUPAGE
11060149;3118220050433;COUTEAU BIVOUAC ROUGE AVEC ETUI ET COUVERTS SOUS BLISTER;;00145328;13118220050430;23118220050437;;GENERALE DE DECOUPAGE
Comp1520001;3118220050440;BOITE + FACAGE MONTEE POUR M16 LAGUIOLE INTUITION BRILLANT;;00142644;13118220050447;23118220050444;;JIEYANG HONGXING STAINLESS STEEL PRODUCTS MANUFACTORY (HX)
11060150;3118220050457;COUTEAU LE VENGEUR NOIR AVEC ETUI KYDEX ET ACCESSOIRES;;00159877;13118220050454;23118220050451;;GENERALE DE DECOUPAGE
20110043;3661075352462;LAG HERITAGE MÉNAGÈRE  ARABESQUE 16PCS POLYFLAME;;00180872;;3661075352479;;JIEYANG HONGXING STAINLESS STEEL PRODUCTS MANUFACTORY (HX)
20110044;3661075352486;LAG HERITAGE MÉNAGÈRE  NOIRE MATE 16PCS POLYFLAME;;00145469;;3661075352493;;JIEYANG HONGXING STAINLESS STEEL PRODUCTS MANUFACTORY (HX)
20110045;3661075352509;LAG HERITAGE MÉNAGÈRE CHAMPAGNE MATE 16PCS POLYFLAME;;00145469;;3661075352516;;JIEYANG HONGXING STAINLESS STEEL PRODUCTS MANUFACTORY (HX)
10110029;3661075352523;LAG HERITAGE COUTEAUX STEAK ACIDULÉS 6 PCS POLYFLAME;;00145469;;3661075352530;;JIEYANG HONGXING STAINLESS STEEL PRODUCTS MANUFACTORY (HX)
10110030;3661075352547;LAG HERITAGE COFFRET 6PCS TOUT INOX POLYFLAME;;00166337;;3661075352554;;JIEYANG HONGXING STAINLESS STEEL PRODUCTS MANUFACTORY (HX)
10110031;3661075352561;LAG HERITAGE COFFRET 6PCS ABS POLYFLAME;;00177438;;3661075352578;;JIEYANG HONGXING STAINLESS STEEL PRODUCTS MANUFACTORY (HX)
10110032;3661075363031;LAG HERITAGE COUTEAUX DE CHEF 5PCS METAL POLYFLAME;;00168614;;3661075363048;;GUANGWEI HOUSEHOLD PRODUCTS LIMITED (EX DIAMOND TRACK)
10110033;3661075363055;LAG HERITAGE COUTEAUX DE CHEF 3PCS PAKKAWOOD POLYFLAME;;00177439;;3661075363062;;GUANGWEI HOUSEHOLD PRODUCTS LIMITED (EX DIAMOND TRACK)
Outi1940025;3118220050464;SYMBLOT MAESTRO V2 METAL PM;;00146856;;;;TARRERIAS ET CIE
Outi1940026;3118220050471;SYMBLOT MAESTRO V2 METAL GM;;00146857;;;;TARRERIAS ET CIE
Outi1940027;3118220050488;TAS FORGE MAESTRO V2 METAL PM;;00146860;;;;TARRERIAS ET CIE
Outi1940028;3118220050495;TAS FORGE MAESTRO V2 METAL GM;;00146855;;;;TARRERIAS ET CIE
Outi1940030;3118220050518;PL LAGUIOLE PREMIUM SENSEO02 10020251;;00145748;;;;TARRERIAS ET CIE
Outi1940031;3118220050525;TAS FORGE MAESTRO V2 BOIS PM;;00146859;;;;TARRERIAS ET CIE
Outi1940032;3118220050532;TAS FORGE MAESTRO V2 BOIS GM;;00146858;;;;TARRERIAS ET CIE
Comp0020014;3118220050549;COFFRET VIDE LH PELLE A TARTE+ 6 FTTES GATEAU ACIDULE NOIR;;00146361;13118220050546;23118220050543;;JIEYANG CITY WANXIN HARDWARE PRODUCTS CO LTD (WX)
Comp0020015;3118220050556;COFFRET VIDE LH PELLE A TARTE+ 6 FTTES GATEAU ACIDULE BLANC;;00146361;13118220050553;23118220050550;;JIEYANG CITY WANXIN HARDWARE PRODUCTS CO LTD (WX)
40020036;3118220050617;TOMATE PAMPLEMOUSSE ACIDULE ROUGE + GENCOD;;00176529;13118220050614;23118220050611;;JIEYANG HONGXING STAINLESS STEEL PRODUCTS MANUFACTORY (HX)
Comp0100022;3118220050624;CARTON VIDE DISPLAY PALETTE LAGUIOLE  800*600*500 + COIFFE;;00147228;13118220050621;23118220050628;;VIALLON ET CIE
Comp0740221;3118220050655;BANDEAU MAGNETIQUE  VITRINE COUTEAUX GIFI  2024 980*425MM;;00165482;13118220050652;23118220050659;;IMPRIMERIE GUIGON
Comp0740222;3118220050662;ENSEMBLE DE 4 COUTEAUX  MAJ  VITRINE GIFI 2024;;00146538;13118220050669;23118220050666;;GENERALE DE DECOUPAGE
Comp0740224;3118220050754;SABOT BOIS VRAC COUVERTS PROFONDEUR 280 MM HAUTEUR 310MM;;00178725;13118220050751;23118220050758;;SARL LB LA BARONNIE
Outi1940035;3118220050693;CAC MK1.5 DECOUPE  PLATINE D;;00166093;;;;TARRERIAS ET CIE
Outi1940036;3118220050709;CAC MK1.5 DECOUPE  PLATINE G;;00166093;;;;TARRERIAS ET CIE
Outi1940037;3118220050716;CAC MK1.5 DECOUPE/PLIAGE  CLIP CEINTURE;;00166093;;;;TARRERIAS ET CIE
Outi1940038;3118220050730;CALIB CONT DEC MAESTRO V2 GM METAL;;00146863;;;;TARRERIAS ET CIE
Outi1940039;3118220050747;CALIB CONT DEC MAESTRO V2 PM METAL;;00146861;;;;TARRERIAS ET CIE
10010204;3118220050792;OFFICE EQUILIBRE CERAMIQUE LAME BLANCHE MANCHE ABS  BTE CDF;;00148645;13118220050799;23118220050796;;DONGGUAN SURPASS STRUCTURE CERAMIC (EX SHENZHEN)
10010205;3118220050808;STEAK EQUILIBRE CERAMIQUE LAME BLANCHE MANCHE ABS BTE CDF;;00148645;13118220050805;23118220050802;;DONGGUAN SURPASS STRUCTURE CERAMIC (EX SHENZHEN)
10010206;3118220050815;CUISINE EQUILIBRE CERAMIQUE LAME BLANCHE MANCHE ABS BTE CDF;;00148645;13118220050812;23118220050819;;DONGGUAN SURPASS STRUCTURE CERAMIC (EX SHENZHEN)
10010207;3118220050822;SANTOKU EQUILIBRE CERAMIQUE LAME BLANCHE MANCHE ABS BTE CDF;;00148645;13118220050829;23118220050826;;DONGGUAN SURPASS STRUCTURE CERAMIC (EX SHENZHEN)
10010208;3118220050839;NAKIRI EQUILIBRE CERAMIQUE LAME BLANCHE MANCHE ABS BTE CDF;;00148645;13118220050836;23118220050833;;DONGGUAN SURPASS STRUCTURE CERAMIC (EX SHENZHEN)
Outi1940042;3118220050600;PL COUTEAU PN SURVIE_PJT MIKADO;;00147298;;;;TARRERIAS ET CIE
Comp1490055;3118220050846;BOITE CARTON VIDE BLOC MAGNTIQ 4 CTX ABSOLU PALISSANDRE;;00147295;13118220050843;23118220050840;;DONG GUAN QYPACKING PRODUCTS LIMITED (AUZON)
Comp1490057;3118220050860;BOITE CARTON VIDE BLOC MAGNTIQ 5 CTX TRADITION BOIS OLIVIER;;00147295;13118220050867;23118220050864;;DONG GUAN QYPACKING PRODUCTS LIMITED (AUZON)
10120209;3118220050877;OFFICE 9CM FORGE GEORGES MANCHE POM CARTONNETTE TB HTE C;;00180584;13118220050874;23118220050871;;GENERALE DE DECOUPAGE
10120210;3118220050884;STEAK 12CM FORGE GEORGES MANCHE POM CARTONNETTE TB HTE C;;00180147;13118220050881;23118220050888;;GENERALE DE DECOUPAGE
10120211;3118220050891;DESOSSER 15CM FORGE GEORGES MANCHE POM CARTONNETTE TB HTE C;;00180147;13118220050898;23118220050895;;GENERALE DE DECOUPAGE
10120212;3118220050907;CUISINE 17CM FORGE GEORGES MANCHE POM CARTONNETTE TB HTE C;;00180584;13118220050904;23118220050901;;GENERALE DE DECOUPAGE
10120213;3118220050914;SANTOKU 19CM FORGE GEORGES MANCHE POM CARTONNETTE TB HTE C;;00180147;13118220050911;23118220050918;;GENERALE DE DECOUPAGE
10120214;3118220050921;BOUCHER 21CM FORGE GEORGES MANCHE POM CARTONNETTE TB HTE C;;00180584;13118220050928;23118220050925;;GENERALE DE DECOUPAGE
10120215;3118220050938;OFFICE 9CM FORGE GEORGES MANCHE BOIS CARTONNETTE TB HTE C;;00180584;13118220050935;23118220050932;;GENERALE DE DECOUPAGE
10120216;3118220050945;STEAK 12CM FORGE GEORGES MANCHE BOIS CARTONNETTE TB HTE C;;00175349;13118220050942;23118220050949;;GENERALE DE DECOUPAGE
10120217;3118220050952;PAIN 20CM FORGE GEORGES MANCHE BOIS CARTONNETTE TB HTE C;;00168186;13118220050959;23118220050956;;GENERALE DE DECOUPAGE
10120218;3118220050969;CUISINE 17CM FORGE GEORGES MANCHE BOIS CARTONNETTE TB HTE C;;00180147;13118220050966;23118220050963;;GENERALE DE DECOUPAGE
10120219;3118220050976;SANTOKU 19CM FORGE GEORGES MANCHE BOIS CARTONNETTE TB HTE C;;00180147;13118220050973;23118220050970;;GENERALE DE DECOUPAGE
10120220;3118220050983;BOUCHER 21CM FORGE GEORGES MANCHE BOIS CARTONNETTE TB HTE C;;00180147;13118220050980;23118220050987;;GENERALE DE DECOUPAGE
11980006;3118220050990;COFFRET 6 STEAK LAG HERITAGE ACCESS MIF BOIS CLAIR;;00147651;13118220050997;23118220050994;;GENERALE DE DECOUPAGE
11980007;3118220051003;COFFRET 6 STEAK LAG HERITAGE ACCESS MIF BOIS FONCE;;00147651;13118220051000;23118220051007;;GENERALE DE DECOUPAGE
Comp0750165;3118220051010;ENSEMBLE FOREX HAUT+BAS  ADHESIVE DISPLAY MAREYEUR MIF 2024;;00164413;13118220051017;23118220051014;;IMPRIMERIE GUIGON
Comp0750166;3118220051027;BANDEAU DOUBLE FACE  ADHESIVE DISPLAY MAREYEUR V6;;00164413;13118220051024;23118220051021;;IMPRIMERIE GUIGON
Cons0850043;3118220051041;PLAQUE INTERCALAIRE CARTON 96 X 114 C10;;00147595;13118220051048;23118220051045;;SMURFIT KAPPA DISPLAY FRANCE
Comp0100024;3118220051065;BARQUETTE LAGUIOLE HERITAGE VIDE POUR 8 COFFRETS BOIS;;00147595;13118220051062;23118220051069;;SMURFIT KAPPA DISPLAY FRANCE
Comp0100025;3118220051072;CALAGE POUR BARQUETTE LAG HERITAGE VIDE 8 COFFRETS BOIS;;00147595;13118220051079;23118220051076;;SMURFIT KAPPA DISPLAY FRANCE
Cons0850044;3118220051119;PALETTE AMERICAINE GMA 1016*1219 MM TTH NIMP15;;00178354;13118220051116;23118220051113;;EPALIA
Outi1940043;3118220051089;CALIBRE DECOUPE LASER MADE IN PETIT MODELE;;00147695;;;;TARRERIAS ET CIE
Outi1940044;3118220051096;CALIBRE DECOUPE LASER MADE IN GRAND MODELE;;00147696;;;;TARRERIAS ET CIE
10050034;3118220051126;COFFRET  LAGUIOLE HERITAGE FROMAGE 3P SENS PAKKAWOOD;;00179004;13118220051123;23118220051120;;GUANGWEI HOUSEHOLD PRODUCTS LIMITED (EX DIAMOND TRACK)
40050011;3118220051133;COFFRET  LAGUIOLE HERITAGE FOIE GRAS 2P SENS PAKKAWOOD;;00147790;13118220051130;23118220051137;;GUANGWEI HOUSEHOLD PRODUCTS LIMITED (EX DIAMOND TRACK)
40020037;3118220051140;COFFRET  LAGUIOLE HERITAGE FOIE GRAS 2P ACIDULE ROUGE;;00175019;13118220051147;23118220051144;;GUANGWEI HOUSEHOLD PRODUCTS LIMITED (EX DIAMOND TRACK)
10020127;3118220051157;COFFRET  LAGUIOLE HERITAGE FROMAGE 3P ACIDULE ROUGE;;00175019;13118220051154;23118220051151;;GUANGWEI HOUSEHOLD PRODUCTS LIMITED (EX DIAMOND TRACK)
Comp0750167;3118220051171;FOND PERFORE 1499*560 MM GALVA POUR DISPLAY CARTON 1/4 PAL;;00151833;13118220051178;23118220051175;;GENERALE DE DECOUPAGE
Comp0010001;3118220051201;LAME BLANCHE CERAMIQUE POUR OFFICE EQUILIBRE;;00148686;13118220051208;23118220051205;;DONGGUAN SURPASS STRUCTURE CERAMIC (EX SHENZHEN)
Comp0010002;3118220051218;LAME BLANCHE CERAMIQUE  POUR STEAK EQUILIBRE;;00148686;13118220051215;23118220051212;;DONGGUAN SURPASS STRUCTURE CERAMIC (EX SHENZHEN)
Comp0010003;3118220051225;LAME BLANCHE CERAMIQUE  POUR CUISINE EQUILIBRE;;00148686;13118220051222;23118220051229;;DONGGUAN SURPASS STRUCTURE CERAMIC (EX SHENZHEN)
Comp0010004;3118220051232;LAME BLANCHE CERAMIQUE POUR SANTOKU EQUILIBRE;;00148686;13118220051239;23118220051236;;DONGGUAN SURPASS STRUCTURE CERAMIC (EX SHENZHEN)
Comp0010005;3118220051249;LAME BLANCHE CERAMIQUE  POUR NAKIRI EQUILIBRE;;00148686;13118220051246;23118220051243;;DONGGUAN SURPASS STRUCTURE CERAMIC (EX SHENZHEN)
Outi1940045;3118220051256;OUTIL DECOUPE SENSEO1 BOIS;;00166065;;;;TARRERIAS ET CIE
Outi1940046;3118220051270;PL TAILLAGE LAME PAIN TRADITION MACH601;;00150112;;;;TARRERIAS ET CIE
Outi1940047;3118220051294;PL COUTEAU TABLE_PJT CHR  10040002;;00150575;;;;TARRERIAS ET CIE
32000001;3118220051324;M24 PASSION NOIR 6C BOITE LAGUIOLE HERITAGE;;00173654;13118220051321;23118220051328;;JIEYANG HONGXING STAINLESS STEEL PRODUCTS MANUFACTORY (HX)
32000002;3118220051331;M24 PASSION BLANC BOITE LAGUIOLE HERITAGE;;00173654;13118220051338;23118220051335;;JIEYANG HONGXING STAINLESS STEEL PRODUCTS MANUFACTORY (HX)
32000003;3118220051348;M24 PASSION GRIS 7C BOITE LAGUIOLE HERITAGE;;00150492;13118220051345;23118220051342;;JIEYANG HONGXING STAINLESS STEEL PRODUCTS MANUFACTORY (HX)
32000004;3118220051355;M24 PASSION BLEU 432C BOITE LAGUIOLE HERITAGE;;00161201;13118220051352;23118220051359;;JIEYANG HONGXING STAINLESS STEEL PRODUCTS MANUFACTORY (HX)
32000005;3118220051362;M24 PASSION ROUGE 187C BOITE LAGUIOLE HERITAGE;;00179321;13118220051369;23118220051366;;JIEYANG HONGXING STAINLESS STEEL PRODUCTS MANUFACTORY (HX)
32000006;3118220051379;M24 PASSION VERT 5635C BOITE LAGUIOLE HERITAGE;;00169477;13118220051376;23118220051373;;JIEYANG HONGXING STAINLESS STEEL PRODUCTS MANUFACTORY (HX)
32000007;3118220051386;M24 PASSION IMIT BOIS CLAIR BOITE LAGUIOLE HERITAGE;;00150492;13118220051383;23118220051380;;JIEYANG HONGXING STAINLESS STEEL PRODUCTS MANUFACTORY (HX)
32000008;3118220051393;M24 PASSION IMIT BOIS GRIS BOITE LAGUIOLE HERITAGE;;00150492;13118220051390;23118220051397;;JIEYANG HONGXING STAINLESS STEEL PRODUCTS MANUFACTORY (HX)
32000009;3118220051409;M24 PASSION IMIT BOIS FONCE BOITE LAGUIOLE HERITAGE;;00150492;13118220051406;23118220051403;;JIEYANG HONGXING STAINLESS STEEL PRODUCTS MANUFACTORY (HX)
32000010;3118220051416;COUTEAU LAGUIOLE PASSION ABS GRIS 7C + GENCOD;;00179321;13118220051413;23118220051410;;JIEYANG HONGXING STAINLESS STEEL PRODUCTS MANUFACTORY (HX)
32000011;3118220051423;FOURCHETTE LAGUIOLE PASSION ABS GRIS 7C + GENCOD;;00150492;13118220051420;23118220051427;;JIEYANG HONGXING STAINLESS STEEL PRODUCTS MANUFACTORY (HX)
32000012;3118220051430;CUILLERE LAGUIOLE PASSION ABS GRIS 7C + GENCOD;;00150492;13118220051437;23118220051434;;JIEYANG HONGXING STAINLESS STEEL PRODUCTS MANUFACTORY (HX)
32000013;3118220051447;CAFE LAGUIOLE PASSION ABS GRIS 7C + GENCOD;;00150492;13118220051444;23118220051441;;JIEYANG HONGXING STAINLESS STEEL PRODUCTS MANUFACTORY (HX)
32000014;3118220051454;COUTEAU LAGUIOLE PASSION ABS ROUGE 187C + GENCOD;;00150492;13118220051451;23118220051458;;JIEYANG HONGXING STAINLESS STEEL PRODUCTS MANUFACTORY (HX)
32000015;3118220051461;FOURCHETTE LAGUIOLE PASSION ABS ROUGE 187C + GENCOD;;00150492;13118220051468;23118220051465;;JIEYANG HONGXING STAINLESS STEEL PRODUCTS MANUFACTORY (HX)
32000016;3118220051478;CUILLERE LAGUIOLE PASSION ABS ROUGE 187C + GENCOD;;00150492;13118220051475;23118220051472;;JIEYANG HONGXING STAINLESS STEEL PRODUCTS MANUFACTORY (HX)
32000017;3118220051485;CAFE LAGUIOLE PASSION ABS ROUGE 187C + GENCOD;;00150492;13118220051482;23118220051489;;JIEYANG HONGXING STAINLESS STEEL PRODUCTS MANUFACTORY (HX)
32000018;3118220051492;COUTEAU LAGUIOLE PASSION ABS VERT 5635C + GENCOD;;00179321;13118220051499;23118220051496;;JIEYANG HONGXING STAINLESS STEEL PRODUCTS MANUFACTORY (HX)
32000019;3118220051508;FOURCHETTE LAGUIOLE PASSION ABS VERT 5635C + GENCOD;;00179321;13118220051505;23118220051502;;JIEYANG HONGXING STAINLESS STEEL PRODUCTS MANUFACTORY (HX)
32000020;3118220051515;CUILLERE LAGUIOLE PASSION ABS VERT 5635C + GENCOD;;00179321;13118220051512;23118220051519;;JIEYANG HONGXING STAINLESS STEEL PRODUCTS MANUFACTORY (HX)
32000021;3118220051522;CAFE LAGUIOLE PASSION ABS VERT 5635C + GENCOD;;00179321;13118220051529;23118220051526;;JIEYANG HONGXING STAINLESS STEEL PRODUCTS MANUFACTORY (HX)
Comp0740225;3118220051638;ETAGERE PORTE VERRE BOIS 1000 MM P400MM DE 36 POTS TB;;00180972;13118220051635;23118220051632;;SARL LB LA BARONNIE
Acce0500002;3118220051669;COUTEAU D'APERO A FAIRE SOI-MEME;;00151336;13118220051666;23118220051663;;MANUFACTURE EN FAMILLE EDV CONSEIL
Comp1230015;3118220051683;COFFRET BOIS VIDE 4 CTX LAGUIOLE 267*147*30MM;;00150880;13118220051680;23118220051687;;GUANGWEI HOUSEHOLD PRODUCTS LIMITED (EX DIAMOND TRACK)
11060151;3118220051737;CTX BIVOUAC PANACHE NOIR/ROUGE/VERT/BLEU PLV COMPTOIR DE 12P;;00175363;13118220051734;23118220051731;;GENERALE DE DECOUPAGE
Comp1060005;3118220051836;ETUI CAC  NOIR AVEC POCHETTE INTERIEUR;;00151426;13118220051833;23118220051830;;WAREIN
Comp1490058;3118220051843;BOITE VIDE NEUTRE LAGUIOLE HERITAGE + FACADE GRISE;;00180780;13118220051840;23118220051847;;NOSKI
Comp1490059;3118220051850;BOITE VIDE LAGUIOLE HERITAGE EMOTION FINITION MIROIR;;00151554;13118220051857;23118220051854;;JIEYANG CITY WANXIN HARDWARE PRODUCTS CO LTD (WX)
Comp1490060;3118220051867;BOITE VIDE LAGUIOLE HERITAGE EMOTION FINITION SATINE;;00151554;13118220051864;23118220051861;;JIEYANG CITY WANXIN HARDWARE PRODUCTS CO LTD (WX)
Comp0750168;3118220051881;FOND BARQUETTE DISPLAY 1/4 CARTON 108 CERAMIQUE SILICONE;;00151831;13118220051888;23118220051885;;SMURFIT KAPPA DISPLAY FRANCE
Comp0750169;3118220051898;CALE TRANSPORT DISPLAY 1/4 PAL CARTON 108 CERAMIQUE SILICONE;;00151831;13118220051895;23118220051892;;SMURFIT KAPPA DISPLAY FRANCE
Comp0750170;3118220051904;CLE STOP BROCHE DISPLAY CARTON;;00151831;13118220051901;23118220051908;;SMURFIT KAPPA DISPLAY FRANCE
Comp0750171;3118220051911;COTE DROIT DISPLAY 1/4 PAL CARTON 108 CERAMIQUE SILICONE;;00151831;13118220051918;23118220051915;;SMURFIT KAPPA DISPLAY FRANCE
Comp0750172;3118220051928;COTE GAUCHE DISPLAY 1/4 PAL CARTON 108 CERAMIQUE SILICONE;;00151831;13118220051925;23118220051922;;SMURFIT KAPPA DISPLAY FRANCE
Comp0750173;3118220051935;FRONTON DISPLAY 1/4 PAL CARTON 108 CERAMIQUE SILICONE;;00151831;13118220051932;23118220051939;;SMURFIT KAPPA DISPLAY FRANCE
Comp0750174;3118220051942;CLIP 30/16 MALE NATUREL DISPLAY CARTON;;00177662;13118220051949;23118220051946;;SMURFIT KAPPA DISPLAY FRANCE
Comp0750175;3118220051959;CLIP 30 / 22 MALE NATUREL DISPLAY CARTON;;00177662;13118220051956;23118220051953;;SMURFIT KAPPA DISPLAY FRANCE
Comp0750176;3118220051966;CLIP 30 FEMELLE COURTE DISPLAY CARTON;;00177662;13118220051963;23118220051960;;SMURFIT KAPPA DISPLAY FRANCE
Comp0750177;3118220051973;CLIP 30 FEMELLE LONGUE DISPLAY CARTON;;00177662;13118220051970;23118220051977;;SMURFIT KAPPA DISPLAY FRANCE
Comp0750178;3118220051980;BROCHE NOIR Ø3.9  DISPLAY 1/4 PAL CARTON;;00151831;13118220051987;23118220051984;;SMURFIT KAPPA DISPLAY FRANCE
Comp0750179;3118220051997;COIFFE DISPLAY 1/4 PAL CARTON;;00162712;13118220051994;23118220051991;;SMURFIT KAPPA DISPLAY FRANCE
Comp0740226;3118220052000;RAIL ALUMINIUM POUR ETIQUETTE ELECTRONIQUE;;00151902;13118220052007;23118220052004;;GENERALE DE DECOUPAGE
11060153;3118220052024;COUTEAU BIVOUAC BLEU;;00167305;13118220052021;23118220052028;;GENERALE DE DECOUPAGE
Comp0750180;3118220052031;PALETTE BOIS  60*40  POUR DISPLAY 1/4 PAL CARTON;;00162712;13118220052038;23118220052035;;SMURFIT KAPPA DISPLAY FRANCE
Comp0590007;3118220052048;RLX  500 ATTACHES ADHESIVES DOUBLES TROU EUROPEEN 50*50;;00161980;13118220052045;23118220052042;;SPRINTIS .FR
11060154;3118220052079;CAC S200 SERRATION PA6 FV PEACOT 19-3920  EN BTE TECHNIQUE;;00167832;13118220052076;23118220052073;;GENERALE DE DECOUPAGE
Acce1060059;3118220052086;EMERGENCY RELEASE TB OUTDOOR;;00159734;13118220052083;23118220052080;;GENERALE DE DECOUPAGE
60590003;3118220052123;SOMMELIER DESIGN MANCHE PAKKAWOOD SS COQUE LAGUIOLE HERITAGE;;00152975;13118220052120;23118220052127;;GUANGWEI HOUSEHOLD PRODUCTS LIMITED (EX DIAMOND TRACK)
Acce1060060;3118220052154;EMERGENCY RELEASE;;00178297;13118220052151;23118220052158;;GENERALE DE DECOUPAGE
11060155;3118220052246;COUTEAU LE VENGEUR COYOTE AVEC ETUI KIDEX ET MOLLES;;00160699;13118220052243;23118220052240;;GENERALE DE DECOUPAGE
11060156;3118220052253;COUTEAU LE VENGEUR NOIR AVEC ETUI KYDEX ET MOLLES;;00160699;13118220052250;23118220052257;;GENERALE DE DECOUPAGE
Cons0850045;3118220052321;PALETTE GMA  1016 X 1219 X 131 MM NIMP15 CHV 45MM;;00154103;13118220052328;23118220052325;;BARONNIER PALETTES DU LYONNAIS
Comp1240012;3118220052376;ETIQUETTE ADHESIVE GALBANI 35*20MM QUALITE PAPIER A REVOIR;;00154389;13118220052373;23118220052370;;IMPRIMERIE GUIGON
Comp1240013;3118220052383;ETIQUETTE ADHESIVE GALBANI 65*35MM QUALITE PAPIER A REVOIR;;00154389;13118220052380;23118220052387;;IMPRIMERIE GUIGON
Comp1240014;3118220052390;ETIQUETTE ADHESIVE GALBANI 90*65MM QUALITE PAPIER A REVOIR;;00154389;13118220052397;23118220052394;;IMPRIMERIE GUIGON
Cons0750018;3118220052406;CARTON DE 350 COLLECTEURS OPERATION FIDELITE;;00157074;13118220052403;23118220052400;;WEB PRINTER SAS
Cons0750019;3118220052413;ROULEAU DE 2500 VIGNETTES OPERATION FIDELITE;;00156916;13118220052410;23118220052417;;GROUPE CHAUMEIL
32000022;3118220052420;COUTEAU LAGUIOLE PASSION ABS NOIR 6C + GENCOD;;00173654;13118220052427;23118220052424;;JIEYANG HONGXING STAINLESS STEEL PRODUCTS MANUFACTORY (HX)
32000023;3118220052437;FOURCHETTE LAGUIOLE PASSION ABS NOIR 6C + GENCOD;;00150492;13118220052434;23118220052431;;JIEYANG HONGXING STAINLESS STEEL PRODUCTS MANUFACTORY (HX)
32000024;3118220052444;CUILLERE LAGUIOLE PASSION ABS NOIR 6C + GENCOD;;00173654;13118220052441;23118220052448;;JIEYANG HONGXING STAINLESS STEEL PRODUCTS MANUFACTORY (HX)
32000025;3118220052451;CAFE LAGUIOLE PASSION ABS NOIR 6C + GENCOD;;00173654;13118220052458;23118220052455;;JIEYANG HONGXING STAINLESS STEEL PRODUCTS MANUFACTORY (HX)
32000026;3118220052468;COUTEAU LAGUIOLE PASSION ABS BLANC + GENCOD;;00150492;13118220052465;23118220052462;;JIEYANG HONGXING STAINLESS STEEL PRODUCTS MANUFACTORY (HX)
32000027;3118220052475;FOURCHETTE LAGUIOLE PASSION ABS BLANC + GENCOD;;00150492;13118220052472;23118220052479;;JIEYANG HONGXING STAINLESS STEEL PRODUCTS MANUFACTORY (HX)
32000028;3118220052482;CUILLERE LAGUIOLE PASSION ABS BLANC + GENCOD;;00173654;13118220052489;23118220052486;;JIEYANG HONGXING STAINLESS STEEL PRODUCTS MANUFACTORY (HX)
32000029;3118220052499;CAFE LAGUIOLE PASSION ABS BLANC + GENCOD;;00150492;13118220052496;23118220052493;;JIEYANG HONGXING STAINLESS STEEL PRODUCTS MANUFACTORY (HX)
32000030;3118220052505;COUTEAU LAGUIOLE PASSION ABS BLEU 432C + GENCOD;;00150492;13118220052502;23118220052509;;JIEYANG HONGXING STAINLESS STEEL PRODUCTS MANUFACTORY (HX)
32000031;3118220052512;FOURCHETTE LAGUIOLE PASSION ABS BLEU 432C + GENCOD;;00150492;13118220052519;23118220052516;;JIEYANG HONGXING STAINLESS STEEL PRODUCTS MANUFACTORY (HX)
32000032;3118220052529;CUILLERE LAGUIOLE PASSION ABS BLEU 432C + GENCOD;;00150492;13118220052526;23118220052523;;JIEYANG HONGXING STAINLESS STEEL PRODUCTS MANUFACTORY (HX)
32000033;3118220052536;CAFE LAGUIOLE PASSION ABS BLEU 432C + GENCOD;;00150492;13118220052533;23118220052530;;JIEYANG HONGXING STAINLESS STEEL PRODUCTS MANUFACTORY (HX)
10270016;3118220052574;COUTEAU SAUMON BOIS TRADITION  CARTONNETTE TB C;;00155544;13118220052571;23118220052578;;GENERALE DE DECOUPAGE
20110046;3118220052604;M16 LAGUIOLE HERITAGE HORIZON BTE LAG HERITAGE;;00167330;13118220052601;23118220052608;;NOSKI
20110047;3118220052611;COUTEAU LAGUIOLE HERITAGE HORIZON VRAC + GENCOD;;00167330;13118220052618;23118220052615;;NOSKI
20110048;3118220052628;FOURCHETTE LAGUIOLE HERITAGE HORIZON VRAC + GENCOD;;00167330;13118220052625;23118220052622;;NOSKI
20110049;3118220052635;CUILLERE LAGUIOLE HERITAGE HORIZON VRAC + GENCOD;;00167330;13118220052632;23118220052639;;NOSKI
20110050;3118220052642;CAFE LAGUIOLE HERITAGE HORIZON VRAC + GENCOD;;00167330;13118220052649;23118220052646;;NOSKI
Comp0740227;3118220052666;MEUBLE BOIS MIXTE 1000*460*1900 MM 3 ETAGERES;;00180973;13118220052663;23118220052660;;SARL LB LA BARONNIE
Comp0740228;3118220052673;MEUBLE BOIS COUTEAUX 1000*460*1900 MM 2 ETAGERES;;00180973;13118220052670;23118220052677;;SARL LB LA BARONNIE
Comp0740229;3118220052680;CAISSON BOIS COUTEAUX 1400*450*460 MM;;00155922;13118220052687;23118220052684;;SARL LB LA BARONNIE
Comp0740230;3118220052697;SUPPORT ACIER NOIR 1350*350*1 POUR CAISSON BOIS COUTEAUX;;00159735;13118220052694;23118220052691;;VOULOUX
11980009;3118220052741;COFFRET 6 STEAK LAG HERITAGE ACCESS MIF METAL;;00159649;13118220052748;23118220052745;;GENERALE DE DECOUPAGE
12010001;3118220052758;COFFRET 4 CTX JOSEPH NANOCUT HYDRAWOOD TB HC FRANCE;;00162691;13118220052755;23118220052752;;GENERALE DE DECOUPAGE
11060157;3118220052765;COUTEAU S-NECK SERIE SPECIALE LAME PVD NOIR AVEC ETUI KYDEX;;00156723;13118220052762;23118220052769;;GENERALE DE DECOUPAGE
Comp0740231;3118220052772;MEUBLE BOIS COUTEAUX 1290*450*2065 MM 1 ETAGERE;;00158658;13118220052779;23118220052776;;SARL LB LA BARONNIE
Comp0740232;3118220052789;MEUBLE BOIS COUVERTS 1290*450*2605 MM 4 ETAGERES;;00158246;13118220052786;23118220052783;;SARL LB LA BARONNIE
Comp0740233;3118220052796;CAISSON BOIS COUTEAUX 1290*485*460 MM;;00158658;13118220052793;23118220052790;;SARL LB LA BARONNIE
Comp0740234;3118220052802;PLEXIGLASS  VITRINE 1290*485*4 CAISSON BOIS COUTEAUX;;00158628;13118220052809;23118220052806;;AOT
Comp0740235;3118220052819;FRONTON EN L TB COLLECTION 1290MM * HTR 300MM FOREX 5MM;;00158889;13118220052816;23118220052813;;IMPRIMERIE GUIGON
Comp0740236;3118220052826;PLAQUE METAL 1220*350*1 MM NOIR RAL 9005M FOND CAISSON BOIS;;00158626;13118220052823;23118220052820;;VOULOUX
Comp0740237;3118220052833;BANDEAU MAGNETIQUE ADHESIF 1220*80 MM POUR CAISSON BOIS;;00159737;13118220052830;23118220052837;;IMPRIMERIE GUIGON
Comp0740238;3118220052840;MONTANT CREMAILLERE H240 CM NOIR SATINE 3*240*2.5MM;;00157816;13118220052847;23118220052844;;RETIF
Comp0740239;3118220052857;ETAGERE PORTE VERRE BOIS 1200 MM P400MM DE 44 POTS TB;;00158658;13118220052854;23118220052851;;SARL LB LA BARONNIE
Comp0740240;3118220052871;BANDEAU FOREX 1290*80*5MM ADHESIF TB HTE COUTELLERIE;;00159737;13118220052878;23118220052875;;IMPRIMERIE GUIGON
11980010;3118220052918;COFFRET 6 STEAK LAG HERITAGE MEDIUM MIF NOIR;;00175358;13118220052915;23118220052912;;GENERALE DE DECOUPAGE
11980011;3118220052925;COFFRET 6 STEAK LAG HERITAGE MEDIUM MIF IVOIRE;;00175358;13118220052922;23118220052929;;GENERALE DE DECOUPAGE
11980012;3118220052932;COFFRET 6 STEAK LAG HERITAGE MEDIUM MIF GRIS;;00175358;13118220052939;23118220052936;;GENERALE DE DECOUPAGE
11980013;3118220052956;COFFRET 6 STEAK LAG HERITAGE MEDIUM MIF METAL;;00175358;13118220052953;23118220052950;;GENERALE DE DECOUPAGE
32020001;3451551089612;MENAGERE 16 PIECES SEVENTIES;;00156734;13451551089619;23451551089616;;JIEYANG HONGXING STAINLESS STEEL PRODUCTS MANUFACTORY (HX)
Comp0740241;3118220052987;CHEVALET DE PRESENTATION DU CAC AVEC DESCRIPTIF;;00158753;13118220052984;23118220052981;;FP MERCURE PACK & PLV
20110051;3118220052994;M16 LAGUIOLE HERITAGE INVITATION BTE LAG HERITAGE;;00167330;13118220052991;23118220052998;;NOSKI
20110052;3118220053007;COUTEAU LAGUIOLE HERITAGE INVITATION VRAC + GENCOD;;00167330;13118220053004;23118220053001;;NOSKI
20110053;3118220053014;FOURCHETTE LAGUIOLE HERITAGE INVITATION VRAC + GENCOD;;00167330;13118220053011;23118220053018;;NOSKI
20110054;3118220053021;CUILLERE LAGUIOLE HERITAGE INVITATION VRAC + GENCOD;;00167330;13118220053028;23118220053025;;NOSKI
20110055;3118220053038;CAFE LAGUIOLE HERITAGE INVITATION VRAC + GENCOD;;00167330;13118220053035;23118220053032;;NOSKI
10280005;3118220053045;OFFICE EQUILIBRE NANOCUT SOUS CARTONNETTE TB COLLECTION;;00169439;13118220053042;23118220053049;;GENERALE DE DECOUPAGE
10280006;3118220053052;UNIVERSEL EQUILIBRE NANOCUT SOUS CARTONNETTE TB COLLECTION;;00169439;13118220053059;23118220053056;;GENERALE DE DECOUPAGE
10280007;3118220053069;YANAGIBA EQUILIBRE NANOCUT SOUS CARTONNETTE TB COLLECTION;;00169439;13118220053066;23118220053063;;GENERALE DE DECOUPAGE
10280008;3118220053076;NAKIRI EQUILIBRE NANOCUT SOUS CARTONNETTE TB COLLECTION;;00168236;13118220053073;23118220053070;;GENERALE DE DECOUPAGE
Comp0750181;3118220053083;FOND PERFORE 560*560 MM GALVA POUR DISPLAY CARTON 1/4 PAL;;00156905;13118220053080;23118220053087;;GENERALE DE DECOUPAGE
Comp0750182;3118220053090;CEINTURE DISPLAY 1/4 PALETTE OP LAGUIOLE HERITAGE 2025;;00156926;13118220053097;23118220053094;;SMURFIT KAPPA DISPLAY FRANCE
Comp0750183;3118220053106;BARQUETTE IMP A  DISPLAY 1/4 PALETTE OP LH 2025;;00156926;13118220053103;23118220053100;;SMURFIT KAPPA DISPLAY FRANCE
Comp0750184;3118220053113;BARQUETTE IMP B  DISPLAY 1/4 PALETTE OP LH 2025;;00156926;13118220053110;23118220053117;;SMURFIT KAPPA DISPLAY FRANCE
Comp0750185;3118220053120;BARQUETTE IMP C  DISPLAY 1/4 PALETTE OP LH 2025;;00156926;13118220053127;23118220053124;;SMURFIT KAPPA DISPLAY FRANCE
Comp0750186;3118220053137;DESSUS PALETTE 600*800  DISPLAY 1/4 PALETTE OP LH 2025;;00156926;13118220053134;23118220053131;;SMURFIT KAPPA DISPLAY FRANCE
Comp0750187;3118220053144;PLAQUE ALVEOLEE ETAGE 3  DISPLAY 1/4 PALETTE OP LH 2025;;00162712;13118220053141;23118220053148;;SMURFIT KAPPA DISPLAY FRANCE
Comp0750188;3118220053151;CALE DE FOND ETAGE 1  DISPLAY 1/4 PALETTE OP LH 2025;;00156926;13118220053158;23118220053155;;SMURFIT KAPPA DISPLAY FRANCE
Comp0750189;3118220053168;CALE DE FOND ETAGE 2  DISPLAY 1/4 PALETTE OP LH 2025;;00156926;13118220053165;23118220053162;;SMURFIT KAPPA DISPLAY FRANCE
Comp0750190;3118220053175;PLAQUE DE FOND ETAGE 1  DISPLAY 1/4 PALETTE OP LH 2025;;00156926;13118220053172;23118220053179;;SMURFIT KAPPA DISPLAY FRANCE
Comp0750191;3118220053182;PLAQUE DE FOND ETAGE 2  DISPLAY 1/4 PALETTE OP LH 2025;;00156926;13118220053189;23118220053186;;SMURFIT KAPPA DISPLAY FRANCE
Comp0750192;3118220053199;PLAQUE DE FOND ETAGE 3  DISPLAY 1/4 PALETTE OP LH 2025;;00156926;13118220053196;23118220053193;;SMURFIT KAPPA DISPLAY FRANCE
Comp0750193;3118220053205;PORTE LEAFLET  DISPLAY 1/4 PALETTE OP LH 2025;;00156926;13118220053202;23118220053209;;SMURFIT KAPPA DISPLAY FRANCE
Comp0750194;3118220053212;FRONTON DISPLAY 1/4 PALETTE OP LH 2025;;00156926;13118220053219;23118220053216;;SMURFIT KAPPA DISPLAY FRANCE
Comp0750195;3118220053229;CALE DE TRANSPORT DISPLAY 1/4 PALETTE OP LH 2025;;00156926;13118220053226;23118220053223;;SMURFIT KAPPA DISPLAY FRANCE
Comp0750196;3118220053236;PALETTE BOIS  80*60  POUR DISPLAY 1/4 PAL CARTON;;00156926;13118220053233;23118220053230;;SMURFIT KAPPA DISPLAY FRANCE
Comp0750197;3118220053243;BROCHE METAL SIMPLE GRISE  DISPLAY 1/4 PALETTE OP LH 2025;;00156926;13118220053240;23118220053247;;SMURFIT KAPPA DISPLAY FRANCE
Comp0750198;3118220053250;LOT 8 ETIQUETTES PRIX  OP LH 2025;;00157729;13118220053257;23118220053254;;IMPRIMERIE GUIGON
11980026;3118220053380;COFFRET 6 STEAK LAG HERITAGE MEDIUM MIF BOIS CLAIR;;00175358;13118220053387;23118220053384;;GENERALE DE DECOUPAGE
11980027;3118220053397;COFFRET 6 STEAK LAG HERITAGE MEDIUM MIF BOIS FONCE;;00175358;13118220053394;23118220053391;;GENERALE DE DECOUPAGE
Comp0740242;3118220053502;BARRE DE FORCE 1100*20.4*40.4 MM;;00158086;13118220053509;23118220053506;;VOULOUX
11910016;3118220053519;COUTEAU STEAK ACRYLIQUE BLANC EXCLUSIVE MI;;00158480;13118220053516;23118220053513;;GENERALE DE DECOUPAGE
Comp0590008;3118220053526;CALAGE ACCORDEON 997.5*220MM COMPACT RECYCLE 400G CAISSETTE;;00158415;13118220053523;23118220053520;;CIT PLUS
11060158;3118220053533;CTX BIVOUAC PANACHE NOIR/KAKI PLV COMPTOIR DE 12P;;00158478;13118220053530;23118220053537;;GENERALE DE DECOUPAGE
32020002;3118220053540;M24 CHROMATICA ROSE PALE BOITE TB HC;;00159583;13118220053547;23118220053544;;JIEYANG HONGXING STAINLESS STEEL PRODUCTS MANUFACTORY (HX)
32020003;3118220053557;M24 CHROMATICA ROUGE ORANGE BOITE TB HC;;00159583;13118220053554;23118220053551;;JIEYANG HONGXING STAINLESS STEEL PRODUCTS MANUFACTORY (HX)
32020004;3118220053571;M24 CHROMATICA JAUNE GENET  BOITE TB HC;;00159583;13118220053578;23118220053575;;JIEYANG HONGXING STAINLESS STEEL PRODUCTS MANUFACTORY (HX)
32020005;3118220053595;M24 CHROMATICA VERT BLANC  BOITE TB HC;;00159583;13118220053592;23118220053599;;JIEYANG HONGXING STAINLESS STEEL PRODUCTS MANUFACTORY (HX)
32020006;3118220053601;M24 CHROMATICA BLEU COBALT BOITE TB HC;;00159583;13118220053608;23118220053605;;JIEYANG HONGXING STAINLESS STEEL PRODUCTS MANUFACTORY (HX)
32020007;3118220053618;M24 CHROMATICA COOL GRAY BOITE TB HC;;00159583;13118220053615;23118220053612;;JIEYANG HONGXING STAINLESS STEEL PRODUCTS MANUFACTORY (HX)
10590014;3118220053625;CISEAU UNIVERSEL ABS NOIR TOP CHEF;;00165066;13118220053622;23118220053629;;YANGJIANG YINHONG INDUSTRIES CO., LTD
12010002;3118220053656;COFFRET 4 CTX JOSEPH NANOCUT ACETATE NOIR TB HC FRANCE;;00162691;13118220053653;23118220053650;;GENERALE DE DECOUPAGE
12010003;3118220053663;COFFRET 4 CTX JOSEPH NANOCUT ACETATE GRIS TB HC FRANCE;;00162691;13118220053660;23118220053667;;GENERALE DE DECOUPAGE
12010004;3118220053670;COFFRET 4 CTX JOSEPH NANOCUT ACETATE MOKA TB HC FRANCE;;00162691;13118220053677;23118220053674;;GENERALE DE DECOUPAGE
12010005;3118220053687;COFFRET 4 CTX JOSEPH NANOCUT ACETATE ORANGE TB HC FRANCE;;00162691;13118220053684;23118220053681;;GENERALE DE DECOUPAGE
12010006;3118220053700;COFFRET 4 CTX JOSEPH NANOCUT ACETATE NACRE TB HC FRANCE;;00165077;13118220053707;23118220053704;;GENERALE DE DECOUPAGE
12010007;3118220053694;COFFRET 4 CTX JOSEPH NANOCUT ACETATE BLEU TB HC FRANCE;;00162691;13118220053691;23118220053698;;GENERALE DE DECOUPAGE
12010008;3118220053717;COFFRET 4 CTX JOSEPH NANOCUT ACETATE ROUGE TB HC FRANCE;;00162691;13118220053714;23118220053711;;GENERALE DE DECOUPAGE
12010009;3118220053724;COFFRET 4 CTX JOSEPH NANOCUT ACETATE VERT TB HC FRANCE;;00162691;13118220053721;23118220053728;;GENERALE DE DECOUPAGE
11910017;3118220053731;COUTEAU FERMANT CARBONE EXCLUSIVE MI;;00161181;13118220053738;23118220053735;;GENERALE DE DECOUPAGE
21520059;3118220053779;SET 12 PCS POUR M16 LAGUIOLE INTUITION BRILLANT;;00160868;13118220053776;23118220053773;;JIEYANG HONGXING STAINLESS STEEL PRODUCTS MANUFACTORY (HX)
40110009;3118220053786;RAPE A FROMAGE LAGUIOLE HERITAGE SUR CARTE;;00159604;13118220053783;23118220053780;;JIT GLOBAL LOGISTICS SUPPLY CHAIN CO. LIMITED-EX SMART IRON
40110010;3118220053793;RAPE ZESTEUR LAGUIOLE HERITAGE SUR CARTE;;00159604;13118220053790;23118220053797;;JIT GLOBAL LOGISTICS SUPPLY CHAIN CO. LIMITED-EX SMART IRON
12010010;3118220053809;COFFRET 4 CTX JOSEPH NANOCUT ACETATE PANACHE TB HC FRANCE;;00180585;13118220053806;23118220053803;;GENERALE DE DECOUPAGE
11910018;3118220053854;"COUTEAU CHEF 8"" FORGE  CARBONE EXCLUSIVE MI";;00179955;13118220053851;23118220053858;;GENERALE DE DECOUPAGE
11910019;3118220053861;"COUTEAU CHEF 8"" FORGE BLACKED OUT EXCLUSIVE MI";;00161181;13118220053868;23118220053865;;GENERALE DE DECOUPAGE
22040001;3118220053878;M24 LAGUIOLE HERITAGE FUSION INOX BRILLANT BTE LH;;00159600;13118220053875;23118220053872;;JIEYANG HONGXING STAINLESS STEEL PRODUCTS MANUFACTORY (HX)
22040002;3118220053885;M24 LAGUIOLE HERITAGE FUSION INOX SATIN BTE LH;;00159600;13118220053882;23118220053889;;JIEYANG HONGXING STAINLESS STEEL PRODUCTS MANUFACTORY (HX)
30140050;3118220053892;M24 MANGO ROUGE  EN PANIER FIL ACIER NOIR  TB COLLECTION;;00159603;13118220053899;23118220053896;;JIEYANG HONGXING STAINLESS STEEL PRODUCTS MANUFACTORY (HX)
30140051;3118220053908;M24 MANGO NOIR EN PANIER FIL ACIER NOIR  TB COLLECTION;;00159603;13118220053905;23118220053902;;JIEYANG HONGXING STAINLESS STEEL PRODUCTS MANUFACTORY (HX)
30140052;3118220053915;M24 MANGO BLANC EN PANIER FIL ACIER NOIR TB COLLECTION;;00159603;13118220053912;23118220053919;;JIEYANG HONGXING STAINLESS STEEL PRODUCTS MANUFACTORY (HX)
30140053;3118220053922;M24 MANGO BLEU EN PANIER FIL ACIER NOIR  TB COLLECTION;;00159603;13118220053929;23118220053926;;JIEYANG HONGXING STAINLESS STEEL PRODUCTS MANUFACTORY (HX)
12060001;3118220053946;OFFICE  9CM BRIGADE FORGE PREMIUM TROISGROS EN BTE RETAIL;;00179964;13118220053943;23118220053940;;GENERALE DE DECOUPAGE
12060002;3118220053953;CUISINE 15 CM BRIGADE FORGE PREMIUM TROISGROS EN BTE RETAIL;;00162679;13118220053950;23118220053957;;GENERALE DE DECOUPAGE
12060003;3118220053960;SANTOKU 18 CM BRIGADE FORGE PREMIUM TROISGROS EN BTE RETAIL;;00162679;13118220053967;23118220053964;;GENERALE DE DECOUPAGE
12060004;3118220053977;CHEF 20 CM BRIGADE FORGE PREMIUM TROISGROS EN BTE RETAIL;;00162679;13118220053974;23118220053971;;GENERALE DE DECOUPAGE
12060005;3118220053984;PAIN 20 CM BRIGADE FORGE PREMIUM TROISGROS EN BTE RETAIL;;00162679;13118220053981;23118220053988;;GENERALE DE DECOUPAGE
22080001;3118220053991;M48 ESQUISSE INOX TB COLLECTION EN MALLETTE;;00166346;13118220053998;23118220053995;;JIEYANG HONGXING STAINLESS STEEL PRODUCTS MANUFACTORY (HX)
Comp1240015;3118220054004;ETIQUETTE BLANCHE OPAQUE 35*40 MM HANWAY;;00174626;13118220054001;23118220054008;;IMPRIMERIE DECOMBAT
Comp0750199;3118220054011;ENSEMBLE FOREX HAUT+BAS ADHESIV DEMI DISPLAY MAREYEUR MIF V2;;00164413;13118220054018;23118220054015;;IMPRIMERIE GUIGON
Comp0750200;3118220054028;BANDEAU FOREX NEUTRE ADHESIVE DEMI DISPLAY MAREYEUR MIF V2;;00164413;13118220054025;23118220054022;;IMPRIMERIE GUIGON
31040025;3118220054202;M24 DROP COLOR BLANC  EN BOITE TB COLLECTION;;00161016;13118220054209;23118220054206;;JIEYANG HONGXING STAINLESS STEEL PRODUCTS MANUFACTORY (HX)
31040026;3118220054233;COUTEAU DROP COLOR BLEU  VRAC + GENCOD;;00165104;13118220054230;23118220054237;;JIEYANG HONGXING STAINLESS STEEL PRODUCTS MANUFACTORY (HX)
31040027;3118220054240;FOURCHETTE DROP COLOR BLEU  VRAC + GENCOD;;00165104;13118220054247;23118220054244;;JIEYANG HONGXING STAINLESS STEEL PRODUCTS MANUFACTORY (HX)
31040028;3118220054257;CUILLERE DROP COLOR BLEU  VRAC + GENCOD;;00165104;13118220054254;23118220054251;;JIEYANG HONGXING STAINLESS STEEL PRODUCTS MANUFACTORY (HX)
31040029;3118220054264;CAFE DROP COLOR BLEU  VRAC + GENCOD;;00165104;13118220054261;23118220054268;;JIEYANG HONGXING STAINLESS STEEL PRODUCTS MANUFACTORY (HX)
31040030;3118220054271;COUTEAU DROP COLOR NOIR  VRAC + GENCOD;;00165104;13118220054278;23118220054275;;JIEYANG HONGXING STAINLESS STEEL PRODUCTS MANUFACTORY (HX)
31040031;3118220054288;FOURCHETTE DROP COLOR NOIR VRAC + GENCOD;;00165104;13118220054285;23118220054282;;JIEYANG HONGXING STAINLESS STEEL PRODUCTS MANUFACTORY (HX)
31040032;3118220054295;CUILLERE DROP COLOR NOIR  VRAC + GENCOD;;00165104;13118220054292;23118220054299;;JIEYANG HONGXING STAINLESS STEEL PRODUCTS MANUFACTORY (HX)
31040033;3118220054301;CAFE DROP COLOR NOIR  VRAC + GENCOD;;00165104;13118220054308;23118220054305;;JIEYANG HONGXING STAINLESS STEEL PRODUCTS MANUFACTORY (HX)
11060159;3118220054356;CTX UNBOXER PANACHE ROUGE/VERT/BLEU PLV COMPTOIR DE 12P;;00168895;13118220054353;23118220054350;;GENERALE DE DECOUPAGE
20110056;3118220054363;COUTEAU LAGUIOLE HERITAGE EMOTION 18/10 SATIN VRAC + GENCOD;;00168188;13118220054360;23118220054367;;NOSKI
20110057;3118220054370;FOURCHETTE LAG HERITAGE EMOTION 18/10 SATIN VRAC + GENCOD;;00168188;13118220054377;23118220054374;;NOSKI
20110058;3118220054387;CUILLERE LAG HERITAGE EMOTION 18/10 SATIN VRAC + GENCOD;;00168188;13118220054384;23118220054381;;NOSKI
20110059;3118220054394;CAFE LAGUIOLE HERITAGE EMOTION 18/10 SATIN VRAC + GENCOD;;00168188;13118220054391;23118220054398;;NOSKI
32070049;3118220054400;M24 OPEN DECOR POIS ROUGE 3517C POT PET TB COLLECTION;;00173654;13118220054407;23118220054404;;JIEYANG HONGXING STAINLESS STEEL PRODUCTS MANUFACTORY (HX)
32070050;3118220054417;M24 OPEN DECOR POIS NOIR POT PET TB COLLECTION;;00176529;13118220054414;23118220054411;;JIEYANG HONGXING STAINLESS STEEL PRODUCTS MANUFACTORY (HX)
10320051;3118220054530;LOT 8 CTX STEAK ECO NOIRS;;00167340;13118220054537;23118220054534;;JIT GLOBAL LOGISTICS SUPPLY CHAIN CO. LIMITED-EX SMART IRON
Acce1060061;3118220054547;KIT AXE LAME CAC;;00175372;13118220054544;23118220054541;;GENERALE DE DECOUPAGE
Acce1060062;3118220054554;KIT VISSERIE CAC;;00179517;13118220054551;23118220054558;;GENERALE DE DECOUPAGE
Acce1060063;3118220054561;KIT THUMB STUDS CAC;;00178738;13118220054568;23118220054565;;GENERALE DE DECOUPAGE
Acce1060064;3118220054578;KIT RESSORTS CAC;;00175372;13118220054575;23118220054572;;GENERALE DE DECOUPAGE
Comp0750201;3118220054585;FOND PERFORE 860*560 MM GALVA POUR DISPLAY CARTON;;00162290;13118220054582;23118220054589;;GENERALE DE DECOUPAGE
Comp0750202;3118220054646;BARQUETTE DISPLAY 1/4 PALETTE LAGUIOLE HERITAGE;;00162712;13118220054643;23118220054640;;SMURFIT KAPPA DISPLAY FRANCE
Comp0750203;3118220054653;CEINTURE DISPLAY 1/4 PALETTE LAGUIOLE HERITAGE;;00162712;13118220054650;23118220054657;;SMURFIT KAPPA DISPLAY FRANCE
Comp0750204;3118220054660;FRONTON DISPLAY 1/4 PALETTE LAGUIOLE HERITAGE;;00162712;13118220054667;23118220054664;;SMURFIT KAPPA DISPLAY FRANCE
Comp0750205;3118220054677;PLAQUE DESSUS  PALETTE DISPLAY 1/4 PALETTE;;00162712;13118220054674;23118220054671;;SMURFIT KAPPA DISPLAY FRANCE
Comp0750206;3118220054684;CALE INTERIEUR DE TRANSPORT DISPLAY 1/4 PALETTE;;00162712;13118220054681;23118220054688;;SMURFIT KAPPA DISPLAY FRANCE
11060160;3118220054738;DRAVIK COUTEAU CUISINE OUTDOOR ZIRICOT EN BOITE;;00168857;13118220054735;23118220054732;;GENERALE DE DECOUPAGE
11920006;3118220054745;COUTEAU OFFICE LISSE EASY FRANCE EN VRAC + GENCOD;;00172175;13118220054742;23118220054749;;GENERALE DE DECOUPAGE
11920007;3118220054752;COUTEAU OFFICE MICRODENTE EASY FRANCE EN VRAC + GENCOD;;00172175;13118220054759;23118220054756;;GENERALE DE DECOUPAGE
11920008;3118220054769;COUTEAU STEAK MICRODENTE EASY FRANCE EN VRAC + GENCOD;;00172175;13118220054766;23118220054763;;GENERALE DE DECOUPAGE
60110003;3118220054776;SOMMELIER MANCHE PAKKAWOOD SS COQUE LAGUIOLE HERITAGE;;00164613;13118220054773;23118220054770;;GUANGWEI HOUSEHOLD PRODUCTS LIMITED (EX DIAMOND TRACK)
10110034;3118220054783;COUTEAU PLIANT MANCHE PAKKAWOOD SS COQUE LAGUIOLE HERITAGE;;00164611;13118220054780;23118220054787;;HONYEE INDUSTRY AND TRADING ENTERPRISE CO ( zhongli )
40110011;3118220054790;MANDOLINE BOITE LAGUIOLE HERITAGE;;00164695;13118220054797;23118220054794;;JAZZWAY LTD
10110035;3118220054806;OFFICE 9 LAGUIOLE HERITAGE MANCHE METAL SATINE EN BTE CARTON;;00165368;13118220054803;23118220054800;;GUANGWEI HOUSEHOLD PRODUCTS LIMITED (EX DIAMOND TRACK)
10110036;3118220054813;STEAK 12 LAGUIOLE HERITAGE MANCHE METAL SATINE EN BTE CARTON;;00165368;13118220054810;23118220054817;;GUANGWEI HOUSEHOLD PRODUCTS LIMITED (EX DIAMOND TRACK)
10110037;3118220054820;MULTI USAGE DENT 12 LAG HERITAG MANCHE METAL SATIN BTE CARTO;;00165368;13118220054827;23118220054824;;GUANGWEI HOUSEHOLD PRODUCTS LIMITED (EX DIAMOND TRACK)
10110038;3118220054837;CUISINE 17 LAGUIOLE HERITAGE MANCHE METAL SATINE BTE CARTON;;00165368;13118220054834;23118220054831;;GUANGWEI HOUSEHOLD PRODUCTS LIMITED (EX DIAMOND TRACK)
10110039;3118220054844;CHEF 22 LAGUIOLE HERITAGE MANCHE METAL SATINE BTE CARTON;;00165368;13118220054841;23118220054848;;GUANGWEI HOUSEHOLD PRODUCTS LIMITED (EX DIAMOND TRACK)
10110040;3118220054851;SANTOKU 18 LAGUIOLE HERITAGE MANCHE METAL SATINE BTE CARTON;;00165368;13118220054858;23118220054855;;GUANGWEI HOUSEHOLD PRODUCTS LIMITED (EX DIAMOND TRACK)
Outi1940049;3118220052130;OUTIL DE DECOUPE LAME SENSEO MEDIUM 2MM 77843;;00164434;;;;TARRERIAS ET CIE
Outi1940050;3118220052147;OUTIL DE DECOUPE PLATINE 1MM LAGUIOLE MEDIUM PLASTIQUE 77844;;00164435;;;;TARRERIAS ET CIE
Outi1940051;3118220054462;OUTIL DE DECOUPE PLATINE 1MM LAGUIOLE MEDIUM BOIS 77898;;00164435;;;;TARRERIAS ET CIE
12090001;3118220054868;TUBO 6 CTX VICTOR LAME LISSE ABS NOIR TBHC FRANCE;;00164882;13118220054865;23118220054862;;GENERALE DE DECOUPAGE
12090002;3118220054875;TUBO 6 CTX VICTOR LAME MICRODENTEE  ABS NOIR TBHC FRANCE;;00164882;13118220054872;23118220054879;;GENERALE DE DECOUPAGE
30020342;3661075394615;LAG HERITAGE M16 ACIDULE NOIR POLYFLAME;;00166001;;3661075394622;;JIEYANG HONGXING STAINLESS STEEL PRODUCTS MANUFACTORY (HX)
10110041;3661075394592;LAG HERITAGE COUTEAU PLIANT DAMAS PAKKAWOOD POLYFLAME;;00166002;;3661075394608;;SCIKIO INTER'L ENTERPRISE CO., Ltd.
10110042;3661075394578;LAG HERITAGE COUTEAU PLIANT VENITIEN NOIR POLYFLAME;;00166002;;3661075394585;;SCIKIO INTER'L ENTERPRISE CO., Ltd.
60110004;3661075394554;LAG HERITAGE SOMMELIER NOIR BAMBOU POLYFLAME;;00166002;;3661075394561;;SCIKIO INTER'L ENTERPRISE CO., Ltd.
30110004;3661075394516;LAG HERITAGE M24 NOIR ABS POLYFLAME;;00166001;;3661075394523;;JIEYANG HONGXING STAINLESS STEEL PRODUCTS MANUFACTORY (HX)
30110005;3661075394493;LAG HERITAGE M24 COULEUR ABS POLYFLAME;;00166001;;3661075394509;;JIEYANG HONGXING STAINLESS STEEL PRODUCTS MANUFACTORY (HX)
10110043;3661075394530;COFFRET 6 PCS MIF ACCESS NOIR POLYFLAME;;00174895;;3661075394547;;GENERALE DE DECOUPAGE
Comp0740246;3118220054882;ETAGERE PORTE VERRE BOIS 880MM P400MM  32 POTS TB;;00165917;13118220054889;23118220054886;;SARL LB LA BARONNIE
30363724;3617702752693;M24 CLASSIC BLEU PANTONE 655C CARREFOUR;;00174089;;03617700989572;;JIEYANG HONGXING STAINLESS STEEL PRODUCTS MANUFACTORY (HX)
Cons0850046;3118220054929;CAISSE AME. 425 X 300 X 260 IMPRIMEE 71590034 LOT 2205021125;;00168961;13118220054926;23118220054923;;CARTONNAGES DU VALDORE CELTA
Cons0850047;3118220054936;CAISSE AME. 470 X 300 X 310 IMPRIMEE 71590032 LOT 2205021125;;00168961;13118220054933;23118220054930;;CARTONNAGES DU VALDORE CELTA
Outi1940052;3118220051553;MOULE COTES 2 EMP D COUTEAU TABLE CHR ACCESS 70040001;;00166064;;;;TARRERIAS ET CIE
Outi1940053;3118220051560;MOULE COTES 2 EMP G COUTEAU TABLE CHR ACCESS 70040002;;00166064;;;;TARRERIAS ET CIE
Outi1940054;3118220052710;POSAGE RIVETAGE CHR AGME 77862;;00166064;;;;TARRERIAS ET CIE
Outi1940055;3118220051676;OUTIL GUILLOCHAGE SENSEO2 77826;;00166065;;;;TARRERIAS ET CIE
Outi1940056;3118220053465;POSAGE COLLAGE MANCHE SURICATE 77874;;00166099;;;;TARRERIAS ET CIE
Comp0740247;3118220054943;ADHESIF SILHOUETTES COUVERTS POUR ETAGERE PORTE VERRE BOIS;;00166229;13118220054940;23118220054947;;IMPRIMERIE GUIGON
32100001;3118220054967;M16 OPALE ROUGE EN  BOITE TB COLLECTION;;00166222;13118220054964;23118220054961;;JIEYANG HONGXING STAINLESS STEEL PRODUCTS MANUFACTORY (HX)
32100002;3118220054974;M16 OPALE NOIR EN  BOITE TB COLLECTION;;00166222;13118220054971;23118220054978;;JIEYANG HONGXING STAINLESS STEEL PRODUCTS MANUFACTORY (HX)
32100003;3118220054981;M16 OPALE BLEU EN  BOITE TB COLLECTION;;00166222;13118220054988;23118220054985;;JIEYANG HONGXING STAINLESS STEEL PRODUCTS MANUFACTORY (HX)
32100004;3118220054998;M16 OPALE MARRON EN  BOITE TB COLLECTION;;00166222;13118220054995;23118220054992;;JIEYANG HONGXING STAINLESS STEEL PRODUCTS MANUFACTORY (HX)
Comp0740249;3118220055025;ETAGERE PORTE VERRE BOIS COUVERTS 1000 MM P420MM 36 POTS TB;;00180826;13118220055022;23118220055029;;SARL LB LA BARONNIE
Comp0740250;3118220055032;ETAGERE PORTE VERRE BOIS COUTEAUX 1000 MM P420MM 27 POTS TB;;00171339;13118220055039;23118220055036;;SARL LB LA BARONNIE
10120221;3118220055049;PAIN 20CM FORGE GEORGES MANCHE POM CARTONNETTE TB HTE C;;00180584;13118220055046;23118220055043;;GENERALE DE DECOUPAGE
10120222;3118220055056;FILET DE SOLE FORGE GEORGES MANCHE POM CARTONNETTE TB HTE C;;00180584;13118220055053;23118220055050;;GENERALE DE DECOUPAGE
10424334;3118220055063;OFFICE 9CM  MAESTRO NANOCUT SOUS CARTONNETTE TB HC;;00168545;13118220055060;23118220055067;;GENERALE DE DECOUPAGE
10424335;3118220055070;STEAK LAME LISSE 12CM MAESTRO NANOCUT SOUS CARTONNETTE TB HC;;00168545;13118220055077;23118220055074;;GENERALE DE DECOUPAGE
10424336;3118220055087;CUISINE 15CM MAESTRO NANOCUT SOUS CARTONNETTE TB HC;;00168545;13118220055084;23118220055081;;GENERALE DE DECOUPAGE
10424337;3118220055094;SANTOKU 20CM MAESTRO NANOCUT SOUS CARTONNETTE TB HC;;00168545;13118220055091;23118220055098;;GENERALE DE DECOUPAGE
10424338;3118220055100;CHEF 20CM MAESTRO NANOCUT SOUS CARTONNETTE TB HC;;00168545;13118220055107;23118220055104;;GENERALE DE DECOUPAGE
10424339;3118220055117;CUISINE 20CM MAESTRO NANOCUT SOUS CARTONNETTE TB HC;;00168545;13118220055114;23118220055111;;GENERALE DE DECOUPAGE
10424340;3118220055124;PAIN 20CM MAESTRO SOUS CARTONNETTE TB HC;;00168545;13118220055121;23118220055128;;GENERALE DE DECOUPAGE
Cons0850048;3118220055148;CAISSE AME. C25R 1400X 800 X 500 MM;;00166925;13118220055145;23118220055142;;VIALLON ET CIE
11910021;3118220055278;"COUTEAU CHEF 8"" FORGE INOX RIVETS CREUX EXCLUSIVE MI";;00167523;13118220055275;23118220055272;;GENERALE DE DECOUPAGE
Comp0750207;3118220055285;DESSUS PALETTE  1/2 DISPLAY TOP CHEF 2026;;00168544;13118220055282;23118220055289;;SMURFIT KAPPA DISPLAY FRANCE
Comp0750208;3118220055292;PLAQUE CACHE RABATS  1/2 DISPLAY TOP CHEF 2026;;00168544;13118220055299;23118220055296;;SMURFIT KAPPA DISPLAY FRANCE
Comp0750209;3118220055308;SEPARATEUR 1  1/2 DISPLAY TOP CHEF 2026;;00168544;13118220055305;23118220055302;;SMURFIT KAPPA DISPLAY FRANCE
Comp0750210;3118220055315;CEINTURE 1/2 DISPLAY TOP CHEF 2026;;00168544;13118220055312;23118220055319;;SMURFIT KAPPA DISPLAY FRANCE
Comp0750211;3118220055322;TABLETTE NIV 1   1/2 DISPLAY TOP CHEF 2026;;00168544;13118220055329;23118220055326;;SMURFIT KAPPA DISPLAY FRANCE
Comp0750212;3118220055339;SEPARATEUR 2  1/2 DISPLAY TOP CHEF 2026;;00168544;13118220055336;23118220055333;;SMURFIT KAPPA DISPLAY FRANCE
Comp0750213;3118220055346;TABLETTE NIV 2  1/2 DISPLAY TOP CHEF 2026;;00168544;13118220055343;23118220055340;;SMURFIT KAPPA DISPLAY FRANCE
Comp0750214;3118220055353;SEPARATEUR 3  1/2 DISPLAY TOP CHEF 2026;;00168544;13118220055350;23118220055357;;SMURFIT KAPPA DISPLAY FRANCE
Comp0750215;3118220055360;TABLETTE NIV 3  1/2 DISPLAY TOP CHEF 2026;;00168544;13118220055367;23118220055364;;SMURFIT KAPPA DISPLAY FRANCE
Comp0750216;3118220055377;BARQUETTE TABLIERS 1/2 DISPLAY TOP CHEF 2026;;00168544;13118220055374;23118220055371;;SMURFIT KAPPA DISPLAY FRANCE
Comp0750217;3118220055384;PORTE BULLETIN 1/2 DISPLAY TOP CHEF 2026;;00168544;13118220055381;23118220055388;;SMURFIT KAPPA DISPLAY FRANCE
Comp0750218;3118220055391;FRONTON 1/2 DISPLAY TOP CHEF 2026;;00168544;13118220055398;23118220055395;;SMURFIT KAPPA DISPLAY FRANCE
Comp0750219;3118220055407;BROCHE METAL GRISE DISPLAY TOP CHEF 2026;;00168544;13118220055404;23118220055401;;SMURFIT KAPPA DISPLAY FRANCE
Comp0750220;3118220055414;FOND PERFORE 734*300MM 1/2 DISPLAY TOP CHEF 2026;;00168339;13118220055411;23118220055418;;GENERALE DE DECOUPAGE
Comp0750221;3118220055421;DESSUS PALETTE  DISPLAY TOP CHEF 2026;;00168544;13118220055428;23118220055425;;SMURFIT KAPPA DISPLAY FRANCE
Comp0750222;3118220055438;CEINTURE  DISPLAY TOP CHEF 2026;;00168544;13118220055435;23118220055432;;SMURFIT KAPPA DISPLAY FRANCE
Comp0750223;3118220055445;PLAQUE CACHE RABATS  DISPLAY TOP CHEF 2026;;00168544;13118220055442;23118220055449;;SMURFIT KAPPA DISPLAY FRANCE
Comp0750224;3118220055452;SEPARATEUR 1  DISPLAY TOP CHEF 2026;;00168544;13118220055459;23118220055456;;SMURFIT KAPPA DISPLAY FRANCE
Comp0750225;3118220055469;TABLETTE NIV 1   DISPLAY TOP CHEF 2026;;00168544;13118220055466;23118220055463;;SMURFIT KAPPA DISPLAY FRANCE
Comp0750226;3118220055476;SEPARATEUR 2  DISPLAY TOP CHEF 2026;;00168544;13118220055473;23118220055470;;SMURFIT KAPPA DISPLAY FRANCE
Comp0750227;3118220055483;TABLETTE NIV 2  DISPLAY TOP CHEF 2026;;00168544;13118220055480;23118220055487;;SMURFIT KAPPA DISPLAY FRANCE
Comp0750228;3118220055490;SEPARATEUR 3  DISPLAY TOP CHEF 2026;;00168544;13118220055497;23118220055494;;SMURFIT KAPPA DISPLAY FRANCE
Comp0750229;3118220055506;TABLETTE NIV 3  DISPLAY TOP CHEF 2026;;00168544;13118220055503;23118220055500;;SMURFIT KAPPA DISPLAY FRANCE
Comp0750230;3118220055513;BARQUETTE TABLIERS  DISPLAY TOP CHEF 2026;;00168544;13118220055510;23118220055517;;SMURFIT KAPPA DISPLAY FRANCE
Comp0750231;3118220055520;FRONTON DISPLAY TOP CHEF 2026;;00168544;13118220055527;23118220055524;;SMURFIT KAPPA DISPLAY FRANCE
Comp0750232;3118220055537;COIFFE DISPLAY 1200*800  CARTON;;00168544;13118220055534;23118220055531;;SMURFIT KAPPA DISPLAY FRANCE
Comp0750233;3118220055544;TOTEM ELLIPTIQUE + GALBEURS TOP CHEF 2026;;00168663;13118220055541;23118220055548;;SMURFIT KAPPA DISPLAY FRANCE
Comp0750234;3118220055551;FOND PERFORE 1134*300MM  DISPLAY TOP CHEF 2026;;00168339;13118220055558;23118220055555;;GENERALE DE DECOUPAGE
Comp1230016;3118220055568;BMR  260*70*60;;00168070;13118220055565;23118220055562;;CIT PLUS
Cons0850049;3118220055575;CAISSE AME. GC20 360 X 270 X 85;;00168075;13118220055572;23118220055579;;VIALLON ET CIE
Comp0740251;3118220055605;FRONTON TB HTE COUTELLERIE FOREX 5MM 1000*300MM PLIE EN L;;00175683;13118220055602;23118220055609;;IMPRIMERIE GUIGON
10300056;3118220055735;COFFRET 4 CTX LAG EXPRESSION ABS IVOIRE BTE LH;;00178929;13118220055732;23118220055739;;JIT GLOBAL LOGISTICS SUPPLY CHAIN CO. LIMITED-EX SMART IRON
20110060;3118220055742;COFFRET 4 PCS LAGUIOLE HERITAGE COUVERTS ENFANTS;;00171134;13118220055749;23118220055746;;NOSKI
11060163;3118220055803;COUTEAU MONOBLOC IMPACT 127 MANCHE CARBON BLACK EN BTE TECH;;00170168;13118220055800;23118220055807;;GENERALE DE DECOUPAGE
11060164;3118220055810;COUTEAU MONOBLOC IMPACT 127 MANCHE CARBON COPPER EN BTE TECH;;00170168;13118220055817;23118220055814;;GENERALE DE DECOUPAGE
11060165;3118220055827;COUTEAU MONOBLOC IMPACT 127 MANCHE CARBON GOLD EN BTE TECH;;00170168;13118220055824;23118220055821;;GENERALE DE DECOUPAGE
10500024;3118220055841;COUTEAU DE POCHE SURICATE PALISSANDRE DE SANTOS MIF EN BT TB;;00179941;13118220055848;23118220055845;;GENERALE DE DECOUPAGE
12010011;3118220055872;COUTEAU JOSEPH NANOCUT HYDRAWOOD BOITE CARTON TB HC FRANCE;;00174053;13118220055879;23118220055876;;GENERALE DE DECOUPAGE
12010012;3118220055889;COUTEAU JOSEPH NANOCUT ACETATE NOIR BTE CARTON TB HC FRANCE;;00174053;13118220055886;23118220055883;;GENERALE DE DECOUPAGE
12010013;3118220055896;COUTEAU JOSEPH NANOCUT ACETATE GRIS BTE CARTON TB HC FRANCE;;00174053;13118220055893;23118220055890;;GENERALE DE DECOUPAGE
12010014;3118220055902;COUTEAU JOSEPH NANOCUT ACETATE MOKA BTE CARTON TB HC FRANCE;;00174053;13118220055909;23118220055906;;GENERALE DE DECOUPAGE
12010015;3118220055919;COUTEAU JOSEPH NANOCUT ACETATE ORANGE BTE  TB HC FRANCE;;00174053;13118220055916;23118220055913;;GENERALE DE DECOUPAGE
12010016;3118220055926;COUTEAU JOSEPH NANOCUT ACETATE BLEU BTE CARTON TB HC FRANCE;;00174053;13118220055923;23118220055920;;GENERALE DE DECOUPAGE
12010017;3118220055933;COUTEAU JOSEPH NANOCUT ACETATE NACRE BTE CARTON TB HC FRANCE;;00174053;13118220055930;23118220055937;;GENERALE DE DECOUPAGE
12010018;3118220055940;COUTEAU JOSEPH NANOCUT ACETATE ROUGE BTE CARTON TB HC FRANCE;;00174053;13118220055947;23118220055944;;GENERALE DE DECOUPAGE
12010019;3118220055957;COUTEAU JOSEPH NANOCUT ACETATE VERT BTE CARTON TB HC FRANCE;;00174053;13118220055954;23118220055951;;GENERALE DE DECOUPAGE
12010020;3118220056008;COUTEAU JOSEPH NANOCUT ACETATE JAUNE BTE CARTON TB HC FRANCE;;00174053;13118220056005;23118220056002;;GENERALE DE DECOUPAGE
12010021;3118220056015;COUTEAU JOSEPH NANOCUT ACETATE ROSE BTE CARTON TB HC FRANCE;;00174053;13118220056012;23118220056019;;GENERALE DE DECOUPAGE
12010022;3118220056022;COUTEAU JOSEPH NANOCUT ACETATE VIOLET BTE  TB HC FRANCE;;00174053;13118220056029;23118220056026;;GENERALE DE DECOUPAGE
12010023;3118220056039;COUTEAU JOSEPH NANOCUT ACETATE VERT PASTEL BTE  TB HC FRANCE;;00174053;13118220056036;23118220056033;;GENERALE DE DECOUPAGE
11060166;3118220056046;CAC S200 DAMAS INOX LADDER MICRO MANCH G10 TOX ROUGE BTE TEC;;00175447;13118220056043;23118220056040;;GENERALE DE DECOUPAGE
11060167;3118220056053;CAC S200 DAMAS INOX LADDER MICRO MANCH G10 TOX KAKI BTE TECH;;00175447;13118220056050;23118220056057;;GENERALE DE DECOUPAGE
11910022;3118220056091;COUTEAU STEAK ACRYLIQUE NOIR PERLE EXCLUSIVE MI;;00179956;13118220056098;23118220056095;;GENERALE DE DECOUPAGE
10320052;3118223150246;EPLUCHEUR ERGO ROSE EN VRAC;;00174106;13118223150243;23118223150240;;GENERALE DE DECOUPAGE
Comp0740253;3118220056411;BARRE DE FORCE 1200*20*40 MM;;00178166;13118220056418;23118220056415;;VOULOUX
Comp0740254;3118220056428;MEUBLE BOIS INCLINE COUTEAUX 1330*400*1455 MM;;00176369;13118220056425;23118220056422;;SARL LB LA BARONNIE
11060168;3118220056442;CAC 400 ANS MARINE NATIONALE EDITION TRADITION EN BTE TECH;;00174902;13118220056449;23118220056446;;GENERALE DE DECOUPAGE
11060169;3118220056459;CAC 400 ANS MARINE NATIONALE EDITION PILOTE EN BTE TECH;;00174902;13118220056456;23118220056453;;GENERALE DE DECOUPAGE
11060170;3118220056466;CAC 400 ANS MARINE NATIONALE EDITION COMMANDO EN BTE TECH;;00174902;13118220056463;23118220056460;;GENERALE DE DECOUPAGE
11060171;3118220056473;CAC 400 ANS MARINE NATIONALE EDITION FOST EN BTE TECH;;00174902;13118220056470;23118220056477;;GENERALE DE DECOUPAGE
11980039;3118220056497;BOITE 8 STEAK LAG HERITAGE MIF ACCESS + NOIR;;00180220;13118220056494;23118220056491;;GENERALE DE DECOUPAGE
Comp0740255;3118220056503;BANDEAU FOREX 1330*439*5MM ADHESIF MEUBLE CARREFOUR;;00176958;13118220056500;23118220056507;;IMPRIMERIE GUIGON
Comp0740256;3118220056510;BANDEAU FOREX 1330*60*5 MM ADHESIF MEUBLE CARREFOUR;;00176958;13118220056517;23118220056514;;IMPRIMERIE GUIGON
Comp0750235;3118220056633;PALETTE BOIS  900*400 MM POUR DISPLAY OP LH 2026;;00177662;13118220056630;23118220056637;;SMURFIT KAPPA DISPLAY FRANCE
Comp0750236;3118220056640;DESSUS PALETTE DISPLAY OP LH 2026;;00177662;13118220056647;23118220056644;;SMURFIT KAPPA DISPLAY FRANCE
Comp0750237;3118220056657;CEINTURE DISPLAY OP LH 2026;;00177662;13118220056654;23118220056651;;SMURFIT KAPPA DISPLAY FRANCE
Comp0750238;3118220056664;BARQUETTE 1 DISPLAY OP LH 2026;;00177662;13118220056661;23118220056668;;SMURFIT KAPPA DISPLAY FRANCE
Comp0750239;3118220056671;RENFORT BARQUETTE 1 DISPLAY OP LH 2026;;00177662;13118220056678;23118220056675;;SMURFIT KAPPA DISPLAY FRANCE
Comp0750240;3118220056688;ENTRETOISE NIV 1 DISPLAY OP LH 2026;;00177662;13118220056685;23118220056682;;SMURFIT KAPPA DISPLAY FRANCE
Comp0750241;3118220056695;BARQUETTE 2 DISPLAY OP LH 2026;;00177662;13118220056692;23118220056699;;SMURFIT KAPPA DISPLAY FRANCE
Comp0750242;3118220056701;PLAQUE ALVEOLEE DISPLAY OP LH 2026;;00177662;13118220056708;23118220056705;;SMURFIT KAPPA DISPLAY FRANCE
Comp0750243;3118220056718;RENFORT BARQUETTE 2 DISPLAY OP LH 2026;;00177662;13118220056715;23118220056712;;SMURFIT KAPPA DISPLAY FRANCE
Comp0750244;3118220056725;ENTRETOISE NIV  2 DISPLAY OP LH 2026;;00177662;13118220056722;23118220056729;;SMURFIT KAPPA DISPLAY FRANCE
Comp0750245;3118220056732;BARQUETTE 3 DISPLAY OP LH 2026;;00177662;13118220056739;23118220056736;;SMURFIT KAPPA DISPLAY FRANCE
Comp0750246;3118220056749;RENFORT BARQUETTE 3 DISPLAY OP LH 2026;;00177662;13118220056746;23118220056743;;SMURFIT KAPPA DISPLAY FRANCE
Comp0750247;3118220056756;PORTE BULLETIN DISPLAY OP LH 2026;;00177662;13118220056753;23118220056750;;SMURFIT KAPPA DISPLAY FRANCE
Comp0750248;3118220056763;FRONTON DISPLAY OP LH 2026;;00177662;13118220056760;23118220056767;;SMURFIT KAPPA DISPLAY FRANCE
Comp0750249;3118220056770;TOTEM DISPLAY OP LH 2026;;00177662;13118220056777;23118220056774;;SMURFIT KAPPA DISPLAY FRANCE
Comp0750250;3118220056787;COIFFE DISPLAY OP LH 2026;;00177662;13118220056784;23118220056781;;SMURFIT KAPPA DISPLAY FRANCE
Comp0750251;3118220056794;FOND PERFORE 860*133 MM   DISPLAY OP LH 2026;;00177304;13118220056791;23118220056798;;GENERALE DE DECOUPAGE
Comp0750252;3118220056800;FOND PERFORE 860*335 MM   DISPLAY OP LH 2026;;00177304;13118220056807;23118220056804;;GENERALE DE DECOUPAGE
Comp0750253;3118220056817;BROCHE METAL GRIS ANTHRACITE DISPLAY OP LH 2026;;00177662;13118220056814;23118220056811;;SMURFIT KAPPA DISPLAY FRANCE
20110061;3118220056909;M16 LAGUIOLE HERITAGE PVD NOIR EN BOITE LAGUIOLE;;00178307;13118220056906;23118220056903;;NOSKI
Comp0740257;3118220056916;MODULE  BOIS COUTEAU CARREFOUR 650*450*400;;00180972;13118220056913;23118220056910;;SARL LB LA BARONNIE
10500025;3118220056923;COUTEAU SURICATE EDITION ALPES BOIS NATUREL MIF EN BTE TB;;00179941;13118220056920;23118220056927;;GENERALE DE DECOUPAGE
10500026;3118220056930;COUTEAU SURICATE EDITION ALPES  PALISSANDRE MIF EN BTE TB;;00179941;13118220056937;23118220056934;;GENERALE DE DECOUPAGE
10500027;3118220056947;CTX SURICATE EDITION ALPES BOIS NATUREL MIF PLV COMPTOIR 12P;;00179941;13118220056944;23118220056941;;GENERALE DE DECOUPAGE
10500028;3118220056954;CTX SURICATE EDITION ALPES  PALISSANDRE MIF PLV COMPTOIR 12P;;00179941;13118220056951;23118220056958;;GENERALE DE DECOUPAGE
11060172;3118220056961;CTX BIVOUAC ALPES BLEU AVEC ETUI ET COUVERTS EN SACHET;;00180321;13118220056968;23118220056965;;GENERALE DE DECOUPAGE
11060173;3118220056978;CTX BIVOUAC ALPES KAKI AVEC ETUI ET COUVERTS EN SACHET;;00180321;13118220056975;23118220056972;;GENERALE DE DECOUPAGE
11060174;3118220056985;CTX BIVOUAC ALPES NOIR AVEC ETUI ET COUVERTS EN SACHET;;00180321;13118220056982;23118220056989;;GENERALE DE DECOUPAGE
11060175;3118220056992;CTX BIVOUAC ALPES ROUGE AVEC ETUI ET COUVERTS EN SACHET;;00180321;13118220056999;23118220056996;;GENERALE DE DECOUPAGE
11060176;3118220057005;CTX BIVOUAC ALPES KAKI/NOIR/ROUGE/BLEU PLV COMPTOIR 12P;;00180321;13118220057002;23118220057009;;GENERALE DE DECOUPAGE
10500029;3118220057012;COUTEAU POCHE SURICATE PALISSANDRE MIF EN DISPLAY DE 12P;;00179941;13118220057019;23118220057016;;GENERALE DE DECOUPAGE
11060177;3118220057029;BIVOUAC VERT LEGION ETRANGERE ETUI ET COUVERTS EN SACHET;;00178916;13118220057026;23118220057023;;GENERALE DE DECOUPAGE
11060178;3118220057036;BIVOUAC NOIR LEGION ETRANGERE ETUI ET COUVERTS EN SACHET;;00178916;13118220057033;23118220057030;;GENERALE DE DECOUPAGE
11060179;3118220057043;BIVOUAC ROUGE LEGION ETRANGERE ETUI ET COUVERTS EN SACHET;;00178916;13118220057040;23118220057047;;GENERALE DE DECOUPAGE
11060180;3118220057050;BIVOUAC SABLE LEGION ETRANGERE ETUI ET COUVERTS EN SACHET;;00178916;13118220057057;23118220057054;;GENERALE DE DECOUPAGE
11060181;3118220057067;BIVOUAC BLANC LEGION ETRANGERE ETUI ET COUVERTS EN SACHET;;00178916;13118220057064;23118220057061;;GENERALE DE DECOUPAGE
11060182;3118220057074;CAC SERRATION G10 CAMOUFLE LEGION ETRANGERE BOITE TECH;;00178916;13118220057071;23118220057078;;GENERALE DE DECOUPAGE
11060183;3118220057081;CAC SERRATION PA6 VERT LEGION ETRANGERE BOITE TECH;;00178916;13118220057088;23118220057085;;GENERALE DE DECOUPAGE
11060184;3118220057098;CAC SERRATION PA6 NOIR LEGION ETRANGERE BOITE TECH;;00178916;13118220057095;23118220057092;;GENERALE DE DECOUPAGE
11060185;3118220057104;CAC SERRATION PA6 ROUGE LEGION ETRANGERE BOITE TECH;;00178916;13118220057101;23118220057108;;GENERALE DE DECOUPAGE
11060186;3118220057111;CAC SERRATION PA6 SABLE LEGION ETRANGERE+ ETUI CUIR BTE TECH;;00178916;13118220057118;23118220057115;;GENERALE DE DECOUPAGE
11060187;3118220057128;CAC SERRATION PA6 BLANC LEGION ETRANGERE+ ETUI CUIR BTE TECH;;00178916;13118220057125;23118220057122;;GENERALE DE DECOUPAGE
10340046;3118220057135;OFFICE BOIS TRADITIONNEL SS CARTONNETTE TB COLLECTION;;00179688;13118220057132;23118220057139;;GENERALE DE DECOUPAGE
10340047;3118220057142;STEAK MICRO BOIS TRADITIONNEL SS CARTONNETTE TB COLLECTION;;00179688;13118220057149;23118220057146;;GENERALE DE DECOUPAGE
Comp0600002;3118220057197;BOITE VIDE TB COLLECTION  POUR BLOC UNIVERSEL ACACIA;;00179393;13118220057194;23118220057191;;GUANGWEI HOUSEHOLD PRODUCTS LIMITED (EX DIAMOND TRACK)
41520005;3118220057234;COFFRET  LAGUIOLE HERITAGE FOIE GRAS 2P INTUITION BRILLANT;;00180950;13118220057231;23118220057238;;NOSKI
11520012;3118220057241;COFFRET  LAGUIOLE HERITAGE FROMAGE 3P INTUITION BRILLANT;;00180941;13118220057248;23118220057245;;NOSKI
5012;3118220050129;BLOC DROIT EN PIN 6CX GRILLADE;;00123101;13118220050126;23118220050123;;GENERALE DE DECOUPAGE
40300;3118224030004;BIVOUAC EN COFFRET BOIS;;00076957;13118224030001;23118224030008;;GENERALE DE DECOUPAGE
99540;3118220570993;COUTEAU GRILLADE BOIS VRAC;;00180077;13118220570990;23118220570997;;JIT GLOBAL LOGISTICS SUPPLY CHAIN CO. LIMITED-EX SMART IRON
136080;3118221360807;AIMANT/DISQUE N45 NICKELE REF S1010N POUR MEUBLE LINEAIRE CR;;00147049;13118221360804;23118221360801;;SUPERMAGNETE
238961;3222472389613;LOT 2 OFFICES POLYPRO;;00124727;13222472389610;23222472389617;;GENERALE DE DECOUPAGE
238963;3222472389637;LOT 2 EPLUCHEURS POLYPRO;;00127492;13222472389634;23222472389631;;GENERALE DE DECOUPAGE
238966;3222472389668;LOT 2 GRILLADES POLYPRO;;00124727;13222472389665;23222472389662;;GENERALE DE DECOUPAGE
238989;3222472389897;CT STEAK NEW RECORD;;00137417;13222472389894;23222472389891;;GENERALE DE DECOUPAGE
260448;3222472604488;GRILLADE BOIS RIVETS CASINO;;00113628;13222472604485;23222472604482;;JIT GLOBAL LOGISTICS SUPPLY CHAIN CO. LIMITED-EX SMART IRON
300330;3118223003306;COUTEAU CLEO 10/10;;00150073;13118223003303;23118223003300;;JIEYANG CITY WANXIN HARDWARE PRODUCTS CO LTD (WX)
303130;3118223031309;COUTEAU OFFICE CHEF;;00163115;13118223031306;23118223031303;;GENERALE DE DECOUPAGE
303160;3118223031606;LANCETTE HUITRE BOIS;;00122663;13118223031603;23118223031600;;Garwin Enterprise Co., Ltd
303178;3118223031781;CT HUITRE PLASTIQUE GARDE NOIR;;00162171;13118223031788;23118223031785;;GENERALE DE DECOUPAGE
303180;3118223031804;CT HUITRE POLYPRO SANS GARDE NOIR;;00171564;13118223031801;23118223031808;;GENERALE DE DECOUPAGE
303230;3118220007574;AIGUISEUR PROFESSIONNEL;;00115781;13118220007571;23118220007578;;WUYI HUAYING KITCHENWARE CO LTD
303250;3118223032504;BARRETTE AIMANTEE;;00089474;13118223032501;23118223032508;;SCHNEIDER CONSUMER ASIA (ex ADMEA HOME TECH)
304109;3118223041018;BEURRE LAG PALIS 12/10 MI GENCOD;;00176880;13118223041015;23118223041012;;JIT GLOBAL LOGISTICS SUPPLY CHAIN CO. LIMITED-EX SMART IRON
306230;3118223062303;COUTEAU BIVOUAC KAKI;;00175168;13118223062300;23118223062307;;GENERALE DE DECOUPAGE
314460;3118223144603;HUITRE POLYPRO GARDE NOIR NOUVEAU DESIGN;;00171564;13118223144600;23118223144607;;GENERALE DE DECOUPAGE
315910;3118223159102;HUITRE POLYPRO ANCIEN MOD SS GARDE BLEU 3135C;;00077714;13118223159109;23118223159106;;GENERALE DE DECOUPAGE
315912;3118223159126;HUITRE POLYPRO ANCIEN MOD SS GARDE VERT 376C;;00077714;13118223159123;23118223159120;;GENERALE DE DECOUPAGE
400052;3118224000526;M24 LAG NACRE IVOIRE COF + BAND.MI;;00112414;13118224000523;23118224000520;;JIEYANG HONGXING STAINLESS STEEL PRODUCTS MANUFACTORY (HX)
400080;3118224000809;M24 VIEUX PARIS EN BOITE TB COLLECTION;;00084975;13118224000806;23118224000803;;SCHNEIDER CONSUMER ASIA (ex ADMEA HOME TECH)
400520;3118224005200;COUTEAU VIEUX PARIS + GENCOD;;00084975;13118224005207;23118224005204;;SCHNEIDER CONSUMER ASIA (ex ADMEA HOME TECH)
400530;3118224005309;FOURCHETTE VIEUX PARIS + GENCOD;;00084975;13118224005306;23118224005303;;SCHNEIDER CONSUMER ASIA (ex ADMEA HOME TECH)
400540;3118224005408;CUILLERE VIEUX PARIS + GENCOD;;00084975;13118224005405;23118224005402;;SCHNEIDER CONSUMER ASIA (ex ADMEA HOME TECH)
400550;3118224005507;CAFE VIEUX PARIS + GENCOD;;00179392;13118224005504;23118224005501;;NOSKI
401720;3118224017203;COUPERET ABS 3 RIVETS SUR CARTE;;00175165;13118224017200;23118224017207;;GENERALE DE DECOUPAGE
401740;3118224017401;PIERRE A AIGUISER EN BOITE TB COLLECTION;;00152200;13118224017408;23118224017405;;AOYAM KITCHEN (ZHONGSHAN) CO., LTD - EX HIAMEA
402010;3118224020104;M24 LAG METAL COF. + BANDEAU;;00150076;13118224020101;23118224020108;;JIEYANG HONGXING STAINLESS STEEL PRODUCTS MANUFACTORY (HX)
402620;3118224026205;LOT 6 FTTES CLEO 18% 10/10;;00156766;13118224026202;23118224026209;;JIEYANG CITY WANXIN HARDWARE PRODUCTS CO LTD (WX)
402630;3118224026304;LOT 6 CUILL CLEO 18% 10/10;;00156766;13118224026301;23118224026308;;JIEYANG CITY WANXIN HARDWARE PRODUCTS CO LTD (WX)
402640;3118224026403;LOT 6 CAFES CLEO 18% 10/10;;00176529;13118224026400;23118224026407;;JIEYANG HONGXING STAINLESS STEEL PRODUCTS MANUFACTORY (HX)
402650;3118224026502;LOT 6 CUILL MOKA CLEO 18% 10/10;;00176529;13118224026509;23118224026506;;JIEYANG HONGXING STAINLESS STEEL PRODUCTS MANUFACTORY (HX)
402660;3118224026601;LOT 6 CUILL MAZAGRAN CLEO;;00156766;13118224026608;23118224026605;;JIEYANG CITY WANXIN HARDWARE PRODUCTS CO LTD (WX)
402711;3118224027110;COUTEAU DE POCHE NATU /CQUE TB LAME 9CM;;00176740;13118224027117;23118224027114;;GUANGWEI HOUSEHOLD PRODUCTS LIMITED (EX DIAMOND TRACK)
402961;3118224029619;CUISINE 25 FORGE  FX COUTEAU DU CHEF;;00104712;13118224029616;23118224029613;;GENERALE DE DECOUPAGE
402971;3118224029718;JAMBON 25CM FORGE  CARTONNETTE TB PRO;;00163627;13118224029715;23118224029712;;GENERALE DE DECOUPAGE
402981;3118224029817;BOUCHER 21 CM FORGE CARTONNETTE TB PRO;;00175164;13118224029814;23118224029811;;GENERALE DE DECOUPAGE
402991;3118224029916;CHEF 19CM FORGE  CARTONNETTE TB PRO;;00138193;13118224029913;23118224029910;;GENERALE DE DECOUPAGE
403001;3118224030011;CT PAIN 20CM FORGE CARTONNETTE TB PRO;;00163627;13118224030018;23118224030015;;GENERALE DE DECOUPAGE
403011;3118224030110;CUISINE 17CM FORGE   CARTONNETTE TB PRO;;00163112;13118224030117;23118224030114;;GENERALE DE DECOUPAGE
403021;3118224030219;DESOSSER 15CM FORGE  CARTONNETTE TB PRO;;00143638;13118224030216;23118224030213;;GENERALE DE DECOUPAGE
403031;3118224030318;STEAK 12CM FORGE CARTONNETTE TB PRO;;00169476;13118224030315;23118224030312;;GENERALE DE DECOUPAGE
403041;3118224030417;OFFICE 9CM FORGE CARTONNETTE TB PRO;;00175164;13118224030414;23118224030411;;GENERALE DE DECOUPAGE
403050;3118224030509;FOURCHETTE DECOUPER FORGE BOITE TB COLLECTION;;00122896;13118224030506;23118224030503;;GUANGWEI HOUSEHOLD PRODUCTS LIMITED (EX DIAMOND TRACK)
403261;3118224032619;PAIN 21CM CHALET FX CDF;;00086312;13118224032616;23118224032613;;GENERALE DE DECOUPAGE
403271;3118224032718;CUISINE 19CM CHALET FX CDF;;00086312;13118224032715;23118224032712;;GENERALE DE DECOUPAGE
403301;3118224033012;OFFICE 9CM CHALET  FX CDF;;00086312;13118224033019;23118224033016;;GENERALE DE DECOUPAGE
403371;3118224033715;CHEF 21CM SENSIO FX COUTEAU DU CHEF;;00146189;13118224033712;23118224033719;;GENERALE DE DECOUPAGE
403381;3118224033814;PAIN 21CM SENSIO FX COUTEAU DU CHEF;;00146186;13118224033811;23118224033818;;GENERALE DE DECOUPAGE
403391;3118224033913;CUISINE 19CM SENSIO FX COUTEAU DU CHEF;;00146186;13118224033910;23118224033917;;GENERALE DE DECOUPAGE
403411;3118224034118;STEAK 12CM SENSIO FX COUTEAU DU CHEF;;00146187;13118224034115;23118224034112;;GENERALE DE DECOUPAGE
403421;3118224034217;OFFICE 9CM SENSIO FX COUTEAU DU CHEF;;00105948;13118224034214;23118224034211;;GENERALE DE DECOUPAGE
403431;3118224034316;BOUCHER 21CM PRADEL CARTONNETTE TB C;;00158620;13118224034313;23118224034310;;GENERALE DE DECOUPAGE
403441;3118224034415;PAIN 21CM PRADEL CARTONNETTE TB C;;00170929;13118224034412;23118224034419;;GENERALE DE DECOUPAGE
403451;3118224034514;SANTOKU  19 PRADEL CARTONNETTE TB C;;00157075;13118224034511;23118224034518;;GENERALE DE DECOUPAGE
403461;3118224034613;CUISINE 17CM PRADEL CARTONNETTE TB C;;00175165;13118224034610;23118224034617;;GENERALE DE DECOUPAGE
403481;3118224034811;DESOSSER 15CM PRADEL CARTONNETTE TB C;;00158620;13118224034818;23118224034815;;GENERALE DE DECOUPAGE
403571;3118224035719;BOUCHER 17CM RECORD FX COUTEAU DU CHEF;;00078827;13118224035716;23118224035713;;GENERALE DE DECOUPAGE
403591;3118224035917;PAIN SURG 17CM RECORD FX COUTEAU DU CHEF;;00078827;13118224035914;23118224035911;;GENERALE DE DECOUPAGE
403601;3118224036013;CUISINE 16CM RECORD FX COUTEAU DU CHEF;;00078827;13118224036010;23118224036017;;GENERALE DE DECOUPAGE
403631;3118224036310;STEAK FIN 10CM RECORD / SLEEVE;;00079494;13118224036317;23118224036314;;GENERALE DE DECOUPAGE
404490;3118224044902;STEAK 10CM RECORD + SLEEVE;;00082774;13118224044909;23118224044906;;GENERALE DE DECOUPAGE
404510;3118224045107;COUTEAU OFFICE CHEF + SLEEVE;;00123089;13118224045104;23118224045101;;GENERALE DE DECOUPAGE
404520;3118224045206;CT OFFICE BOIS  RIVET+ SLEEVE;;00150071;13118224045203;23118224045200;;JIT GLOBAL LOGISTICS SUPPLY CHAIN CO. LIMITED-EX SMART IRON
404530;3118224045305;CT OFFICE BOIS COULEUR RIV + SLV;;00164089;13118224045302;23118224045309;;JIT GLOBAL LOGISTICS SUPPLY CHAIN CO. LIMITED-EX SMART IRON
404550;3118224045503;OFFICE 9CM PRADEL + SLEEVE;;00168373;13118224045500;23118224045507;;GENERALE DE DECOUPAGE
404560;3118224045602;OFFICE 8CM RECORD + SLEEVE;;00077414;13118224045609;23118224045606;;GENERALE DE DECOUPAGE
404580;3118224045800;CT OFFICE ERGO COL. PANACHE+ SLV;;00139591;13118224045807;23118224045804;;GENERALE DE DECOUPAGE
404600;3118224046005;EPLU BOIS COULEUR AVEC RIV + SLV;;00176880;13118224046002;23118224046009;;JIT GLOBAL LOGISTICS SUPPLY CHAIN CO. LIMITED-EX SMART IRON
404630;3118224046302;EPLUCHEUR ERGO NOIR + SLEEVE;;00139591;13118224046309;23118224046306;;GENERALE DE DECOUPAGE
404631;3118224046319;EPLUCHEUR ERGO NOIR + GENCOD;;00104465;13118224046316;23118224046313;;GENERALE DE DECOUPAGE
404641;3118224046418;EPLUCHEUR ERGO COLORIS PANACHE;;00134031;13118224046415;23118224046412;;GENERALE DE DECOUPAGE
404710;3118224047101;CT HUITRE MANCHE PLAST GARDE;;00171564;13118224047108;23118224047105;;GENERALE DE DECOUPAGE
404730;3118224047309;COUTEAU GRILLADE PRADEL + SLEEV;;00175165;13118224047306;23118224047303;;GENERALE DE DECOUPAGE
404735;3118224047354;COUTEAU GRILLADE PRADEL+GENCOD;;00085075;13118224047351;23118224047358;;GENERALE DE DECOUPAGE
404850;3118224048504;CT STEAK LAGUIOLE  BOIS+ SLEEVE;;00100756;13118224048501;23118224048508;;JIT GLOBAL LOGISTICS SUPPLY CHAIN CO. LIMITED-EX SMART IRON
404860;3118224048603;CT STEAK MANCHE BOIS + SLEEVE;;00100756;13118224048600;23118224048607;;JIT GLOBAL LOGISTICS SUPPLY CHAIN CO. LIMITED-EX SMART IRON
404870;3118224048702;STEAK 11CM PRADEL + SLEEVE;;00175165;13118224048709;23118224048706;;GENERALE DE DECOUPAGE
405100;3118224051009;SOMM. LAG ABS GRIS COF. BOIS;;00137365;13118224051006;23118224051003;;GENERALE DE DECOUPAGE
405110;3118224051108;COUTEAUX STEAK RECORD COUL + SL;;00135151;13118224051105;23118224051102;;GENERALE DE DECOUPAGE
405784;3118224057841;M24 LAG ANTHRACITE MI COF. + BAND;;00099054;13118224057848;23118224057845;;JIEYANG HONGXING STAINLESS STEEL PRODUCTS MANUFACTORY (HX)
406220;3118224062203;BAROUDEUR KAKI AVEC COUVERTS SOUS GAINE EN SACHET PLASTIQUE;;00115521;13118224062200;23118224062207;;GENERALE DE DECOUPAGE
406240;3118224062401;LOT 3 CTX CLEO;;00075987;13118224062408;23118224062405;;SCHNEIDER CONSUMER ASIA (ex ADMEA HOME TECH)
406840;3118224068403;LOT 6 CTX STEAK ECO NOIRS;;00176880;13118224068400;23118224068407;;JIT GLOBAL LOGISTICS SUPPLY CHAIN CO. LIMITED-EX SMART IRON
407400;3118224074008;M24 ROMANE BOITE TB COLLECTION;;00174711;13118224074005;23118224074002;;JIEYANG HONGXING STAINLESS STEEL PRODUCTS MANUFACTORY (HX)
409050;3118224090503;COUTEAU PIZZA MANCHE POLYPRO SOUS SLEEVE + GENCOD;;00179122;13118224090500;23118224090507;;JIT GLOBAL LOGISTICS SUPPLY CHAIN CO. LIMITED-EX SMART IRON
412931;3118224129319;COUTEAU LAGUIOLE TABLE ABS ML GRIS VRAC SANS GENCOD;;00137365;13118224129316;23118224129313;;GENERALE DE DECOUPAGE
418814;3118224188149;BLOC 5 CTX METAL + 1 HACHOIR + 1 FUSIL;;00096180;13118224188146;23118224188143;;SCHNEIDER CONSUMER ASIA (ex ADMEA HOME TECH)
419420;3118224194201;COUTEAU OFFICE BACKELISE CARTONNETTE TB C;;00140025;13118224194208;23118224194205;;GENERALE DE DECOUPAGE
419440;3118224194409;COUTEAU STEAK CARTONNETTE TB C;;00155921;13118224194406;23118224194403;;GENERALE DE DECOUPAGE
419460;3118224194607;COUTEAU CUISINE BACKELISE FX COUTEAU DU CHEF;;00155884;13118224194604;23118224194601;;GENERALE DE DECOUPAGE
419470;3118224194706;COUTEAU VIANDE BACKELISE CARTONNETTE TB C;;00153010;13118224194703;23118224194700;;GENERALE DE DECOUPAGE
419480;3118224194805;COUTEAU PAIN BACKELISE FX COUTEAU DU CHEF;;00179394;13118224194802;23118224194809;;GENERALE DE DECOUPAGE
420160;3118224201602;OFFICE BI-MAT CARTONNETTE TB C;;00171845;13118224201609;23118224201606;;GENERALE DE DECOUPAGE
420170;3118224201701;STEAK BI-MAT FX CARTONNETTE  TB C;;00171845;13118224201708;23118224201705;;GENERALE DE DECOUPAGE
420180;3118224201800;FRUIT/LEG BI-MAT CARTONNETTE TB C;;00145903;13118224201807;23118224201804;;GENERALE DE DECOUPAGE
420190;3118224201909;CUISINE 17 BI-MAT CARTONNETTE TB C;;00171845;13118224201906;23118224201903;;GENERALE DE DECOUPAGE
420200;3118224202005;BOUCHER 21 BI-MAT CARTONNETTE TB C;;00169513;13118224202002;23118224202009;;GENERALE DE DECOUPAGE
420470;3118224204702;BLOC VERNIS NOIR MAT 8PCE P.SOIE;;00084114;13118224204709;23118224204706;;SCHNEIDER CONSUMER ASIA (ex ADMEA HOME TECH)
421310;3118224213100;LOT SCOTCHE 2 STEAKS ECO IMPORT;;00180077;13118224213107;23118224213104;;JIT GLOBAL LOGISTICS SUPPLY CHAIN CO. LIMITED-EX SMART IRON
421320;3118224213209;LOT SCOTCHE 2 CTX OFFICE RECORD;;00165797;13118224213206;23118224213203;;GENERALE DE DECOUPAGE
421610;3118224216101;LAG EVOLUTION NATUREL EN BTE;;00108297;13118224216108;23118224216105;;GUANGWEI HOUSEHOLD PRODUCTS LIMITED (EX DIAMOND TRACK)
421612;3118224216125;LAG EVOLUTION NOIR  EN BTE;;00125440;13118224216122;23118224216129;;GUANGWEI HOUSEHOLD PRODUCTS LIMITED (EX DIAMOND TRACK)
421620;3118224216200;EPLUCHEUR LUXE M.OLIVIER CDF;;00165824;13118224216207;23118224216204;;GENERALE DE DECOUPAGE
421630;3118224216309;OFFICE LUXE TT M.OLIVIER CDF;;00175169;13118224216306;23118224216303;;GENERALE DE DECOUPAGE
421650;3118224216507;STEAK LUXE M.OLIVIER CDF;;00132460;13118224216504;23118224216501;;GENERALE DE DECOUPAGE
422030;3118224220306;LOT 1 OFFI + 1 EPLU ERGO COULEUR (VENDU EN BOX PROMO) PCB144;;00099333;13118224220303;23118224220300;;GENERALE DE DECOUPAGE
422290;3222472389682;CT HUITRE PLASTIQUE GARDE NOIR CASINO;;00139591;13222472389689;23222472389686;;GENERALE DE DECOUPAGE
422410;3390509952274;COUTEAU OFFICE 9 CM BASIC;;00122889;13390509952271;23390509952278;;GENERALE DE DECOUPAGE
422420;3390509952281;COUTEAU TABLE 11CM BASIC;;00128769;13390509952288;23390509952285;;GENERALE DE DECOUPAGE
422430;3390509952298;COUTEAU STEAK 12 CM BASIC;;00128623;13390509952295;23390509952292;;GENERALE DE DECOUPAGE
422460;3390509952328;COUTEAU VIANDE 21 CM BASIC;;00128623;13390509952325;23390509952322;;GENERALE DE DECOUPAGE
422480;3390509952342;COUTEAU PAIN 20CM BASIC;;00128623;13390509952349;23390509952346;;GENERALE DE DECOUPAGE
422580;3390509952441;COUTEAU OFFICE 9CM CLASSIC;;00128623;13390509952448;23390509952445;;GENERALE DE DECOUPAGE
422600;3390509952465;COUTEAU STEAK 12CM CLASSIC;;00134351;13390509952462;23390509952469;;GENERALE DE DECOUPAGE
422630;3390509952496;COUTEAU VIANDE 21 CM CLASSIC;;00128623;13390509952493;23390509952490;;GENERALE DE DECOUPAGE
422640;3390509945504;COUTEAU CUISINE 17CM CLASSIC;;00128359;13390509945501;23390509945508;;GENERALE DE DECOUPAGE
422650;3390509945511;COUTEAU PAIN 20CM CLASSIC;;00128623;13390509945518;23390509945515;;GENERALE DE DECOUPAGE
422660;3390509945528;COUTEAU OFFICE 10CM INOX;;00082543;13390509945525;23390509945522;;GENERALE DE DECOUPAGE
422670;3390509945535;COUTEAU TABLE 12CM INOX;;00081529;13390509945532;23390509945539;;GENERALE DE DECOUPAGE
422680;3390509945542;COUTEAU STEAK 12CM INOX;;00082543;13390509945549;23390509945546;;GENERALE DE DECOUPAGE
422700;3390509945566;COUTEAU VIANDE 21CM INOX;;00082055;13390509945563;23390509945560;;GENERALE DE DECOUPAGE
422710;3390509945573;COUTEAU CUISINE 18CM INOX;;00081966;13390509945570;23390509945577;;GENERALE DE DECOUPAGE
422730;3390509945597;COUTEAU OFFICE 10CM CHEF;;00175164;13390509945594;23390509945591;;GENERALE DE DECOUPAGE
422740;3390509945603;COUTEAU STEAK 12.5CM CHEF;;00163626;13390509945600;23390509945607;;GENERALE DE DECOUPAGE
422750;3390509945610;COUTEAU DESOSSER 15CM CHEF;;00175164;13390509945617;23390509945614;;GENERALE DE DECOUPAGE
422760;3390509945627;COUTEAU CUISINE 17CM FORGE CHEF;;00163626;13390509945624;23390509945621;;GENERALE DE DECOUPAGE
422770;3390509945634;COUTEAU SANTOKU  CHEF;;00163626;13390509945631;23390509945638;;GENERALE DE DECOUPAGE
422780;3390509945641;COUTEAU BOUCHER 21CM CHEF;;00163626;13390509945648;23390509945645;;GENERALE DE DECOUPAGE
422790;3390509945658;COUTEAU CUISINE 25CM CHEF;;00168342;13390509945655;23390509945652;;GENERALE DE DECOUPAGE
422800;3390509945665;COUTEAU PAIN 20CM CHEF;;00163626;13390509945662;23390509945669;;GENERALE DE DECOUPAGE
422810;3390509945672;COUTEAU JAMBON 25CM CHEF;;00163626;13390509945679;23390509945676;;GENERALE DE DECOUPAGE
422830;3390509945696;EPLUCHEUR BOIS VRAC CRF;;00100756;13390509945693;23390509945690;;JIT GLOBAL LOGISTICS SUPPLY CHAIN CO. LIMITED-EX SMART IRON
422840;3390509945702;EPLUCHEUR BOIS COULEUR VRAC;;00132550;13390509945709;23390509945706;;JIT GLOBAL LOGISTICS SUPPLY CHAIN CO. LIMITED-EX SMART IRON
422842;5414663364297;EPLUCHEUR BOIS COULEUR VRAC CORA;;00125951;15414663364294;25414663364291;;JIT GLOBAL LOGISTICS SUPPLY CHAIN CO. LIMITED-EX SMART IRON
422850;3390509945719;OFFICE BOIS VRAC CRF;;00113628;13390509945716;23390509945713;;JIT GLOBAL LOGISTICS SUPPLY CHAIN CO. LIMITED-EX SMART IRON
422860;3390509945726;OFFICE BOIS COULEUR VRAC;;00135834;13390509945723;23390509945720;;JIT GLOBAL LOGISTICS SUPPLY CHAIN CO. LIMITED-EX SMART IRON
422862;5414663364303;OFFICE BOIS COULEUR VRAC CORA;;00113628;15414663364300;25414663364307;;JIT GLOBAL LOGISTICS SUPPLY CHAIN CO. LIMITED-EX SMART IRON
422870;3390509945733;STEAK BOIS VRAC CRF;;00100756;13390509945730;23390509945737;;JIT GLOBAL LOGISTICS SUPPLY CHAIN CO. LIMITED-EX SMART IRON
422880;3390509945740;GRILLADE BOIS VRAC CRF;;00122748;13390509945747;23390509945744;;GENERALE DE DECOUPAGE
422890;3390509945757;EPLUCHEUR POLYPRO VRAC;;00129001;13390509945754;23390509945751;;GENERALE DE DECOUPAGE
422920;3390509945788;STEAK POLYPRO VRAC;;00122745;13390509945785;23390509945782;;GENERALE DE DECOUPAGE
422930;3390509945795;GRILLADE POLYPRO VRAC;;00122745;13390509945792;23390509945799;;GENERALE DE DECOUPAGE
422940;3390509945801;OFFICE COULEUR POLYPRO VRAC;;00123101;13390509945808;23390509945805;;GENERALE DE DECOUPAGE
422950;3390509945818;EPLUCHEUR POLYPRO ERGO COULEUR PANACHE VRAC;;00130352;13390509945815;23390509945812;;GENERALE DE DECOUPAGE
422980;3390509945849;PIERRE A AIGUISER;;00150070;13390509945846;23390509945843;;AOYAM KITCHEN (ZHONGSHAN) CO., LTD - EX HIAMEA
423020;3390509945887;COUTEAU A HUITRE POLYPRO;;00163619;13390509945884;23390509945881;;GENERALE DE DECOUPAGE
423030;3390509945894;LANCETTE A HUITRE BOIS FRANCE CRF HOME;;00155302;13390509945891;23390509945898;;GENERALE DE DECOUPAGE
424340;3118224243404;M24 TROQUET NOIR POT PET;;00179321;13118224243401;23118224243408;;JIEYANG HONGXING STAINLESS STEEL PRODUCTS MANUFACTORY (HX)
426320;3118224263204;SANTOKU  FORGE FX  CARTONNETTE TB PRO;;00175164;13118224263201;23118224263208;;GENERALE DE DECOUPAGE
426330;3222472842071;EPLUCHEUR HG OLIVIER CASINO;;00123165;13222472842078;23222472842075;;GENERALE DE DECOUPAGE
426340;3222472842088;OFFICE HG MIC.OLIVIER CASINO;;00123165;13222472842085;23222472842082;;GENERALE DE DECOUPAGE
426350;3222472842095;STEAK HG OLIVIER CASINO;;00123165;13222472842092;23222472842099;;GENERALE DE DECOUPAGE
426370;3222472842118;OFFICE HG TT ADFLEX CASINO;;00123322;13222472842115;23222472842112;;GENERALE DE DECOUPAGE
427530;3118224275306;LOT 2 OFFICES PRADEL NOIR EN BOX PROMO;;00102007;13118224275303;23118224275300;;GENERALE DE DECOUPAGE
427560;3118224275603;CT LAG TABLE METAL+GENCOD;;00179321;13118224275600;23118224275607;;JIEYANG HONGXING STAINLESS STEEL PRODUCTS MANUFACTORY (HX)
427620;3118224276204;COUTEAU TABLE ROMANE+GENCOD;;00108189;13118224276201;23118224276208;;JIEYANG CITY WANXIN HARDWARE PRODUCTS CO LTD (WX)
427630;3118224276303;FOURCHETTE TABLE ROMANE+GENCOD;;00179321;13118224276300;23118224276307;;JIEYANG HONGXING STAINLESS STEEL PRODUCTS MANUFACTORY (HX)
427640;3118224276402;CUILLERE TABLE ROMANE+GENCOD;;00162318;13118224276409;23118224276406;;JIEYANG CITY WANXIN HARDWARE PRODUCTS CO LTD (WX)
427650;3118224276501;CUILLERE CAFE ROMANE+GENCOD;;00179321;13118224276508;23118224276505;;JIEYANG HONGXING STAINLESS STEEL PRODUCTS MANUFACTORY (HX)
427940;3118224279403;FOURCHETTE TABLE DIANE+GENCOD;;00136922;13118224279400;23118224279407;;JIEYANG CITY WANXIN HARDWARE PRODUCTS CO LTD (WX)
428920;3118224289204;OFFICE POLYPRO CARTONNETTE TB C;;00171844;13118224289201;23118224289208;;GENERALE DE DECOUPAGE
428960;3118224289600;CHEF POLYPRO CARTONNETTE TB C;;00171844;13118224289607;23118224289604;;GENERALE DE DECOUPAGE
429640;3118224296400;LOT 3 CTX TROQUET PANACHE ANIS-TURQ-AUBERG-ORANGE EN DISPLAY;;00102972;13118224296407;23118224296404;;JIEYANG HONGXING STAINLESS STEEL PRODUCTS MANUFACTORY (HX)
429650;3118224296509;LOT 3 FETTES TROQUET PANACHE ANIS-TURQ-AUBERG-ORANGE EN DISP;;00135137;13118224296506;23118224296503;;JIEYANG HONGXING STAINLESS STEEL PRODUCTS MANUFACTORY (HX)
429660;3118224296608;LOT 3 CUILL TROQUET PANACHE ANIS-TURQ-AUBERG-ORANGE EN DISPL;;00102972;13118224296605;23118224296602;;JIEYANG HONGXING STAINLESS STEEL PRODUCTS MANUFACTORY (HX)
429670;3118224296707;LOT 3 CAFES TROQUET PANACHE ANIS-TURQ-AUBERG-ORANGE EN DISPL;;00135137;13118224296704;23118224296701;;JIEYANG HONGXING STAINLESS STEEL PRODUCTS MANUFACTORY (HX)
430320;3118224303207;CX HUITRE GARDE EN BOURRICHE X120;;00101396;13118224303204;23118224303201;;GENERALE DE DECOUPAGE
430370;3118224303702;M24 TROQUET ANIS 390C POT PET;;00116186;13118224303709;23118224303706;;JIEYANG HONGXING STAINLESS STEEL PRODUCTS MANUFACTORY (HX)
430522;3118224305225;COUTEAU AMANDE JAUNE+GENCOD;;00082712;13118224305222;23118224305229;;SCHNEIDER CONSUMER ASIA (ex ADMEA HOME TECH)
430524;3118224305249;COUTEAU AMANDE ROUGE+GENCOD;;00154553;13118224305246;23118224305243;;JIEYANG HONGXING STAINLESS STEEL PRODUCTS MANUFACTORY (HX)
430525;3118224305256;COUTEAU AMANDE BLEU+GENCOD;;00156709;13118224305253;23118224305250;;JIEYANG HONGXING STAINLESS STEEL PRODUCTS MANUFACTORY (HX)
430526;3118224305263;COUTEAU AMANDE ANIS+GENCOD;;00154553;13118224305260;23118224305267;;JIEYANG HONGXING STAINLESS STEEL PRODUCTS MANUFACTORY (HX)
430532;3118224305324;FETTE AMANDE JAUNE+GENCOD;;00082712;13118224305321;23118224305328;;SCHNEIDER CONSUMER ASIA (ex ADMEA HOME TECH)
430534;3118224305348;FETTE AMANDE ROUGE+GENCOD;;00154553;13118224305345;23118224305342;;JIEYANG HONGXING STAINLESS STEEL PRODUCTS MANUFACTORY (HX)
430535;3118224305355;FETTE AMANDE BLEU+GENCOD;;00173654;13118224305352;23118224305359;;JIEYANG HONGXING STAINLESS STEEL PRODUCTS MANUFACTORY (HX)
430536;3118224305362;FETTE AMANDE ANIS+GENCOD;;00176529;13118224305369;23118224305366;;JIEYANG HONGXING STAINLESS STEEL PRODUCTS MANUFACTORY (HX)
430542;3118224305423;CUIL. AMANDE JAUNE+GENCOD;;00105133;13118224305420;23118224305427;;JIEYANG HONGXING STAINLESS STEEL PRODUCTS MANUFACTORY (HX)
430544;3118224305447;CUIL. AMANDE ROUGE+GENCOD;;00154553;13118224305444;23118224305441;;JIEYANG HONGXING STAINLESS STEEL PRODUCTS MANUFACTORY (HX)
430545;3118224305454;CUIL. AMANDE BLEU+GENCOD;;00176529;13118224305451;23118224305458;;JIEYANG HONGXING STAINLESS STEEL PRODUCTS MANUFACTORY (HX)
430546;3118224305461;CUIL. AMANDE ANIS+GENCOD;;00179321;13118224305468;23118224305465;;JIEYANG HONGXING STAINLESS STEEL PRODUCTS MANUFACTORY (HX)
430552;3118224305522;CAFE AMANDE JAUNE+GENCOD;;00115650;13118224305529;23118224305526;;JIEYANG HONGXING STAINLESS STEEL PRODUCTS MANUFACTORY (HX)
430554;3118224305546;CAFE AMANDE ROUGE+GENCOD;;00179321;13118224305543;23118224305540;;JIEYANG HONGXING STAINLESS STEEL PRODUCTS MANUFACTORY (HX)
430555;3118224305553;CAFE AMANDE BLEU+GENCOD;;00156709;13118224305550;23118224305557;;JIEYANG HONGXING STAINLESS STEEL PRODUCTS MANUFACTORY (HX)
430556;3118224305560;CAFE AMANDE ANIS+GENCOD;;00154553;13118224305567;23118224305564;;JIEYANG HONGXING STAINLESS STEEL PRODUCTS MANUFACTORY (HX)
430570;3118224305706;LAG FERMANT LAME 10CM BOIS COUL ASSORTIES;;00176740;13118224305703;23118224305700;;GUANGWEI HOUSEHOLD PRODUCTS LIMITED (EX DIAMOND TRACK)
431240;3118224312407;COUTEAU CURVING SATINE+GENCOD;;00090496;13118224312404;23118224312401;;SCHNEIDER CONSUMER ASIA (ex ADMEA HOME TECH)
431250;3118224312506;FETTE CURVING SATINE+GENCOD;;00090496;13118224312503;23118224312500;;SCHNEIDER CONSUMER ASIA (ex ADMEA HOME TECH)
431260;3118224312605;CUILLERE CURVING SATINE+GENCOD;;00090496;13118224312602;23118224312609;;SCHNEIDER CONSUMER ASIA (ex ADMEA HOME TECH)
431270;3118224312704;CAFE CURVING SATINE+GENCOD;;00076356;13118224312701;23118224312708;;SCHNEIDER CONSUMER ASIA (ex ADMEA HOME TECH)
431790;3118224317907;OFFICE FUSION/ADFLEX FX CDF;;00118749;13118224317904;23118224317901;;GENERALE DE DECOUPAGE
432081;3118224320815;TUBO 6 STEAK RECORD COUL.ASSORTI EN BARQUETTE DE45;;00100038;13118224320812;23118224320819;;GENERALE DE DECOUPAGE
432240;3118224322406;MARAICHER ABSOLU MANCHE EBENE EN BERLINGOT;;00107673;13118224322403;23118224322400;;GENERALE DE DECOUPAGE
432250;3118224322505;GRILLADIN ABSOLU MANCH EBENE/BTE;;00107673;13118224322502;23118224322509;;GENERALE DE DECOUPAGE
432280;3118224322802;CUISINIER ABSOLU MANCHE EBENE EN BERLINGOT;;00107673;13118224322809;23118224322806;;GENERALE DE DECOUPAGE
433000;3118224330005;M16 SELECT INOX BOITE TB COLLECTION;;00179967;13118224330002;23118224330009;;NOSKI
433481;3222473119288;CISEAU CUISINE 21.3CM BI MAT CAS;;00121791;13222473119285;23222473119282;;JIT GLOBAL LOGISTICS SUPPLY CHAIN CO. LIMITED-EX SMART IRON
433491;3222473119318;CISEAU UNIVERSEL 20.3CM BI M CAS;;00121791;13222473119315;23222473119312;;JIT GLOBAL LOGISTICS SUPPLY CHAIN CO. LIMITED-EX SMART IRON
433501;3222473119332;CISEAU LINGERE BI MAT CASINO;;00121791;13222473119339;23222473119336;;JIT GLOBAL LOGISTICS SUPPLY CHAIN CO. LIMITED-EX SMART IRON
433511;3222473119349;CISEAU ECOLIER  BI MAT15CM  CAS;;00115768;13222473119346;23222473119343;;JIT GLOBAL LOGISTICS SUPPLY CHAIN CO. LIMITED-EX SMART IRON
433560;3118224335604;COUTEAU BAROQUE+GENCOD;;00156631;13118224335601;23118224335608;;NEW SE SHIN CO LTD (EX SEORIM)
433570;3118224335703;FOURCHETTE BAROQUE+GENCOD;;00156631;13118224335700;23118224335707;;NEW SE SHIN CO LTD (EX SEORIM)
433580;3118224335802;CUILLERE BAROQUE+GENCOD;;00156631;13118224335809;23118224335806;;NEW SE SHIN CO LTD (EX SEORIM)
433590;3118224335901;CAFE BAROQUE+GENCOD;;00156631;13118224335908;23118224335905;;NEW SE SHIN CO LTD (EX SEORIM)
433610;3118224336106;COUTEAU KOBE+GENCOD;;00168237;13118224336103;23118224336100;;NOSKI
433620;3118224336205;FOURCHETTE KOBE+GENCOD;;00168237;13118224336202;23118224336209;;NOSKI
433630;3118224336304;CUILLERE KOBE+GENCOD;;00117750;13118224336301;23118224336308;;JIEYANG CITY WANXIN HARDWARE PRODUCTS CO LTD (WX)
433640;3118224336403;CAFE KOBE+GENCOD;;00168237;13118224336400;23118224336407;;NOSKI
433651;3118224336519;M16 KOBE BOITE COLLECTION INOX;;00168237;13118224336516;23118224336513;;NOSKI
433660;3118224336601;COUTEAU ALIZE+GENCOD;;00098854;13118224336608;23118224336605;;JIEYANG CITY WANXIN HARDWARE PRODUCTS CO LTD (WX)
433670;3118224336700;FOURCHETTE ALIZE+GENCOD;;00098854;13118224336707;23118224336704;;JIEYANG CITY WANXIN HARDWARE PRODUCTS CO LTD (WX)
433680;3118224336809;CUILLERE ALIZE+GENCOD;;00098854;13118224336806;23118224336803;;JIEYANG CITY WANXIN HARDWARE PRODUCTS CO LTD (WX)
433690;3118224336908;CAFE ALIZE+GENCOD;;00147927;13118224336905;23118224336902;;JIEYANG CITY WANXIN HARDWARE PRODUCTS CO LTD (WX)
433710;3118224337103;COUTEAU SELECT+GENCOD;;00101725;13118224337100;23118224337107;;JIEYANG CITY WANXIN HARDWARE PRODUCTS CO LTD (WX)
433720;3118224337202;FOURCHETTE SELECT+GENCOD;;00154555;13118224337209;23118224337206;;JIEYANG CITY WANXIN HARDWARE PRODUCTS CO LTD (WX)
433730;3118224337301;CUILLERE SELECT+GENCOD;;00101725;13118224337308;23118224337305;;JIEYANG CITY WANXIN HARDWARE PRODUCTS CO LTD (WX)
433740;3118224337400;CAFE SELECT+GENCOD;;00179967;13118224337407;23118224337404;;NOSKI
433820;3118224338209;FETTE SAN REMO+GENCOD;;00179967;13118224338206;23118224338203;;NOSKI
433840;3118224338407;CAFE SAN REMO+GENCOD;;00179967;13118224338404;23118224338401;;NOSKI
433860;3118224338605;COUTEAU KOS(TOSCANE SATINE)+GENC;;00076356;13118224338602;23118224338609;;SCHNEIDER CONSUMER ASIA (ex ADMEA HOME TECH)
433870;3118224338704;FETTE KOS(TOSCANE SATINE)+GENC;;00173651;13118224338701;23118224338708;;NOSKI
433880;3118224338803;CUIL KOS(TOSCANE SATINE)+GENC;;00076356;13118224338800;23118224338807;;SCHNEIDER CONSUMER ASIA (ex ADMEA HOME TECH)
433890;3118224338902;CAFE KOS(TOSCANE SATINE)+GENC;;00076356;13118224338909;23118224338906;;SCHNEIDER CONSUMER ASIA (ex ADMEA HOME TECH)
434511;3118224345115;BLOC 6 CX LAG ABS MI  MULTICOLOR CLAIR;;00148734;13118224345112;23118224345119;;GUANGWEI HOUSEHOLD PRODUCTS LIMITED (EX DIAMOND TRACK)
436240;3118224362402;OFFICE 9 TRANSITION FX COUTEAU DU CHEF;;00078299;13118224362409;23118224362406;;GENERALE DE DECOUPAGE
436250;3118224362501;STEAK 12 TRANSITION  FX COUTEAU DU CHEF;;00078299;13118224362508;23118224362505;;GENERALE DE DECOUPAGE
436490;3118224364901;OFFICE FORGE+BTE GRISE+STICKER;;00117962;13118224364908;23118224364905;;GENERALE DE DECOUPAGE
436500;3118224365007;STEAK FORGE+BTE GRISE+STICKER;;00080397;13118224365004;23118224365001;;GENERALE DE DECOUPAGE
436510;3118224365106;CUISINE17 FORGE EN BOITE BENTO+STICKER;;00082970;13118224365103;23118224365100;;GENERALE DE DECOUPAGE
436520;3118224365205;CHEF 19 FORGE EN BOITE BENTO+STICKER;;00082532;13118224365202;23118224365209;;GENERALE DE DECOUPAGE
436540;3118224365403;PAIN FORGE EN BOITE BENTO+STICKER;;00117962;13118224365400;23118224365407;;GENERALE DE DECOUPAGE
436570;3118224365700;CUISINE 25 FORGE EN BOITE BENTO+STICKER;;00082970;13118224365707;23118224365704;;GENERALE DE DECOUPAGE
436581;3118224365816;FETTE DECOUPER FORGE+BERLINGOT TB CLASSICS;;00138191;13118224365813;23118224365810;;GENERALE DE DECOUPAGE
436590;3118224365908;SANTUKO FORGE EN BOITE BENTO+STICKER;;00117962;13118224365905;23118224365902;;GENERALE DE DECOUPAGE
436950;3118224369500;COUTEAU LAG NACRE GRIS VRAC SANS GENCOD;;00137365;13118224369507;23118224369504;;GENERALE DE DECOUPAGE
437721;3118224377215;M16 SAN REMO BOITE TB COLLECTION;;00179967;13118224377212;23118224377219;;NOSKI
437751;3118224377512;M16 KOS (TOSCANE) SATINE BOITE TB COLLECTION;;00076350;13118224377519;23118224377516;;SCHNEIDER CONSUMER ASIA (ex ADMEA HOME TECH)
437752;3118224377529;M16 KOS (TOSCANE) POLI MIROIR BOITE COLLECTION INOX;;00105796;13118224377526;23118224377523;;JIEYANG CITY WANXIN HARDWARE PRODUCTS CO LTD (WX)
438580;3118224385807;M24 LAG MULTICOLORS COF+BAND MI;;00176529;13118224385804;23118224385801;;JIEYANG HONGXING STAINLESS STEEL PRODUCTS MANUFACTORY (HX)
439295;3118224392959;M16 ALIZE BOITE TB COLLECTION;;00098854;13118224392956;23118224392953;;JIEYANG CITY WANXIN HARDWARE PRODUCTS CO LTD (WX)
439800;3118224398005;M24 LAGUIOLE HERITAGE BOITE LAGUIOLE HERITAGE;;00092078;13118224398002;23118224398009;;NEW SE SHIN CO LTD (EX SEORIM)
439811;3118224398111;COUTEAU LAGUIOLE HERITAGE+GENCOD;;00176514;13118224398118;23118224398115;;NOSKI
439812;3118224398128;FETTE LAGUIOLE HERITAGE+GENCOD;;00117694;13118224398125;23118224398122;;NEW SE SHIN CO LTD (EX SEORIM)
439813;3118224398135;CUILLERE LAGUIOLE HERITAGE+GENCOD;;00117694;13118224398132;23118224398139;;NEW SE SHIN CO LTD (EX SEORIM)
439814;3118224398142;CAFE LAGUIOLE HERITAGE+GENCOD;;00117694;13118224398149;23118224398146;;NEW SE SHIN CO LTD (EX SEORIM)
439820;3118224398203;OFFICE 9CM LAG EXPRESSION POM CARTONNETTE LAG H;;00134152;13118224398200;23118224398207;;GENERALE DE DECOUPAGE
439830;3118224398302;EMINCEUR 13CM LAG EXPRESSION POM CARTONNETTE LAG H;;00134152;13118224398309;23118224398306;;GENERALE DE DECOUPAGE
439840;3118224398401;STEAK 11CM LAG EXPRESSION POM CARTONNETTE LAG H;;00134152;13118224398408;23118224398405;;GENERALE DE DECOUPAGE
439850;3118224398500;SANTOKU  18CM LAG EXPRESSION POM CARTONNETTE LAG H;;00135652;13118224398507;23118224398504;;GENERALE DE DECOUPAGE
439900;3118224399002;M16 LAG HERITAGE;;00117694;13118224399009;23118224399006;;NEW SE SHIN CO LTD (EX SEORIM)
440360;3118224403600;LOT 6 STEAKS PRADEL /SKIN CDF;;00079495;13118224403607;23118224403604;;GENERALE DE DECOUPAGE
440881;3118224408810;EMINCEUR 13 EXPRESSION POM LAG EVOLUTION BOITE AIMANTEE GRIS;;00113422;13118224408817;23118224408814;;GENERALE DE DECOUPAGE
441102;3257984128191;OFFICE BI MAT SOFT ROUGE 200C GRIS ANTHRACITE FX CORA;;00125132;13257984128198;23257984128195;;GENERALE DE DECOUPAGE
441112;3257984128221;STEAK 12CM BI MAT SOFT ROUGE 200C GRIS ANTHRACITE FX CORA;;00125132;13257984128228;23257984128225;;GENERALE DE DECOUPAGE
441122;3257984128207;CUISINE 17CM BI MAT SOFT ROUGE 200C GRIS ANTHRACITE FX CORA;;00125132;13257984128204;23257984128201;;GENERALE DE DECOUPAGE
441132;3257984128214;CHEF 21CM BI MAT SOFT ROUGE 200C GRIS ANTHRACITE GRIS FX COR;;00125132;13257984128211;23257984128218;;GENERALE DE DECOUPAGE
441240;5400247057259;LOT DE 6 STEAKS NOIR ECO WINNY;;00100924;15400247057256;25400247057253;;YANGJIANG FUXIN TRADING CO LTD (LINKWAVES)
441350;3118224413500;6 CX LAG MARBRE MULTICOLOR CLAIR EN BTE LAGUIOLE HERITAGE;;00173654;13118224413507;23118224413504;;JIEYANG HONGXING STAINLESS STEEL PRODUCTS MANUFACTORY (HX)
441360;3118224413609;COFFRET AIMANTE 6 FETTE LAG MARBRE MULTICOLOR;;00105795;13118224413606;23118224413603;;JIEYANG HONGXING STAINLESS STEEL PRODUCTS MANUFACTORY (HX)
441380;3118224413807;COFFRET 6 CAFES LAG MARBRE MULTICOLOR EN BTE LH;;00173654;13118224413804;23118224413801;;JIEYANG HONGXING STAINLESS STEEL PRODUCTS MANUFACTORY (HX)
441631;3118224416310;POLYVALENT ABSOLU PALISSANDRE DES INDES BERLINGOT;;00107674;13118224416317;23118224416314;;GENERALE DE DECOUPAGE
441640;3118224416402;CUISINIER  ABSOLU PALISSANDRE DES INDES BOITE GRISE;;00077818;13118224416409;23118224416406;;GENERALE DE DECOUPAGE
441641;3118224416419;CUISINIER ABSOLU PALISSANDRE DES INDES BERLINGOT;;00107674;13118224416416;23118224416413;;GENERALE DE DECOUPAGE
441651;3118224416518;BOULANGER ABSOLU PALISSANDRE DES INDES BERLINGOT;;00107674;13118224416515;23118224416512;;GENERALE DE DECOUPAGE
441770;3118224417706;COFFRET 2 CX CERAMIQUE 95MM ET 155MM +1 EPL LAME BLANCHE;;00112492;13118224417703;23118224417700;;DONGGUAN SURPASS STRUCTURE CERAMIC (EX SHENZHEN)
441780;3118224417805;COFFRET 3 CX STEAK CERAMIQUE LAME BLANCHE;;00177464;13118224417802;23118224417809;;DONGGUAN SURPASS STRUCTURE CERAMIC (EX SHENZHEN)
441790;3118224417904;COFFRET LCDC 2 CERAMIQUES OFFICE  ET CHEF  LAME BLANCHE;;00177464;13118224417901;23118224417908;;DONGGUAN SURPASS STRUCTURE CERAMIC (EX SHENZHEN)
441800;3118224418000;COFFRET 2 COUTEAUX CERAMIQUE 125MM ET 75MM LAME BLANCHE;;00177464;13118224418007;23118224418004;;DONGGUAN SURPASS STRUCTURE CERAMIC (EX SHENZHEN)
441805;3118224418055;COFFRET 2 CERAMIQUE 125MM ET 75MM MARQUE TB LAME BLANCHE;;00100484;13118224418052;23118224418059;;DONGGUAN SURPASS STRUCTURE CERAMIC (EX SHENZHEN)
441810;3118224418109;COFFRET 1 OFFICE CERAMIQUE 75MM LAME BLANCHE;;00177464;13118224418106;23118224418103;;DONGGUAN SURPASS STRUCTURE CERAMIC (EX SHENZHEN)
441812;3222475234262;COFFRET 1 COUTEAU OFFICE CERAMIQUE 75MM CASINO LAME BLANCHE;;00112492;13222475234269;23222475234266;;DONGGUAN SURPASS STRUCTURE CERAMIC (EX SHENZHEN)
441817;3222475234415;COFFRET 1 STEAK CERAMIQUE CASINO LAME BLANCHE;;00112492;13222475234412;23222475234419;;DONGGUAN SURPASS STRUCTURE CERAMIC (EX SHENZHEN)
441820;3118224418208;COFFRET 1 COUTEAU CERAMIQUE 155MM LAME BLANCHE;;00151549;13118224418205;23118224418202;;DONGGUAN SURPASS STRUCTURE CERAMIC (EX SHENZHEN)
441821;3118224418215;COFFRET CERAMIQUE CUISINE 125MM LAME BLANCHE;;00177464;13118224418212;23118224418219;;DONGGUAN SURPASS STRUCTURE CERAMIC (EX SHENZHEN)
441822;3118224418222;COFFRET 1 EPLUCHEUR CERAMIQUE LAME BLANCHE;;00076769;13118224418229;23118224418226;;DONGGUAN SURPASS STRUCTURE CERAMIC (EX SHENZHEN)
441823;3118224418239;COFFRET 1 STEAK CERAMIQUE LAME BLANCHE;;00169318;13118224418236;23118224418233;;DONGGUAN SURPASS STRUCTURE CERAMIC (EX SHENZHEN)
441827;3222475233548;COFFRET 1 COUTEAU CERAMIQUE 155MM CASINO LAME BLANCHE;;00112492;13222475233545;23222475233542;;DONGGUAN SURPASS STRUCTURE CERAMIC (EX SHENZHEN)
441828;3222475233555;COFFRET CERAMIQUE CUISINE 125MM CASINO LAME BLANCHE;;00125981;13222475233552;23222475233559;;DONGGUAN SURPASS STRUCTURE CERAMIC (EX SHENZHEN)
441851;3118224418512;BLOC CERAMIQUE 2 COUTEAUX ET 1 EPLUCHEUR LAME BLANCHE;;00100484;13118224418519;23118224418516;;DONGGUAN SURPASS STRUCTURE CERAMIC (EX SHENZHEN)
441891;3118224418918;BOITE DE 12 STEAK EXPRESSION BOIS  LAG EVOLUTION;;00122893;13118224418915;23118224418912;;GENERALE DE DECOUPAGE
442580;3118224425800;OFFICE 9CM FURTIF BASIC MANCHE NOIR LAME INOX BERLINGOT;;00098828;13118224425807;23118224425804;;GENERALE DE DECOUPAGE
442590;3118224425909;STEAK 11CM FURTIF CLASSIC-BASIC MANCHE NOIR LAME INOX BERLIN;;00077039;13118224425906;23118224425903;;GENERALE DE DECOUPAGE
442610;3118224426104;FILET DE SOLE 17CM FURTIF BASIC MANCHE NOIR LAME INOX BERLIN;;00098828;13118224426101;23118224426108;;GENERALE DE DECOUPAGE
442620;3118224426203;SANTUKO 19CM FURTIF BASIC MANCHE NOIR LAME INOX BERLINGOT;;00098828;13118224426200;23118224426207;;GENERALE DE DECOUPAGE
442650;3118224426500;CUISINE 21CM FURTIF BASIC MANCHE NOIR LAME INOX BERLINGOT;;00098828;13118224426507;23118224426504;;GENERALE DE DECOUPAGE
442660;3118224426609;CHEF 19 FURTIF BASIC MANCHE NOIR LAME INOX BERLINGOT;;00098828;13118224426606;23118224426603;;GENERALE DE DECOUPAGE
442830;3118224428306;M16 CLEO EN BOITE PVC;;00117750;13118224428303;23118224428300;;JIEYANG CITY WANXIN HARDWARE PRODUCTS CO LTD (WX)
442870;3118224428702;COFFRET 2 CX CERAMIQUE 95MM ET155MM +1 EPLUCHEUR LAME NOIRE;;00100484;13118224428709;23118224428706;;DONGGUAN SURPASS STRUCTURE CERAMIC (EX SHENZHEN)
442875;3118224428757;COFFRET 2 CERAMIQUE 95MM-155MM +1 EPL MARQUE TB LAME NOIRE;;00082089;13118224428754;23118224428751;;DONGGUAN SURPASS STRUCTURE CERAMIC (EX SHENZHEN)
442890;3118224428900;COFFRET 2 CX CERAMIQUE 125MM ET 75MM LAME NOIRE;;00082089;13118224428907;23118224428904;;DONGGUAN SURPASS STRUCTURE CERAMIC (EX SHENZHEN)
442895;3118224428955;COFFRET 2 CX CERAMIQUE 125MM ET 75MM LAME NOIRE MARQUE TB;;00092079;13118224428952;23118224428959;;DONGGUAN SURPASS STRUCTURE CERAMIC (EX SHENZHEN)
442900;3118224429006;COFFRET 1 COUTEAU CERAMIQUE 75MM LAME NOIRE;;00112492;13118224429003;23118224429000;;DONGGUAN SURPASS STRUCTURE CERAMIC (EX SHENZHEN)
442901;3222475201417;COFFRET 1 COUTEAU CERAMIQUE 75MM LAME NOIRE CASINO;;00112492;13222475201414;23222475201411;;DONGGUAN SURPASS STRUCTURE CERAMIC (EX SHENZHEN)
442906;3118224429068;COFFRET 1 COUTEAU CERAMIQUE 75MM LAME BLANCHE MARQUE TB;;00082089;13118224429065;23118224429062;;DONGGUAN SURPASS STRUCTURE CERAMIC (EX SHENZHEN)
442910;3118224429105;COFFRET 1 COUTEAU CERAMIQUE 155MM LAME NOIRE;;00112492;13118224429102;23118224429109;;DONGGUAN SURPASS STRUCTURE CERAMIC (EX SHENZHEN)
442911;3222475201431;COFFRET 1 COUTEAU CERAMIQUE 155MM LAME NOIRE CASINO;;00100484;13222475201438;23222475201435;;DONGGUAN SURPASS STRUCTURE CERAMIC (EX SHENZHEN)
443140;3118224431405;OFFICE FURTIF CLASSIC 9CM LAME NOIRE MANCHE NOIR BOITE CADEA;;00076653;13118224431402;23118224431409;;GENERALE DE DECOUPAGE
443150;3118224431504;FILET DE SOLE 17 FURTIF CLASSIC LAME NOIRE MANCHE NOIR BOITE;;00112665;13118224431501;23118224431508;;GENERALE DE DECOUPAGE
443160;3118224431603;SANTOKU 19 FURTIF CLASSIC LAME NOIRE MANCHE NOIR BOITE CADEA;;00112085;13118224431600;23118224431607;;GENERALE DE DECOUPAGE
443170;3118224431702;CUISINE 21 FURTIF CLASSIC LAME NOIRE MANCHE NOIR BOITE CADEA;;00076353;13118224431709;23118224431706;;GENERALE DE DECOUPAGE
443180;3118224431801;CHEF 19 FURTIF CLASSIC LAME NOIRE MANCHE NOIR BOITE CADEAU;;00076353;13118224431808;23118224431805;;GENERALE DE DECOUPAGE
443185;3118224431856;STEAK FURTIF BASIC 11CM LAME INOX MANCHE NOIR BOITE CADEAU;;00077039;13118224431853;23118224431850;;GENERALE DE DECOUPAGE
443190;3118224431900;STEAK HECTOR PERLE (GRIS CLAIR) M217431 EN BERLINGOT;;00155303;13118224431907;23118224431904;;GENERALE DE DECOUPAGE
443191;3118224431917;STEAK HECTOR  ARDOISE (GRIS FONCE)COOL GREY 11C EN BERLINGOT;;00116145;13118224431914;23118224431911;;GENERALE DE DECOUPAGE
443192;3118224431924;STEAK HECTOR GLACIER (BLANC) EN BERLINGOT RAL 9010;;00155303;13118224431921;23118224431928;;GENERALE DE DECOUPAGE
443193;3118224431931;STEAK HECTOR REGLISSE (NOIR) EN BERLINGOT;;00116145;13118224431938;23118224431935;;GENERALE DE DECOUPAGE
443194;3118224431948;STEAK HECTOR ARGILE (MARRON CLAIR) M217432 EN BERLINGOT;;00180586;13118224431945;23118224431942;;GENERALE DE DECOUPAGE
443195;3118224431955;STEAK HECTOR TAUPE (MARRON) WARM GREY 11C EN BERLINGOT;;00155303;13118224431952;23118224431959;;GENERALE DE DECOUPAGE
443610;3118224436103;BLOC MAGNETIQUE 5 COUTEAUX MANCHE NOIR;;00122949;13118224436100;23118224436107;;GUANGWEI HOUSEHOLD PRODUCTS LIMITED (EX DIAMOND TRACK)
443650;3118224436509;TUBO DE 6 STEAKS FURTIF LAME INOX MANCHE NOIR TB;;00111153;13118224436506;23118224436503;;GENERALE DE DECOUPAGE
443790;3118224437902;COFFRET BI MAT DE 6 STEAKS FORGE POM TB;;00103715;13118224437909;23118224437906;;GENERALE DE DECOUPAGE
443840;3118224438404;M16 LAG IVOIRE MI;;00146479;13118224438401;23118224438408;;JIEYANG HONGXING STAINLESS STEEL PRODUCTS MANUFACTORY (HX)
443850;3118224438503;M16 LAG ABS MARBRE ROUGE MI;;00145269;13118224438500;23118224438507;;JIEYANG HONGXING STAINLESS STEEL PRODUCTS MANUFACTORY (HX)
443920;3118224439203;AIGUISEUR DOUBLE DIAMANT 198*52*66MM  TB C SOUS BLISTER;;00180074;13118224439200;23118224439207;;AOYAM KITCHEN (ZHONGSHAN) CO., LTD - EX HIAMEA
444050;3118224440506;FERMANT LAG EVOLUTION BOIS NOIR LAME NOIRE 10CM;;00152367;13118224440503;23118224440500;;HONYEE INDUSTRY AND TRADING ENTERPRISE CO ( zhongli )
444330;3118224443309;M16 ACIDULE BEE ROUGE FEU 185C;;00118098;13118224443306;23118224443303;;JIEYANG HONGXING STAINLESS STEEL PRODUCTS MANUFACTORY (HX)
444331;3118224443316;M16 ACIDULE BEE BLANC GLACIER;;00118098;13118224443313;23118224443310;;JIEYANG HONGXING STAINLESS STEEL PRODUCTS MANUFACTORY (HX)
444333;3118224443330;M16 ACIDULE BEE NOIR CARBONE EN BOITE LAGUIOLE BLEUE;;00116638;13118224443337;23118224443334;;JIEYANG HONGXING STAINLESS STEEL PRODUCTS MANUFACTORY (HX)
444440;3118224444405;COUTEAU ACIDULE BEE ROUGE 185C +GENCOD;;00118098;13118224444402;23118224444409;;JIEYANG HONGXING STAINLESS STEEL PRODUCTS MANUFACTORY (HX)
444441;3118224444412;COUTEAU ACIDULE BEE GRIS 430C +GENCOD;;00116638;13118224444419;23118224444416;;JIEYANG HONGXING STAINLESS STEEL PRODUCTS MANUFACTORY (HX)
444442;3118224444429;COUTEAU ACIDULE BEE BLANC +GENCOD;;00151552;13118224444426;23118224444423;;JIEYANG HONGXING STAINLESS STEEL PRODUCTS MANUFACTORY (HX)
444444;3118224444443;COUTEAU ACIDULE BEE TURQUOISE 3135C +GENCOD;;00134438;13118224444440;23118224444447;;JIEYANG HONGXING STAINLESS STEEL PRODUCTS MANUFACTORY (HX)
444448;3118224444481;COUTEAU ACIDULE BEE ANIS 583C +GENCOD;;00140113;13118224444488;23118224444485;;JIEYANG HONGXING STAINLESS STEEL PRODUCTS MANUFACTORY (HX)
444449;3118224444498;COUTEAU ACIDULE BEE NOIR CARBONE +GENCOD;;00150076;13118224444495;23118224444492;;JIEYANG HONGXING STAINLESS STEEL PRODUCTS MANUFACTORY (HX)
444450;3118224444504;FOURCHETTE ACIDULE BEE ROUGE 185C +GENCOD;;00118098;13118224444501;23118224444508;;JIEYANG HONGXING STAINLESS STEEL PRODUCTS MANUFACTORY (HX)
444451;3118224444511;FOURCHETTE ACIDULE BEE GRIS 430C +GENCOD;;00116638;13118224444518;23118224444515;;JIEYANG HONGXING STAINLESS STEEL PRODUCTS MANUFACTORY (HX)
444452;3118224444528;FOURCHETTE ACIDULE BEE BLANC +GENCOD;;00118098;13118224444525;23118224444522;;JIEYANG HONGXING STAINLESS STEEL PRODUCTS MANUFACTORY (HX)
444454;3118224444542;FOURCHETTE ACIDULE BEE TURQUOISE 3135C +GENCOD;;00102073;13118224444549;23118224444546;;JIEYANG HONGXING STAINLESS STEEL PRODUCTS MANUFACTORY (HX)
444458;3118224444580;FOURCHETTE ACIDULE BEE ANIS 583C +GENCOD;;00091816;13118224444587;23118224444584;;SCHNEIDER CONSUMER ASIA (ex ADMEA HOME TECH)
444459;3118224444597;FOURCHETTE ACIDULE BEE NOIR CARBONE +GENCOD;;00116638;13118224444594;23118224444591;;JIEYANG HONGXING STAINLESS STEEL PRODUCTS MANUFACTORY (HX)
444460;3118224444603;CUILLERE ACIDULE BEE ROUGE 185C+GENCOD;;00118098;13118224444600;23118224444607;;JIEYANG HONGXING STAINLESS STEEL PRODUCTS MANUFACTORY (HX)
444461;3118224444610;CUILLERE ACIDULE BEE GRIS 430C +GENCOD;;00116638;13118224444617;23118224444614;;JIEYANG HONGXING STAINLESS STEEL PRODUCTS MANUFACTORY (HX)
444462;3118224444627;CUILLERE ACIDULE BEE BLANC +GENCOD;;00118098;13118224444624;23118224444621;;JIEYANG HONGXING STAINLESS STEEL PRODUCTS MANUFACTORY (HX)
444464;3118224444641;CUILLERE ACIDULE BEE TURQUOISE 3135C +GENCOD;;00102073;13118224444648;23118224444645;;JIEYANG HONGXING STAINLESS STEEL PRODUCTS MANUFACTORY (HX)
444468;3118224444689;CUILLERE ACIDULE BEE ANIS 583C +GENCOD;;00099189;13118224444686;23118224444683;;JIEYANG HONGXING STAINLESS STEEL PRODUCTS MANUFACTORY (HX)
444469;3118224444696;CUILLERE ACIDULE BEE NOIR CARBONE +GENCOD;;00099189;13118224444693;23118224444690;;JIEYANG HONGXING STAINLESS STEEL PRODUCTS MANUFACTORY (HX)
444470;3118224444702;CAFE ACIDULE BEE ROUGE 185C +GENCOD;;00118098;13118224444709;23118224444706;;JIEYANG HONGXING STAINLESS STEEL PRODUCTS MANUFACTORY (HX)
444472;3118224444726;CAFE ACIDULE BEE BLANC +GENCOD;;00118098;13118224444723;23118224444720;;JIEYANG HONGXING STAINLESS STEEL PRODUCTS MANUFACTORY (HX)
444474;3118224444740;CAFE ACIDULE BEE TURQUOISE 3135C +GENCOD;;00134438;13118224444747;23118224444744;;JIEYANG HONGXING STAINLESS STEEL PRODUCTS MANUFACTORY (HX)
444478;3118224444788;CAFE ACIDULE BEE ANIS 583C +GENCOD;;00091816;13118224444785;23118224444782;;SCHNEIDER CONSUMER ASIA (ex ADMEA HOME TECH)
444479;3118224444795;CAFE ACIDULE BEE NOIR CARBONE +GENCOD;;00116638;13118224444792;23118224444799;;JIEYANG HONGXING STAINLESS STEEL PRODUCTS MANUFACTORY (HX)
444490;3118224444900;PAIN POLYPRO CARTONNETTE TB C;;00165734;13118224444907;23118224444904;;GENERALE DE DECOUPAGE
444492;5414663364280;PAIN POLYPRO/FX CORA;;00125134;15414663364287;25414663364284;;GENERALE DE DECOUPAGE
444495;3118224444955;CUISINE 16 POLYPRO CARTONNETTE TB C;;00174912;13118224444952;23118224444959;;GENERALE DE DECOUPAGE
444500;3118224445006;STEAK  POLYPRO CARTONNETTE TB C;;00168337;13118224445003;23118224445000;;GENERALE DE DECOUPAGE
444520;3118224445204;COFFRET CERAMIQUE STEAK 95MM LAME NOIRE;;00112492;13118224445201;23118224445208;;DONGGUAN SURPASS STRUCTURE CERAMIC (EX SHENZHEN)
444526;3118224445266;COFFRET CERAMIQUE STEAK 95MM LAME BLANCHE MARQUE TB;;00100484;13118224445263;23118224445260;;DONGGUAN SURPASS STRUCTURE CERAMIC (EX SHENZHEN)
444530;3118224445303;COFFRET CERAMIQUE CUISINE 125MM LAME NOIRE;;00112492;13118224445300;23118224445307;;DONGGUAN SURPASS STRUCTURE CERAMIC (EX SHENZHEN)
444531;3222475201424;COFFRET CERAMIQUE CUISINE 125MM LAME NOIRE CASINO;;00112492;13222475201421;23222475201428;;DONGGUAN SURPASS STRUCTURE CERAMIC (EX SHENZHEN)
444800;3118224448007;COUTEAU INEDIT MARINIERE;;00077982;13118224448004;23118224448001;;SCHNEIDER CONSUMER ASIA (ex ADMEA HOME TECH)
444810;3118224448106;FOURCHETTE INEDIT MARINIERE;;00077982;13118224448103;23118224448100;;SCHNEIDER CONSUMER ASIA (ex ADMEA HOME TECH)
444820;3118224448205;CUILLERE INEDIT MARINIERE;;00077982;13118224448202;23118224448209;;SCHNEIDER CONSUMER ASIA (ex ADMEA HOME TECH)
444830;3118224448304;CAFE INEDIT MARINIERE;;00077982;13118224448301;23118224448308;;SCHNEIDER CONSUMER ASIA (ex ADMEA HOME TECH)
444840;3118224448403;COUTEAU INEDIT UNION JACK;;00151552;13118224448400;23118224448407;;JIEYANG HONGXING STAINLESS STEEL PRODUCTS MANUFACTORY (HX)
444850;3118224448502;FOURCHETTE INEDIT UNION JACK;;00158216;13118224448509;23118224448506;;JIEYANG HONGXING STAINLESS STEEL PRODUCTS MANUFACTORY (HX)
444860;3118224448601;CUILLERE INEDIT UNION JACK;;00176529;13118224448608;23118224448605;;JIEYANG HONGXING STAINLESS STEEL PRODUCTS MANUFACTORY (HX)
444870;3118224448700;CAFE INEDIT UNION JACK;;00179321;13118224448707;23118224448704;;JIEYANG HONGXING STAINLESS STEEL PRODUCTS MANUFACTORY (HX)
444940;3118224449400;DEBA GAMME JAPONAISE FX COUTEAU DU CHEF T3;;00113795;13118224449407;23118224449404;;GENERALE DE DECOUPAGE
444950;3118224449509;UNIVERSEL GAMME JAPONAISE FX COUTEAU DU CHEF T2;;00113795;13118224449506;23118224449503;;GENERALE DE DECOUPAGE
444960;3118224449608;SANTOKU  GAMME JAPONAISE FX COUTEAU DU CHEF T3;;00113795;13118224449605;23118224449602;;GENERALE DE DECOUPAGE
444970;3118224449707;YANAGIBA GAMME JAPONAISE FX  COUTEAU DU CHEF T4;;00086257;13118224449704;23118224449701;;GENERALE DE DECOUPAGE
445180;3118224451809;M24 LAG NACRE ROUGE;;00144783;13118224451806;23118224451803;;JIEYANG HONGXING STAINLESS STEEL PRODUCTS MANUFACTORY (HX)
445200;3118224452004;COFFRET BOIS  6 CX LAG BOIS NOIR TRADITION;;00119425;13118224452001;23118224452008;;GUANGWEI HOUSEHOLD PRODUCTS LIMITED (EX DIAMOND TRACK)
445210;3118224452103;COFFRET BOIS 6 CX LAG BOIS CLAIR TRADITION;;00112575;13118224452100;23118224452107;;GUANGWEI HOUSEHOLD PRODUCTS LIMITED (EX DIAMOND TRACK)
445280;3118224452806;COFFRET BOIS 6 FETTES LAG BOIS CLAIR TRADITION;;00102550;13118224452803;23118224452800;;GUANGWEI HOUSEHOLD PRODUCTS LIMITED (EX DIAMOND TRACK)
445312;3118224453124;M16 DIANE BOITE COLLECTION INOX;;00168896;13118224453121;23118224453128;;NOSKI
445376;3118224453766;EPLUCHEUR ACIDULE BEE COUL PANACH EN BTE DE 12;;00116638;13118224453763;23118224453760;;JIEYANG HONGXING STAINLESS STEEL PRODUCTS MANUFACTORY (HX)
445386;3118224453865;OFFICE ACIDULE BEE COUL PANACH EN BTE DE 12;;00176529;13118224453862;23118224453869;;JIEYANG HONGXING STAINLESS STEEL PRODUCTS MANUFACTORY (HX)
445706;3118224457061;BEURRE ACIDULE BEE COUL PANACH EN BTE DE 12;;00173654;13118224457068;23118224457065;;JIEYANG HONGXING STAINLESS STEEL PRODUCTS MANUFACTORY (HX)
445840;3118224458402;OFFICE 9 FURTIF EVERCUT CLASSIC MANCHE NOIR EN BOITE RETAIL;;00105233;13118224458409;23118224458406;;GENERALE DE DECOUPAGE
445850;3118224458501;POLYVALENT/EMINC 11 FURTIF EVERCUT CLASSIC MANCHE NOIR BT RT;;00106562;13118224458508;23118224458505;;GENERALE DE DECOUPAGE
445860;3118224458600;CHEF 19CM FURTIF EVERCUT CLASSIC MANCHE NOIR BOITE RETAIL;;00108018;13118224458607;23118224458604;;GENERALE DE DECOUPAGE
445880;3118224458808;CUISINE 21CM FURTIF EVERCUT CLASSIC MANCHE NOIR BOITE RETAIL;;00082355;13118224458805;23118224458802;;GENERALE DE DECOUPAGE
446000;3118224460009;COUTEAU ACIDULE BEE PANACHE;;00076261;13118224460006;23118224460003;;SCHNEIDER CONSUMER ASIA (ex ADMEA HOME TECH)
446040;3118224460405;FROMAGE ACIDULE BEE PANACHE VERT-ROSE-TURQ-RGE-NOIR-BLC;;00102073;13118224460402;23118224460409;;JIEYANG HONGXING STAINLESS STEEL PRODUCTS MANUFACTORY (HX)
446610;3118224466100;COUTEAU LAG EVOLUTION MIROIR;;00001515;13118224466107;23118224466104;;NEW SE SHIN CO LTD (EX SEORIM)
446660;3118224466605;M24 MANGO ANIS 382C EN PANIER FIL ACIER;;00076660;13118224466602;23118224466609;;SCHNEIDER CONSUMER ASIA (ex ADMEA HOME TECH)
446661;3118224466612;M24 MANGO ANTHRACITE 446C EN PANIER FIL ACIER;;00076660;13118224466619;23118224466616;;SCHNEIDER CONSUMER ASIA (ex ADMEA HOME TECH)
446664;3118224466643;M24 MANGO ROUGE 185C EN PANIER FIL ACIER;;00127635;13118224466640;23118224466647;;JIEYANG HONGXING STAINLESS STEEL PRODUCTS MANUFACTORY (HX)
446669;3118224466698;M24 MANGO BLANC TRANSPARENT EN PANIER FIL ACIER;;00115650;13118224466695;23118224466692;;JIEYANG HONGXING STAINLESS STEEL PRODUCTS MANUFACTORY (HX)
447000;3118224470008;OFFICE 9CM FURTIF CLASSIC MANCHE NOIR LAME NOIR BERLINGOT;;00107682;13118224470005;23118224470002;;GENERALE DE DECOUPAGE
447020;3118224470206;SANTUKO 19CM FURTIF CLASSIC MANCHE NOIR LAME NOIR BERLINGOT;;00107502;13118224470203;23118224470200;;GENERALE DE DECOUPAGE
447261;3118224472613;MARAICHER ABSOLU ABS EN BERLINGOT;;00107675;13118224472610;23118224472617;;GENERALE DE DECOUPAGE
447281;3118224472811;EMINCEUR ABSOLU ABS EN BERLINGOT;;00092593;13118224472818;23118224472815;;GENERALE DE DECOUPAGE
447291;3118224472910;POLYVALENT ABSOLU ABS EN BERLINGOT;;00092593;13118224472917;23118224472914;;GENERALE DE DECOUPAGE
447300;3118224473009;CUISINIER ABSOLU ABS BOITE GRISE;;00078816;13118224473006;23118224473003;;GENERALE DE DECOUPAGE
447301;3118224473016;CUISINIER ABSOLU ABS EN BERLINGOT;;00092593;13118224473013;23118224473010;;GENERALE DE DECOUPAGE
447311;3118224473115;BOULANGER ABSOLU ABS EN BERLINGOT;;00092593;13118224473112;23118224473119;;GENERALE DE DECOUPAGE
447430;3118224474303;SET DE 5 COUTEAUX FURTIF CLASSIC LAME NOIRE MANCHE NOIR;;00081913;13118224474300;23118224474307;;GENERALE DE DECOUPAGE
447780;3118224477809;FOUET ACIDULE COUL PANACHE SACHET+GENCOD;;00150068;13118224477806;23118224477803;;GUANGWEI HOUSEHOLD PRODUCTS LIMITED (EX DIAMOND TRACK)
447790;3118224477908;RAPE ACIDULE COUL PANACHE SACHET+GENCOD;;00150068;13118224477905;23118224477902;;GUANGWEI HOUSEHOLD PRODUCTS LIMITED (EX DIAMOND TRACK)
447800;3118224478004;EPLUCHEUR FIL Y ACIDULE COUL PANACHE SACHET+GENCOD;;00176740;13118224478001;23118224478008;;GUANGWEI HOUSEHOLD PRODUCTS LIMITED (EX DIAMOND TRACK)
447810;3118224478103;CUILLERE A GLACE ACIDULE COUL PANACHE SACHET+GENCOD;;00163973;13118224478100;23118224478107;;GUANGWEI HOUSEHOLD PRODUCTS LIMITED (EX DIAMOND TRACK)
447820;3118224478202;ROULETTE A PATE ACIDULE COUL PANACHE SACHET+GENCOD;;00102074;13118224478209;23118224478206;;GUANGWEI HOUSEHOLD PRODUCTS LIMITED (EX DIAMOND TRACK)
447830;3118224478301;ZESTEUR ACIDULE COUL PANACHE SACHET+GENCOD;;00176740;13118224478308;23118224478305;;GUANGWEI HOUSEHOLD PRODUCTS LIMITED (EX DIAMOND TRACK)
447840;3118224478400;OUVRE BOUTEILLE ACIDULE COUL PANACHE SACHET+GENCOD;;00134626;13118224478407;23118224478404;;GUANGWEI HOUSEHOLD PRODUCTS LIMITED (EX DIAMOND TRACK)
447850;3118224478509;EPLUCHEUR TOMATE ACIDULE COUL PANACHE SACHET+GENCOD;;00176740;13118224478506;23118224478503;;GUANGWEI HOUSEHOLD PRODUCTS LIMITED (EX DIAMOND TRACK)
447860;3118224478608;ROULETTE A PIZZA ACIDULE COUL PANACHE SACHET+GENCOD;;00156393;13118224478605;23118224478602;;GUANGWEI HOUSEHOLD PRODUCTS LIMITED (EX DIAMOND TRACK)
447870;3118224478707;PINCEAU SILICONE ACIDULE COUL PANACHE SACHET+GENCOD;;00150068;13118224478704;23118224478701;;GUANGWEI HOUSEHOLD PRODUCTS LIMITED (EX DIAMOND TRACK)
448160;3257984139906;COUTEAU TOMATE SLEEVE/ FX CORA;;00134016;13257984139903;23257984139900;;GENERALE DE DECOUPAGE
448230;3118224482308;HUITRE AVEC GARDE ACIDULE ROUGE 185C+GENCOD;;00100844;13118224482305;23118224482302;;GUANGWEI HOUSEHOLD PRODUCTS LIMITED (EX DIAMOND TRACK)
449182;3118224491829;COFFRET 6 STEAK SENS BLANC;;00078466;13118224491826;23118224491823;;SCHNEIDER CONSUMER ASIA (ex ADMEA HOME TECH)
449183;3118224491836;COFFRET 6 STEAK SENS ROUGE 185C;;00078466;13118224491833;23118224491830;;SCHNEIDER CONSUMER ASIA (ex ADMEA HOME TECH)
450000;3118224500002;POLYVALENT EVERCUT LAME 20CM EN ECRIN;;00150286;13118224500009;23118224500006;;GENERALE DE DECOUPAGE
450010;3118224500101;SANTOKU EVERCUT EN ECRIN;;00159367;13118224500108;23118224500105;;GENERALE DE DECOUPAGE
535811;3118225358114;M24 TROQUET ROUGE PS POT PET;;00169477;13118225358111;23118225358118;;JIEYANG HONGXING STAINLESS STEEL PRODUCTS MANUFACTORY (HX)
535820;3118225358206;M24 TROQUET MARINE PS POT PET;;00169477;13118225358203;23118225358200;;JIEYANG HONGXING STAINLESS STEEL PRODUCTS MANUFACTORY (HX)
603033;3118226030330;BROCHE SIMPLE L370MM DIAM 8 BDC 20MM;;00176524;13118226030337;23118226030334;;TILT EQUIPEMENT
650354;3118226503544;CUISINE 17 CM SUPER PRALEL 2;;00163113;13118226503541;23118226503548;;GENERALE DE DECOUPAGE
917854;3118229178541;HOUSSE BIVOUAC KAKI;;00171888;13118229178548;23118229178545;;GENERALE DE DECOUPAGE
CCA01;3118220000117;CAISSE AME. C20 310 X 280 X 120 220G;;00123081;13118220000114;23118220000111;;CARTONNAGES DU VALDORE CELTA
447260;3118224472606;MARAICHER ABSOLU ABS BOITE GRISE;;00078816;13118224472603;23118224472600;;GENERALE DE DECOUPAGE
447280;3118224472804;EMINCEUR ABSOLU ABS BOITE GRISE;;00078816;13118224472801;23118224472808;;GENERALE DE DECOUPAGE
447290;3118224472903;POLYVALENT ABSOLU ABS BOITE GRISE;;00078816;13118224472900;23118224472907;;GENERALE DE DECOUPAGE
447310;3118224473108;BOULANGER ABSOLU ABS BOITE GRISE;;00078816;13118224473105;23118224473102;;GENERALE DE DECOUPAGE
447262;3118224472620;MARAICHER ABSOLU ABS FX TB;;00083488;13118224472627;23118224472624;;GENERALE DE DECOUPAGE
447292;3118224472927;POLYVALENT ABSOLU ABS FX TB;;00083488;13118224472924;23118224472921;;GENERALE DE DECOUPAGE
447302;3118224473023;CUISINIER ABSOLU ABS FX TB;;00083704;13118224473020;23118224473027;;GENERALE DE DECOUPAGE
446740;3118224467404;CUISINE 15CM FORGE EN BERLINGOT;;00090319;13118224467401;23118224467408;;GENERALE DE DECOUPAGE
302900;3118223029009;TARTINEUR 6CM RECORD;;00160895;13118223029006;23118223029003;;GENERALE DE DECOUPAGE
314410;3118223144108;STEAK 11CM  LAG EXPRESSION MANCHE BOIS NOIR;;00136113;13118223144105;23118223144102;;GUANGWEI HOUSEHOLD PRODUCTS LIMITED (EX DIAMOND TRACK)
427950;3118224279502;CUILLERE TABLE DIANE+GENCOD;;00136922;13118224279509;23118224279506;;JIEYANG CITY WANXIN HARDWARE PRODUCTS CO LTD (WX)
427960;3118224279601;CUILLERE CAFE  DIANE+GENCOD;;00119345;13118224279608;23118224279605;;JIEYANG CITY WANXIN HARDWARE PRODUCTS CO LTD (WX)
303260;3118223032603;PIERRE A AIGUISER;;00101865;13118223032600;23118223032607;;AOYAM KITCHEN (ZHONGSHAN) CO., LTD - EX HIAMEA
448730;3118224487303;COUTEAU EVOLUTION CUIR LIN 7535C+GENCOD;;00137395;13118224487300;23118224487307;;JIEYANG HONGXING STAINLESS STEEL PRODUCTS MANUFACTORY (HX)
448734;3118224487341;COUTEAU EVOLUTION CUIR ARDOISE COOL GREY 11C+GENCOD;;00116638;13118224487348;23118224487345;;JIEYANG HONGXING STAINLESS STEEL PRODUCTS MANUFACTORY (HX)
448740;3118224487402;FOURCHETTE EVOLUTION CUIR LIN 7535C+GENCOD;;00137395;13118224487409;23118224487406;;JIEYANG HONGXING STAINLESS STEEL PRODUCTS MANUFACTORY (HX)
448744;3118224487440;FOURCHETTE EVOLUTION CUIR ARDOISE COOL GREY 11C+GENCOD;;00141572;13118224487447;23118224487444;;JIEYANG HONGXING STAINLESS STEEL PRODUCTS MANUFACTORY (HX)
448750;3118224487501;CUILLERE EVOLUTION CUIR LIN 7535C+GENCOD;;00116638;13118224487508;23118224487505;;JIEYANG HONGXING STAINLESS STEEL PRODUCTS MANUFACTORY (HX)
448754;3118224487549;CUILLERE EVOLUTION CUIR ARDOISE COOL GREY 11C+GENCOD;;00135833;13118224487546;23118224487543;;JIEYANG HONGXING STAINLESS STEEL PRODUCTS MANUFACTORY (HX)
448760;3118224487600;CAFE EVOLUTION CUIR LIN 7535C+GENCOD;;00137395;13118224487607;23118224487604;;JIEYANG HONGXING STAINLESS STEEL PRODUCTS MANUFACTORY (HX)
448764;3118224487648;CAFE EVOLUTION CUIR ARDOISE COOL GREY 11C+GENCOD;;00116638;13118224487645;23118224487642;;JIEYANG HONGXING STAINLESS STEEL PRODUCTS MANUFACTORY (HX)
446710;3118224467107;TRANCHE LARD 29CM FORGE+BERLINGOT+STICKER;;00085710;13118224467104;23118224467101;;GENERALE DE DECOUPAGE
427930;3118224279304;COUTEAU TABLE DIANE+GENCOD;;00136922;13118224279301;23118224279308;;JIEYANG CITY WANXIN HARDWARE PRODUCTS CO LTD (WX)
448441;3118224484418;COFFRET FRUIT DE MER ACIDULE NOIR CARBONE 14 PIECES;;00083430;13118224484415;23118224484412;;SCHNEIDER CONSUMER ASIA (ex ADMEA HOME TECH)
CPAL01;3118220008021;PALETTE EXPEDITION 80 X 120 CM;;00179554;13118220008028;23118220008025;;EPALIA
CPAL02;3118220008038;PALETTE EXPEDITION 80 X 60 CM;;00179554;13118220008035;23118220008032;;EPALIA
142791;3118221427913;PLATINE SUPPORT DIABOLO POUR PRESENTOIR 10/10;;00077782;13118221427910;23118221427917;;GENERALE DE DECOUPAGE
142846;3118221428460;DIABOLO POUR PRESENTOIR EVERCUT ET LINEAIRE CRF;;00077782;13118221428467;23118221428464;;GENERALE DE DECOUPAGE
601450;3118226014507;PALETTE EXPE EUROPE 80 X 120 CM;;00139252;13118226014504;23118226014501;;BURBAN PALETTES
119520;3118221195201;ETIQUETTE  AUTOCOLLANTE REPIQUABLE BTE CHARME X100 190*60MM;;00015470;13118221195208;23118221195205;;BUROSTORE - UNIVERS PAPETERIE
136620;3118221366205;CAISSE AME C30 1100*600*400 POUR PLV LINEAIRE;;00114198;;;;VIALLON ET CIE
601451;3118226014514;PALETTE 80 X 120 CM TTH NIMP15;;00170167;13118226014511;23118226014518;;EPALIA
101890;3118221018906;ETIQ. THERMAL ECO 100*150 PARAVENT DE 2/TIRET TYPO ENTRE CHA;;00166921;;;;GRAPHILYS IMPRIMEUR
CEMB0201;3118220007987;FILM ETIRABLE MANUEL 20µ 450MM*250M;;00139153;13118220007984;23118220007981;;BBA EMBALLAGES
444917;3118224449172;M16 ZEPHIR NOIR BLACK 6C POT PET;;00076888;13118224449179;23118224449176;;SCHNEIDER CONSUMER ASIA (ex ADMEA HOME TECH)
447980;3118224479803;COFFRET 6 CERAMIQUE OF-STEAK-C13-SANTUK-CHEF15-EPL LAME BLAN;;00100484;13118224479800;23118224479807;;DONGGUAN SURPASS STRUCTURE CERAMIC (EX SHENZHEN)
404370;3118224043707;SERV DECOUP LAG METAL EN BERLINGOT;;00082309;13118224043704;23118224043701;;GENERALE DE DECOUPAGE
404537;3222475201370;CT OFFICE BOIS COULEUR RIV + SLV CASINO;;00125951;13222475201377;23222475201374;;JIT GLOBAL LOGISTICS SUPPLY CHAIN CO. LIMITED-EX SMART IRON
446121;3222475201387;LOT 4 STEAK RECORD NOIR CASINO;;00123249;13222475201384;23222475201381;;GENERALE DE DECOUPAGE
436990;3118224369906;FRUITS/LEG BAMBOO STICK VRAC SANS GENCOD;;00137365;13118224369903;23118224369900;;GENERALE DE DECOUPAGE
432290;3118224322901;BOULANGER ABSOLU MANCHE EBENE EN BERLINGOT;;00107673;13118224322908;23118224322905;;GENERALE DE DECOUPAGE
306241;3118223062419;PLANCHE POLYPRO POIGNEES ROUGES 30.5X45.7X1 CM;;00144876;13118223062416;23118223062413;;GENERALE DE DECOUPAGE
422031;3118224220313;LOT 1 OFFI + 1 EPLU ERGO COULEUR (VENDU EN BOX PROMO) PCB72;;00103950;13118224220310;23118224220317;;GENERALE DE DECOUPAGE
302280;3118223022802;FOURCHETTE A DECOUPER FORGE;;00101866;13118223022809;23118223022806;;GUANGWEI HOUSEHOLD PRODUCTS LIMITED (EX DIAMOND TRACK)
447990;3118224479902;COFFRET 6 CERAMIQUE OF-STEAK-C13-SANTUK-CHEF15-EPL LAME NOIR;;00097552;13118224479909;23118224479906;;DONGGUAN SURPASS STRUCTURE CERAMIC (EX SHENZHEN)
446881;3118224468814;CUISINE 25CM LARGE FORGE BOIS BACKELISE NOIR BOITE GRISE;;00138191;13118224468811;23118224468818;;GENERALE DE DECOUPAGE
404610;3118224046104;EPLUCHEUR BOIS ECO NATUREL;;00176880;13118224046101;23118224046108;;JIT GLOBAL LOGISTICS SUPPLY CHAIN CO. LIMITED-EX SMART IRON
CCA02;3118220007888;CAISSE AME. C30E 600 X 400 X 300 800G KRAFT;;00160054;13118220007885;23118220007882;;CARTONNAGES DU VALDORE CELTA
CCA06;3118220004108;CAISSE AME. GC20 360 X 270 X 170;;00158422;13118220004105;23118220004102;;CARTONNAGES DU VALDORE CELTA
421690;3118224216903;STEAK LUXE M.ADFLEX/SLEEVE;;00084880;13118224216900;23118224216907;;GENERALE DE DECOUPAGE
120816;3118221208161;BARRE DE FORCE 133CM POUR LINEAIRE CRF;;00103179;13118221208168;23118221208165;;GENERALE DE DECOUPAGE
CCA61;3118220007970;CAISSE AME. C20 435 X 270 X 275 540G;;00171897;13118220007977;23118220007974;;VIALLON ET CIE
CCA05;3118220007895;CAISSE AME. C20 400 X 290 X 190 320G;;00169683;13118220007892;23118220007899;;VIALLON ET CIE
CCA08;3118220001282;CAISSE AME. C30E 390*290*385 540G;;00175127;13118220001289;23118220001286;;CARTONNAGES DU VALDORE CELTA
CCA39;3118220007925;CAISSE AME. GC20 310 X 180 X 80 100G;;00161798;13118220007922;23118220007929;;CARTONNAGES DU VALDORE CELTA
315920;3118223159201;COUTEAU LAG EVOLUTION MIROIR VRAC;;00001515;13118223159208;23118223159205;;NEW SE SHIN CO LTD (EX SEORIM)
513120;3118225131205;MARQUAGE LASER UNITAIRE;;00180849;13118225131202;23118225131209;;GENERALE DE DECOUPAGE
430528;3118224305287;COUTEAU AMANDE ORANGE+GENCOD;;00092414;13118224305284;23118224305281;;SCHNEIDER CONSUMER ASIA (ex ADMEA HOME TECH)
430521;3118224305218;COUTEAU AMANDE BLANC+GENCOD;;00159965;13118224305215;23118224305212;;JIEYANG HONGXING STAINLESS STEEL PRODUCTS MANUFACTORY (HX)
430538;3118224305386;FETTE AMANDE ORANGE+GENCOD;;00092414;13118224305383;23118224305380;;SCHNEIDER CONSUMER ASIA (ex ADMEA HOME TECH)
430531;3118224305317;FETTE AMANDE BLANC+GENCOD;;00159965;13118224305314;23118224305311;;JIEYANG HONGXING STAINLESS STEEL PRODUCTS MANUFACTORY (HX)
430548;3118224305485;CUILLERE AMANDE ORANGE+GENCOD;;00092414;13118224305482;23118224305489;;SCHNEIDER CONSUMER ASIA (ex ADMEA HOME TECH)
430541;3118224305416;CUIL. AMANDE BLANC+GENCOD;;00142644;13118224305413;23118224305410;;JIEYANG HONGXING STAINLESS STEEL PRODUCTS MANUFACTORY (HX)
430558;3118224305584;CAFE AMANDE ORANGE+GENCOD;;00092414;13118224305581;23118224305588;;SCHNEIDER CONSUMER ASIA (ex ADMEA HOME TECH)
430551;3118224305515;CAFE AMANDE BLANC+GENCOD;;00159965;13118224305512;23118224305519;;JIEYANG HONGXING STAINLESS STEEL PRODUCTS MANUFACTORY (HX)
Pres0001;3118220000018;CONDITIONNEMENT A FACON;;00180849;;;;GENERALE DE DECOUPAGE
Pres0002;3118220000025;ANALYSE SPECTRO;;00180971;;;;TARRERIAS ET CIE
Pres0003;3118220000032;DURETE;;00180970;;;;TARRERIAS ET CIE
Pres0005;3118220000056;TEST LAVE VAISSELLE 10 CYCLES;;00150129;;;;TARRERIAS ET CIE
Pres0007;3118220000209;TEST MECANIQUE;;00159252;;;;TARRERIAS ET CIE
Pres0013;3118220000322;REDACTION D'UN RAPPORT;;00180971;;;;TARRERIAS ET CIE
Pres0014;3118220000339;REDACTION D'UN RAPPORT DE MICROSTRUCTURE;;00084104;;;;TARRERIAS ET CIE
Pres0015;3118220000407;TEST LAVE VAISSELLE 10-50CYCLES;;00157065;;;;TARRERIAS ET CIE
Pres0016;3118220000414;TEST LAVE VAISSELLE +50CYCLES;;00178915;;;;TARRERIAS ET CIE
Cons0001;3118220008212;CAISSE AME. B10E 405*120*80 CCA58 80G;;00171896;13118220008219;23118220008216;;VIALLON ET CIE
Emba0005;3118220008380;CAISSE 600*300*400 C30;;00122179;13118220008387;23118220008384;;CARTONNAGES DU VALDORE CELTA
Emba0006;3118220008397;CAISSE 600*300*200 C30;;00122179;13118220008394;23118220008391;;CARTONNAGES DU VALDORE CELTA
62312000;3118220033023;IMPLANTATIONS LINEAIRES + ECHANTILLONS;;00130663;13118220033020;23118220033027;;IMPRIMERIE GUIGON
Pres0017;3118220001008;TEST LABO DIVERS;;00151379;;;;SGS CTS
601730;3118226017300;ADHESIF ACRYLIQUE 32µ BLANC IMPRIME T.B. NOIR 50MM*100M;;00141521;13118226017307;23118226017304;;PLAST'EMBAL
303310;3118223033105;LAGUIOLE 12CM CORNE VRAC SANS GENCOD;;00137365;13118223033102;23118223033109;;GENERALE DE DECOUPAGE
CEMB0601;3118220008014;SAC PARTICULE CALAGE 500L PELASPAN BLANC S;;00118952;13118220008011;23118220008018;;PLAST'EMBAL
114770;3118221147705;ROULEAU BULLE 1.2*150M 180M2 0.66M3;;00166697;13118221147702;23118221147709;;EMBAL SERVICE GROUPE ASTIC
104270;3118221042703;ETIQUETTE THERMAL ECO 40*29.75;;00159896;;;;COLUMBIA FRANCE SARL
cemb0101;3118220008519;ADHESIF HAVANE UBIS 48MM*100M PP 25µ;;00146386;13118220008516;23118220008513;;PLAST'EMBAL
117230;3118221172301;CAISSE AME C20 460 X140 X 100 120G;;00158422;13118221172308;23118221172305;;CARTONNAGES DU VALDORE CELTA
600542;3118226005420;FILM TRANSFERT THER ZEBRA RUBAN CIRE RESINE LAIZE110MM;;00159725;13118226005427;23118226005424;;SPI ETIQUETAGE
10720001;3123840010897;OPINEL 8 LAME INOX+ETUI EN BOITE;;00002153;13123840010894;;;BELIGNE ET FILS COUTELLERIE SAS
10720002;3123840008153;OPINEL 8 LAME ACIER CARBONE+ETUI+PLUMIER A COUVERCLE;;00002153;13123840008150;;;BELIGNE ET FILS COUTELLERIE SAS
10720004;3123840013218;OPINEL 8 LAME INOX HETRE+LACET CUIR+SACHET;;00002153;13123840013215;;;BELIGNE ET FILS COUTELLERIE SAS
10720005;3123840017049;OPINEL 8 LAME INOX BLEU+LACET CUIR+SACHET;;00002153;13123840017046;;;BELIGNE ET FILS COUTELLERIE SAS
10720007;3123840017056;OPINEL 8 LAME INOX ROUGE+LACET CUIR+SACHET;;00002153;13123840017053;;;BELIGNE ET FILS COUTELLERIE SAS
10720006;3123840017032;OPINEL 8 LAME INOX KAKI+LACET CUIR+SACHET;;00002153;13123840017039;;;BELIGNE ET FILS COUTELLERIE SAS
10720003;3123840010040;OPINEL 8 LAME INOX OLIVIER+ETUI+PLUMIER A COUVERCLE;;00002153;13123840010047;;;BELIGNE ET FILS COUTELLERIE SAS
10720012;3123840016967;OPINEL 7 LAME INOX BOUT ROND HETRE+CARTE;;00002153;13123840016964;;;BELIGNE ET FILS COUTELLERIE SAS
10720011;3123840016974;OPINEL 7 LAME INOX BOUT ROND BLEU+CARTE;;00002153;13123840016971;23123840016978;;BELIGNE ET FILS COUTELLERIE SAS
10720009;3123840016981;OPINEL 7 LAME INOX BOUT ROND ROUGE+CARTE;;00002153;13123840016988;;;BELIGNE ET FILS COUTELLERIE SAS
10720010;3123840016998;OPINEL 7 LAME INOX BOUT ROND FUSCHIA+CARTE;;00002153;13123840016995;;;BELIGNE ET FILS COUTELLERIE SAS
10720008;3123840017001;OPINEL 7 LAME INOX BOUT ROND VERT+CARTE;;00002153;13123840017008;23123840017005;;BELIGNE ET FILS COUTELLERIE SAS
10440003;7611160300690;VICTORINOX 16 FONCTIONS;;00002153;7612446300694;;;BELIGNE ET FILS COUTELLERIE SAS
10440002;7611160300683;VICTORINOX 15 FONCTIONS;;00002153;7612446300687;;;BELIGNE ET FILS COUTELLERIE SAS
10440001;7611160300676;VICTORINOX 14 FONCTIONS;;00002153;17611160300673;27611160300670;;BELIGNE ET FILS COUTELLERIE SAS
30190001;3118220001800;COUTEAU INEDIT USA+GENCOD;;00169477;13118220001807;23118220001804;;JIEYANG HONGXING STAINLESS STEEL PRODUCTS MANUFACTORY (HX)
30190002;3118220001817;FOURCHETTE INEDIT USA+GENCOD;;00176529;13118220001814;23118220001811;;JIEYANG HONGXING STAINLESS STEEL PRODUCTS MANUFACTORY (HX)
30190003;3118220001824;CUILLERE INEDIT USA+GENCOD;;00169477;13118220001821;23118220001828;;JIEYANG HONGXING STAINLESS STEEL PRODUCTS MANUFACTORY (HX)
30190004;3118220001831;CAFE INEDIT USA+GENCOD;;00179321;13118220001838;23118220001835;;JIEYANG HONGXING STAINLESS STEEL PRODUCTS MANUFACTORY (HX)
313768;3118223137681;OFFICE 9CM LAG EXPRESSION LAG EVOLUTION;;00084011;13118223137688;23118223137685;;SCHNEIDER CONSUMER ASIA (ex ADMEA HOME TECH)
313778;3118223137780;EMINCEUR 13CM  LAG EXPRESSION LAG EVOLUTION;;00084011;13118223137787;23118223137784;;SCHNEIDER CONSUMER ASIA (ex ADMEA HOME TECH)
313788;3118223137889;STEAK 11CM  LAG EXPRESSION LAG EVOLUTION;;00084011;13118223137886;23118223137883;;SCHNEIDER CONSUMER ASIA (ex ADMEA HOME TECH)
313798;3118223137988;SANTUKO 18CM LAG EXPRESSION LAG EVOLUTION;;00084011;13118223137985;23118223137982;;SCHNEIDER CONSUMER ASIA (ex ADMEA HOME TECH)
313808;3118223138084;CUISINE 16CM LAG EXPRESSION LAG EVOLUTION;;00076656;13118223138081;23118223138088;;SCHNEIDER CONSUMER ASIA (ex ADMEA HOME TECH)
313818;3118223138183;TRANCHER 22CM LAG EXPRESSION LAG EVOLUTION;;00084011;13118223138180;23118223138187;;SCHNEIDER CONSUMER ASIA (ex ADMEA HOME TECH)
30090006;3118220002159;M16  LAGUIOLE CUIR ARDOISE COOL GREY 11C EN BOITE LAGUIOLE;;00130329;13118220002156;23118220002153;;JIEYANG HONGXING STAINLESS STEEL PRODUCTS MANUFACTORY (HX)
119510;3118221195102;GAINE ARMEE DE TERRE;;00140302;13118221195109;23118221195106;;GENERALE DE DECOUPAGE
30220001;3118220002227;COUTEAU INEDIT BRETAGNE+GENCOD;;00077982;13118220002224;23118220002221;;SCHNEIDER CONSUMER ASIA (ex ADMEA HOME TECH)
30220002;3118220002234;FOURCHETTE INEDIT BRETAGNE+GENCOD;;00077982;13118220002231;23118220002238;;SCHNEIDER CONSUMER ASIA (ex ADMEA HOME TECH)
30220003;3118220002241;CUILLERE INEDIT BRETAGNE+GENCOD;;00077982;13118220002248;23118220002245;;SCHNEIDER CONSUMER ASIA (ex ADMEA HOME TECH)
30220004;3118220002258;CAFE INEDIT BRETAGNE+GENCOD;;00077982;13118220002255;23118220002252;;SCHNEIDER CONSUMER ASIA (ex ADMEA HOME TECH)
20160001;3118220002524;LOT 3 COUTEAUX TABLE OSLO BRILLANT CLASSIQUE +SUSPENSION;;00169143;13118220002521;23118220002528;;NOSKI
20160002;3118220002531;LOT 3 STEAK POINTU OSLO BRILLANT CLASSIQUE +SUSPENSION;;00169143;13118220002538;23118220002535;;NOSKI
20160003;3118220002548;LOT 3 COUTEAUX DESSERT OSLO BRILLANT CLASSIQUE +SUSPENSION;;00169143;13118220002545;23118220002542;;NOSKI
20160004;3118220002555;LOT 6 FOURCHETTES OSLO BRILLANT CLASSIQUE +SUSPENSION;;00169143;13118220002552;23118220002559;;NOSKI
20160005;3118220002562;LOT 6 CUILLERES OSLO BRILLANT CLASSIQUE +SUSPENSION;;00156766;13118220002569;23118220002566;;JIEYANG CITY WANXIN HARDWARE PRODUCTS CO LTD (WX)
20160006;3118220002579;LOT 6 CAFE OSLO BRILLANT CLASSIQUE +SUSPENSION;;00169143;13118220002576;23118220002573;;NOSKI
20160007;3118220002586;LOT 6 MOKA OSLO BRILLANT CLASSIQUE +SUSPENSION;;00169143;13118220002583;23118220002580;;NOSKI
20160008;3118220002593;LOT 6 FOURCHETTE DESSERT OSLO BRILLANT CLASSIQUE +SUSPENSION;;00157149;13118220002590;23118220002597;;JIEYANG CITY WANXIN HARDWARE PRODUCTS CO LTD (WX)
20260001;3118220002623;M16 CURVING SATINE BOITE CADEAU LISA;;00090496;13118220002620;23118220002627;;SCHNEIDER CONSUMER ASIA (ex ADMEA HOME TECH)
20160009;3118220002609;M24 OSLO BRILLANT CLASSIQUE BOITE TB COLLECTION;;00151554;13118220002606;23118220002603;;JIEYANG CITY WANXIN HARDWARE PRODUCTS CO LTD (WX)
CEMB0301;3118220008007;BOITE 1000 POCHETTES DOCUMENTS CI-INCLUS 162*120 DCI;;00177911;13118220008004;23118220008001;;PLAST'EMBAL
cemb0501;3118220008533;ROULEAU 500 COIFFES POLYPRO PREDECOUPEES 1400 X 1600 20µ;;00177911;13118220008530;23118220008537;;PLAST'EMBAL
CEMB0203;3118220007994;FILM ETIRABLE OPAQUE NOIR 450MM 23µ;;00153640;13118220007991;23118220007998;;BBA EMBALLAGES
Emba0017;3118220008465;CAISSE AME C30 1190*790*500 POUR PLV LINEAIRE;;00151421;;;;VIALLON ET CIE
30050003;3118220002920;COUTEAU EVOLUTION SENS LASURE CLAIR+GENCOD;;00102872;13118220002927;23118220002924;;GUANGWEI HOUSEHOLD PRODUCTS LIMITED (EX DIAMOND TRACK)
30050004;3118220002951;FOURCHETTE EVOLUTION SENS LASURE CLAIR+GENCOD;;00102872;13118220002958;23118220002955;;GUANGWEI HOUSEHOLD PRODUCTS LIMITED (EX DIAMOND TRACK)
30050005;3118220002982;CUILLERE EVOLUTION SENS LASURE CLAIR+GENCOD;;00102872;13118220002989;23118220002986;;GUANGWEI HOUSEHOLD PRODUCTS LIMITED (EX DIAMOND TRACK)
30050006;3118220003019;CAFE EVOLUTION SENS LASURE CLAIR+GENCOD;;00102872;13118220003016;23118220003013;;GUANGWEI HOUSEHOLD PRODUCTS LIMITED (EX DIAMOND TRACK)
30100001;3118220003149;M16 LAG ABS MULTICOLOR;;00102972;13118220003146;23118220003143;;JIEYANG HONGXING STAINLESS STEEL PRODUCTS MANUFACTORY (HX)
Cons0003;3118220008229;PALETTE EXPEDITION 80X60 CM TRAITEE NIMP 15;;00161635;13118220008226;23118220008223;;EPALIA
30050016;3118220003606;COFFRET BOIS DE 6 STEAKS LAG SENS LASURE BOIS CLAIR;;00122106;13118220003603;23118220003600;;GUANGWEI HOUSEHOLD PRODUCTS LIMITED (EX DIAMOND TRACK)
10010025;3118220003750;COFFRET 5 CERAMIQUE OF-C15-C13-STEAK-EPL LAME BLANCHE;;00101485;13118220003757;23118220003754;;DONGGUAN SURPASS STRUCTURE CERAMIC (EX SHENZHEN)
Cons0007;3118220008250;PAPIER FACTURE A4 80G;;00133751;13118220008257;23118220008254;;IMPRIMERIE DECOMBAT
303031;3118223030319;STEAK MANCHE BOIS SLEEVE NON GENCOD;;00137365;13118223030316;23118223030313;;GENERALE DE DECOUPAGE
Pres0037;3118220003866;ANALYSE QUALITÉ AU FORFAIT;;00129708;;;;TARRERIAS ET CIE
20710001;3118220003873;COUTEAU GRAND SIECLE+GENCOD;;00076356;13118220003870;23118220003877;;SCHNEIDER CONSUMER ASIA (ex ADMEA HOME TECH)
20710002;3118220003880;FOURCHETTE GRAND SIECLE+GENCOD;;00076356;13118220003887;23118220003884;;SCHNEIDER CONSUMER ASIA (ex ADMEA HOME TECH)
20710003;3118220003897;CUILLERE GRAND SIECLE+GENCOD;;00076356;13118220003894;23118220003891;;SCHNEIDER CONSUMER ASIA (ex ADMEA HOME TECH)
20710004;3118220003903;CAFE GRAND SIECLE+GENCOD;;00076356;13118220003900;23118220003907;;SCHNEIDER CONSUMER ASIA (ex ADMEA HOME TECH)
Cons0011;3118220003941;AFFICHE 80*120 OP FID SYSTEME U;;00133073;13118220003948;23118220003945;;IMPRIMERIE DECOMBAT
137353;3118221373531;BROCHE L405 PORTE ETIQUETTES DEPASSANT BDC DIAM 8;;00180186;;;;GENERALE DE DECOUPAGE
137356;3118221373562;COIFFE EN CARTON DISPLAY PALETTE 81.5*122*172 C30;;00133577;;;;CARTONNAGES DU VALDORE CELTA
Cout0003;3118220004092;REGULARISATION FACTURATION TB-GDD;;00155997;;;;GENERALE DE DECOUPAGE
102940;3118221029407;ETIQ. THERMAL ECO 75*35 MINI 90000;;00159896;;;;COLUMBIA FRANCE SARL
10010038;3118220004245;COFFRET 5 CERAMIQUE OF-C15-C13-STEAK-EPL LAME NOIRE;;00081690;13118220004242;23118220004249;;DONGGUAN SURPASS STRUCTURE CERAMIC (EX SHENZHEN)
117191;3118220007659;BLOC BOIS INCLINE VERNI+PIED IMP;;00102548;13118220007656;23118220007653;;JIT GLOBAL LOGISTICS SUPPLY CHAIN CO. LIMITED-EX SMART IRON
30020238;3118220004443;COFFRET BOIS  8 PCES ESCARGOTS ACIDULE NOIR CARBONE;;00116663;13118220004440;23118220004447;;GUANGWEI HOUSEHOLD PRODUCTS LIMITED (EX DIAMOND TRACK)
30020239;3118220007864;FOURCHETTE ESCARGOT ACIDULE NOIR CARBONE VRAC;;00116915;13118220007861;23118220007868;;JIEYANG HONGXING STAINLESS STEEL PRODUCTS MANUFACTORY (HX)
cemb0108;3118220004474;ADHESIF INCOLORE 19*66 BOULE;;00170925;13118220004471;23118220004478;;EMBAL SERVICE GROUPE ASTIC
102061;3118221020619;ETIQUETTE VELIN BLANC 30*15 MASSE ENLEVABLE;;00159725;;;;SPI ETIQUETAGE
Cons0028;3118220008281;BANDE MAGNETIQUE AUTOCOLLANTE 30MM LONGUEUR 25M;;00156250;;;;SUPERMAGNETE
Pres0038;3118220004764;TEST MECANIQUE DYNAMOMETRE;;00179937;;;;TARRERIAS ET CIE
30170008;3118220004771;COUTEAU LAG DUO GRIS COOL GREY 7C+ GENCOD;;00176529;13118220004778;23118220004775;;JIEYANG HONGXING STAINLESS STEEL PRODUCTS MANUFACTORY (HX)
30170009;3118220004788;FOURCHETTE LAG DUO GRIS COOL GREY 7C+ GENCOD;;00169477;13118220004785;23118220004782;;JIEYANG HONGXING STAINLESS STEEL PRODUCTS MANUFACTORY (HX)
30170010;3118220004795;CUILLERE LAG DUO GRIS COOL GREY 7C+ GENCOD;;00169477;13118220004792;23118220004799;;JIEYANG HONGXING STAINLESS STEEL PRODUCTS MANUFACTORY (HX)
30170011;3118220004801;CAFE LAG DUO GRIS COOL GREY 7C+ GENCOD;;00169477;13118220004808;23118220004805;;JIEYANG HONGXING STAINLESS STEEL PRODUCTS MANUFACTORY (HX)
30170024;3118220004931;COUTEAU LAG DUO NOIR+ GENCOD;;00163975;13118220004938;23118220004935;;JIEYANG HONGXING STAINLESS STEEL PRODUCTS MANUFACTORY (HX)
30170025;3118220004948;FOURCHETTE LAG DUO NOIR+ GENCOD;;00176529;13118220004945;23118220004942;;JIEYANG HONGXING STAINLESS STEEL PRODUCTS MANUFACTORY (HX)
30170026;3118220004955;CUILLERE LAG DUO NOIR+ GENCOD;;00176529;13118220004952;23118220004959;;JIEYANG HONGXING STAINLESS STEEL PRODUCTS MANUFACTORY (HX)
30170027;3118220004962;CAFE LAG DUO NOIR+ GENCOD;;00176529;13118220004969;23118220004966;;JIEYANG HONGXING STAINLESS STEEL PRODUCTS MANUFACTORY (HX)
30170028;3118220004979;COUTEAU LAG DUO ROUGE 200 C+ GENCOD;;00176529;13118220004976;23118220004973;;JIEYANG HONGXING STAINLESS STEEL PRODUCTS MANUFACTORY (HX)
30170029;3118220004986;FOURCHETTE LAG DUO ROUGE 200 C+ GENCOD;;00173654;13118220004983;23118220004980;;JIEYANG HONGXING STAINLESS STEEL PRODUCTS MANUFACTORY (HX)
30170030;3118220004993;CUILLERE LAG DUO ROUGE 200 C+ GENCOD;;00179321;13118220004990;23118220004997;;JIEYANG HONGXING STAINLESS STEEL PRODUCTS MANUFACTORY (HX)
30170031;3118220005006;CAFE LAG DUO ROUGE 200 C+ GENCOD;;00176529;13118220005003;23118220005000;;JIEYANG HONGXING STAINLESS STEEL PRODUCTS MANUFACTORY (HX)
10050013;3118220005044;HUITRE HERITAGE SENS LASURE COULEUR PANACHE +GENCOD;;00174853;13118220005041;23118220005048;;GUANGWEI HOUSEHOLD PRODUCTS LIMITED (EX DIAMOND TRACK)
10050014;3118220005051;FROMAGE HERITAGE SENS LASURE COULEUR PANACHE +GENCOD;;00125962;13118220005058;23118220005055;;GUANGWEI HOUSEHOLD PRODUCTS LIMITED (EX DIAMOND TRACK)
10050015;3118220005068;BEURRE HERITAGE SENS LASURE COULEUR PANACHE +GENCOD;;00092684;13118220005065;23118220005062;;SCHNEIDER CONSUMER ASIA (ex ADMEA HOME TECH)
10050016;3118220005075;STEAK HERITAGE SENS LASURE COULEUR PANACHE +GENCOD;;00150068;13118220005072;23118220005079;;GUANGWEI HOUSEHOLD PRODUCTS LIMITED (EX DIAMOND TRACK)
10050017;3118220005099;OFFICE HERITAGE SENS LASURE COULEUR PANACHE +GENCOD;;00150068;13118220005096;23118220005093;;GUANGWEI HOUSEHOLD PRODUCTS LIMITED (EX DIAMOND TRACK)
10050018;3118220005105;EPLUCHEUR HERITAGE SENS LASURE COULEUR PANACHE +GENCOD;;00156758;13118220005102;23118220005109;;GUANGWEI HOUSEHOLD PRODUCTS LIMITED (EX DIAMOND TRACK)
30730002;3118220005174;COUTEAU INEDIT GEOMETRIX LOSANGE+GENCOD;;00118080;13118220005171;23118220005178;;JIEYANG HONGXING STAINLESS STEEL PRODUCTS MANUFACTORY (HX)
30730003;3118220005181;FOURCHETTE INEDIT GEOMETRIX LOSANGE+GENCOD;;00118080;13118220005188;23118220005185;;JIEYANG HONGXING STAINLESS STEEL PRODUCTS MANUFACTORY (HX)
30730004;3118220005198;CUILLERE INEDIT GEOMETRIX LOSANGE+GENCOD;;00118080;13118220005195;23118220005192;;JIEYANG HONGXING STAINLESS STEEL PRODUCTS MANUFACTORY (HX)
30730005;3118220005204;CAFE INEDIT GEOMETRIX LOSANGE+GENCOD;;00118080;13118220005201;23118220005208;;JIEYANG HONGXING STAINLESS STEEL PRODUCTS MANUFACTORY (HX)
30730006;3118220005211;COUTEAU INEDIT GEOMETRIX SQUARE+GENCOD;;00179321;13118220005218;23118220005215;;JIEYANG HONGXING STAINLESS STEEL PRODUCTS MANUFACTORY (HX)
30730007;3118220005228;FOURCHETTE INEDIT GEOMETRIX SQUARE+GENCOD;;00151552;13118220005225;23118220005222;;JIEYANG HONGXING STAINLESS STEEL PRODUCTS MANUFACTORY (HX)
30730008;3118220005235;CUILLERE INEDIT GEOMETRIX SQUARE+GENCOD;;00179321;13118220005232;23118220005239;;JIEYANG HONGXING STAINLESS STEEL PRODUCTS MANUFACTORY (HX)
30730009;3118220005242;CAFE INEDIT GEOMETRIX SQUARE+GENCOD;;00151552;13118220005249;23118220005246;;JIEYANG HONGXING STAINLESS STEEL PRODUCTS MANUFACTORY (HX)
Acce0006;3118220005570;BLOC BI MAT UNIVERSEL NOIR CARBONE VIDE ACIDULE 10.5*22CM;;00075855;13118220005577;23118220005574;;SCHNEIDER CONSUMER ASIA (ex ADMEA HOME TECH)
10050019;3118220005600;COTE DE BOEUF HERITAGE SENS LASURE FONCE +GENCOD+SLEEVE;;00080804;13118220005607;23118220005604;;SCHNEIDER CONSUMER ASIA (ex ADMEA HOME TECH)
10050020;3118220005617;COTE DE BOEUF HERITAGE SENS LASURE CLAIR+GENCOD+SLEEVE;;00122106;13118220005614;23118220005611;;GUANGWEI HOUSEHOLD PRODUCTS LIMITED (EX DIAMOND TRACK)
Cons0034;3118220008328;BOITE 1000 POCHETTES DOCUMENTS CI-INCLUS 162*229;;00177911;13118220008325;23118220008322;;PLAST'EMBAL
Cons0035;3118220005754;PAPIER KRAFT MARRON  MODELE36*40 50G;;00158765;13118220005751;23118220005758;;GENERALE DE DECOUPAGE
Comp0027;3118220008199;COIFFE EN CARTON DISPLAY 1/4 PALETTE 62*47*170 C20;;00101916;13118220008196;23118220008193;;CARTONNAGES DU VALDORE CELTA
513125;3118225131250;GRAVURE LASER;;00145710;;;;GENERALE DE DECOUPAGE
30360001;3118225358121;M24 TROQUET BLANC POT PET TB COLLECTION;;00179321;13118225358128;23118225358125;;JIEYANG HONGXING STAINLESS STEEL PRODUCTS MANUFACTORY (HX)
30650005;3118220006195;TUBO 6 STEAK HECTOR AUTOMNE;;00077784;13118220006192;23118220006199;;GENERALE DE DECOUPAGE
30650006;3118220006201;TUBO 6 STEAK HECTOR ETE;;00077784;13118220006208;23118220006205;;GENERALE DE DECOUPAGE
10590003;3118220006218;CISEAU CUISINE 21.3CM BI MAT TB COLLECTION;;00152199;13118220006215;23118220006212;;JIT GLOBAL LOGISTICS SUPPLY CHAIN CO. LIMITED-EX SMART IRON
10590004;3118220006225;CISEAU UNIVERSEL 20.3CM BI M TB COLLECTION;;00173657;13118220006222;23118220006229;;JIT GLOBAL LOGISTICS SUPPLY CHAIN CO. LIMITED-EX SMART IRON
Div0007;3118220014305;DEVIDOIR ADHESIF 50MM;;00166194;;;;EMBAL SERVICE GROUPE ASTIC
30040011;3118220006447;FOURCHETTE POIS CLASSIC GRIS COOL GREY 11C VRAC GENCOD;;00122907;13118220006444;23118220006441;;JIEYANG HONGXING STAINLESS STEEL PRODUCTS MANUFACTORY (HX)
30040013;3118220006461;CAFE POIS CLASSIC GRIS COOL GREY 11C VRAC GENCOD;;00122907;13118220006468;23118220006465;;JIEYANG HONGXING STAINLESS STEEL PRODUCTS MANUFACTORY (HX)
30880002;3118220006539;FOURCHETTE CANDY ROSE VRAC GENCOD;;00083434;13118220006536;23118220006533;;SCHNEIDER CONSUMER ASIA (ex ADMEA HOME TECH)
30880004;3118220006553;CAFE CANDY ROSE VRAC GENCOD;;00083434;13118220006550;23118220006557;;SCHNEIDER CONSUMER ASIA (ex ADMEA HOME TECH)
20890001;3118220006621;COUTEAU ECORCE VRAC GENCOD;;00117750;13118220006628;23118220006625;;JIEYANG CITY WANXIN HARDWARE PRODUCTS CO LTD (WX)
20890002;3118220006638;FOURCHETTE ECORCE VRAC GENCOD;;00122375;13118220006635;23118220006632;;JIEYANG CITY WANXIN HARDWARE PRODUCTS CO LTD (WX)
20890003;3118220006645;CUILLERE ECORCE VRAC GENCOD;;00124991;13118220006642;23118220006649;;JIEYANG CITY WANXIN HARDWARE PRODUCTS CO LTD (WX)
20890004;3118220006652;CAFE ECORCE VRAC GENCOD;;00156766;13118220006659;23118220006656;;JIEYANG CITY WANXIN HARDWARE PRODUCTS CO LTD (WX)
30900001;3118220006669;COUTEAU STEAK INEDIT DECOR BOIS CLAIR VRAC GENCOD;;00118080;13118220006666;23118220006663;;JIEYANG HONGXING STAINLESS STEEL PRODUCTS MANUFACTORY (HX)
30900002;3118220006676;FOURCHETTE INEDIT DECOR BOIS CLAIR VRAC GENCOD;;00147928;13118220006673;23118220006670;;JIEYANG HONGXING STAINLESS STEEL PRODUCTS MANUFACTORY (HX)
30900003;3118220006683;CUILLERE INEDIT DECOR BOIS CLAIR VRAC GENCOD;;00118080;13118220006680;23118220006687;;JIEYANG HONGXING STAINLESS STEEL PRODUCTS MANUFACTORY (HX)
30900004;3118220006690;CAFE INEDIT DECOR BOIS CLAIR VRAC GENCOD;;00118080;13118220006697;23118220006694;;JIEYANG HONGXING STAINLESS STEEL PRODUCTS MANUFACTORY (HX)
30020252;3118220006713;MOKA ACIDULE COULEUR ASSORTIE VRAC GENCOD;;00076261;13118220006710;23118220006717;;SCHNEIDER CONSUMER ASIA (ex ADMEA HOME TECH)
10430002;3222476103390;OFFICE RECORD FOURREAU CASINO;;00127108;13222476103397;23222476103394;;GENERALE DE DECOUPAGE
10430003;3222476103369;VIANDE RECORD FOURREAU  CASINO;;00127108;13222476103366;23222476103363;;GENERALE DE DECOUPAGE
10430004;3222476103383;DESOSSER  RECORD FOURREAU CASINO;;00137417;13222476103380;23222476103387;;GENERALE DE DECOUPAGE
10430005;3222476103406;CUISINE 16 RECORD FOURREAU CASINO;;00127108;13222476103403;23222476103400;;GENERALE DE DECOUPAGE
10430006;3222476103505;PAIN SURGELE RECORD FOURREAU CASINO;;00127108;13222476103502;23222476103509;;GENERALE DE DECOUPAGE
307350;3118223073507;FOURCHETTE TABLE TOSCANE (KOS) BRILLANT;;00083903;13118223073504;23118223073501;;SCHNEIDER CONSUMER ASIA (ex ADMEA HOME TECH)
307370;3118223073705;CUILLERE CAFE TOSCANE (KOS) BRILLANT;;00083903;13118223073702;23118223073709;;SCHNEIDER CONSUMER ASIA (ex ADMEA HOME TECH)
314428;3118223144283;SANTUKO  LAG EXPRESSION MANCHE BOIS NOIR LAG EVOLUTION;;00099424;13118223144280;23118223144287;;GUANGWEI HOUSEHOLD PRODUCTS LIMITED (EX DIAMOND TRACK)
314438;3118223144382;CUISINE 16CM LAG EXPRESSION MANCHE BOIS NOIR LAG EVOLUTION;;00099424;13118223144389;23118223144386;;GUANGWEI HOUSEHOLD PRODUCTS LIMITED (EX DIAMOND TRACK)
314450;3118223144504;JAMBON 25CM LAG EXPRESSION POM;;00084011;13118223144501;23118223144508;;SCHNEIDER CONSUMER ASIA (ex ADMEA HOME TECH)
315458;3118223154589;JAMBON LAG EXPRESSION MANCHE BOIS NOIR LAG EVOLUTION;;00099424;13118223154586;23118223154583;;GUANGWEI HOUSEHOLD PRODUCTS LIMITED (EX DIAMOND TRACK)
406841;3118224068410;LOT 6 CTX STEAK ECO NOIRS EN DISPLAY;;00104000;13118224068417;23118224068414;;YANGJIANG FUXIN TRADING CO LTD (LINKWAVES)
Pres0044;3118220010253;TEST LAVE VAISSELLE INDUS 10-50CYCLES;;00103644;;;;TARRERIAS ET CIE
20100001;3118220007437;COFFRET AIMANTE A FENETRE 6 CX LAG TABLE METAL INOX;;00116638;13118220007434;23118220007431;;JIEYANG HONGXING STAINLESS STEEL PRODUCTS MANUFACTORY (HX)
Cons0037;3118221148559;ADHESIF DOUBLE FACE 1.9CM LARG 50M LONG 3M REF GPT020F;;00136115;13118221148556;23118221148553;;PLAST'EMBAL
Cons0038;3118221148573;ADHESIF DOUBLE FACE 5CM LARG 50M LONG 3M REF 9088;;00164618;13118221148570;23118221148577;;BBA EMBALLAGES
Comp0045;3118220000070;BMR MENAGERE 24 PCES 255*115*60 CBMR21;;00128223;13118220000077;23118220000074;;GENERALE DE DECOUPAGE
Comp0046;3118220007581;BMR 225 X 65 X 50 MICRO BRUN CBMR02;;00154593;13118220007588;23118220007585;;CIT PLUS
10010069;3118220007628;COFFRET 4CERAMIQUE OF+ST+C13+EP METALLISE ARGEN LAME BLANCHE;;00115944;13118220007625;23118220007622;;DONGGUAN SURPASS STRUCTURE CERAMIC (EX SHENZHEN)
10650001;3118220007710;SANTUKO HECTOR TAUPE MARRON WARM GREY 11C BOITE CADEAU;;00113980;13118220007717;23118220007714;;GENERALE DE DECOUPAGE
10650002;3118220007727;CUISINE 17 HECTOR ARGILE MARRON CLAIR M217432 BOITE CADEAU;;00083902;13118220007724;23118220007721;;GENERALE DE DECOUPAGE
10650003;3118220007734;DECOUPER 21 HECTOR PERLE GRIS CLAIR M217431 BOITE CADEAU;;00121586;13118220007731;23118220007738;;GENERALE DE DECOUPAGE
10650006;3118220008687;PAIN 21 HECTOR 2 REGLISSE BLACK 6C BERLINGOT;;00113980;13118220008684;23118220008681;;GENERALE DE DECOUPAGE
10650008;3118220008700;DECOUPER 21 HECTOR 2 ARDOISE GRIS COOL GREY 11C BERLINGOT;;00149611;13118220008707;23118220008704;;GENERALE DE DECOUPAGE
10650009;3118220008694;SANTUKO 16 HECTOR 2 GRIS PERLE M217431 BERLINGOT;;00113980;13118220008691;23118220008698;;GENERALE DE DECOUPAGE
10650015;3118220008854;OFFICE HECTOR REGLISSE BLACK 6C BERLINGOT;;00079254;13118220008851;23118220008858;;GENERALE DE DECOUPAGE
Comp0052;3118220008892;COFFRET BOIS VIDE  POUR 6 FOURCHETTE LAGUIOLE TRADITION;;00100274;13118220008899;23118220008896;;GUANGWEI HOUSEHOLD PRODUCTS LIMITED (EX DIAMOND TRACK)
Cons0049;3118220033528;PALETTE EXPEDITION DEMI LOURDE 80 X 120 CM EP1.8CM;;00179554;13118220033525;23118220033522;;EPALIA
10020042;3118220008984;CISEAU 22.5CM ACIDULE NOIR SUR CARTE;;00102627;13118220008981;23118220008988;;B.H.P INDUSTRIES.CO Ltd
10020043;3118220008991;CISEAU 22.5CM ACIDULE SUR CARTE COULEUR ASSORTIE;;00173656;13118220008998;23118220008995;;YANGJIANG YINHONG INDUSTRIES CO., LTD
10020050;3118220009066;EPLUCHEUR FIL Y ACIDULE SOUS BLISTER COULEUR ASSORTIE 2015;;00102627;13118220009063;23118220009060;;B.H.P INDUSTRIES.CO Ltd
10320003;3118220009134;LOT 6 STEAK 1/2 SOIE NOIR FAUX RIVETS SCOTCHE ROUGE FILM;;00103212;13118220009131;23118220009138;;YANGJIANG FUXIN TRADING CO LTD (LINKWAVES)
Cons0050;3118229000088;SACHET PLASTIQUE 350X60 5/100 REF CSP06;;00129665;13118229000085;23118229000082;;GENERALE DE DECOUPAGE
10010077;3606507296969;COFFRET 2 CERAMIQUE FINLANDEK C13+OFFICE LAME BLANCHE;;00083435;13606507296966;23606507296963;;DONGGUAN SURPASS STRUCTURE CERAMIC (EX SHENZHEN)
10010078;3606507297256;COFFRET 3  STEAK CERAMIQUE FINLANDEK LAME BLANCHE;;00083435;13606507297253;23606507297250;;DONGGUAN SURPASS STRUCTURE CERAMIC (EX SHENZHEN)
10010082;3606507297294;COFFRET 3 CERAMIQUE FINLANDEK STEAK+C15+EPL LAME BLANCHE;;00083435;13606507297291;23606507297298;;DONGGUAN SURPASS STRUCTURE CERAMIC (EX SHENZHEN)
10010083;3606507297249;COFFRET 3 CERAMIQUE FINLANDEK C13+OF+EPL LAME BLANCHE;;00092079;13606507297246;23606507297243;;DONGGUAN SURPASS STRUCTURE CERAMIC (EX SHENZHEN)
10010084;3606507298611;COFFRET 5 CERAMIQUE FINLANDEK OF+STEAK+C13+C15+EPL L BLANCHE;;00092079;13606507298618;23606507298615;;DONGGUAN SURPASS STRUCTURE CERAMIC (EX SHENZHEN)
30101074;3118220009462;M16 LAG ABS MARBRE GRIS;;00179321;13118220009469;23118220009466;;JIEYANG HONGXING STAINLESS STEEL PRODUCTS MANUFACTORY (HX)
300215;3118223002156;CT LAG TABLE METAL 10/10;;00137059;13118223002153;23118223002150;;GENERALE DE DECOUPAGE
40020002;3118220009516;COFFRET FOIE GRAS 4 PCES ACIDULE ROUGE;;00083431;13118220009513;23118220009510;;SCHNEIDER CONSUMER ASIA (ex ADMEA HOME TECH)
Comp0067;3118220033108;LYRE A FOIE GRAS ACIDULE ROUGE VRAC;;00083430;13118220033105;23118220033102;;SCHNEIDER CONSUMER ASIA (ex ADMEA HOME TECH)
10500003;3118220010000;FERMANT 10 CM ACIDULE LASURE BOIS EN COFFRET BI MAT;;00078063;13118220010007;23118220010004;;SCHNEIDER CONSUMER ASIA (ex ADMEA HOME TECH)
Cons0051;3118220033535;SACHET PLASTIQUE 230X360 4/100 POUR VPC;;00119831;13118220033532;23118220033539;;BBA EMBALLAGES
Comp0079;3118220033153;PELLE A FOIE GRAS ACIDULE ROUGE VRAC;;00083430;13118220033150;23118220033157;;SCHNEIDER CONSUMER ASIA (ex ADMEA HOME TECH)
Comp0500001;3118220033399;FERMANT LAG EVOLUTION BOIS NOIR LAME NOIRE 10CM VRAC;;00090608;13118220033396;23118220033393;;SCHNEIDER CONSUMER ASIA (ex ADMEA HOME TECH)
Comp0500002;3118220033405;FERMANT EXPRESSION BOIS NOIR VRAC;;00136327;13118220033402;23118220033409;;HONYEE INDUSTRY AND TRADING ENTERPRISE CO ( zhongli )
Comp0500004;3118220033429;LAG FERMANT SENS BOIS CLAIR VRAC;;00078061;13118220033426;23118220033423;;SCHNEIDER CONSUMER ASIA (ex ADMEA HOME TECH)
Comp0095;3118221099813;ETIQUETTE THERMIQUE DIRECTE 55MMX18MM 1FRONT MANDRIN7 109981;;00159896;;;;COLUMBIA FRANCE SARL
Comp0096;3118220011106;PRESENTOIR 1/4 PALETTE LOW COST;;00116069;13118220011103;23118220011100;;GENERALE DE DECOUPAGE
Comp0097;3118220011144;LIMITEUR ROND Ø26 POUR BROCHE SIMPLE REF PEG30-FR;;00085397;13118220011141;23118220011148;;FLEXICO GROUP ALL ROUND
10010131;3118220011366;COFFRET 2 CERAMIQUE 2 STEAK DENTE LAME BLANCHE;;00112492;13118220011363;23118220011360;;DONGGUAN SURPASS STRUCTURE CERAMIC (EX SHENZHEN)
10010133;3118220011380;COFFRET 2 CERAMIQUES C13+OFFICE LAME BLANCHE LISSE ET DENTE;;00100484;13118220011387;23118220011384;;DONGGUAN SURPASS STRUCTURE CERAMIC (EX SHENZHEN)
30020286;3118220011588;MAZAGRAN ACIDULE COULEUR ASSORTIE VRAC GENCOD;;00122107;13118220011585;23118220011582;;JIEYANG HONGXING STAINLESS STEEL PRODUCTS MANUFACTORY (HX)
10050022;3118220011632;OFFICE HERITAGE SENS LASURE BOIS CLAIR SUR CARTE PEGB;;00102872;13118220011639;23118220011636;;GUANGWEI HOUSEHOLD PRODUCTS LIMITED (EX DIAMOND TRACK)
10050023;3118220011649;STEAK HERITAGE SENS LASURE BOIS CLAIR SUR CARTE PEGB;;00102872;13118220011646;23118220011643;;GUANGWEI HOUSEHOLD PRODUCTS LIMITED (EX DIAMOND TRACK)
10050024;3118220011656;COTE BOEUF HERITAGE SENS LASURE BOIS CLAIR SUR CARTE PEGB;;00122106;13118220011653;23118220011650;;GUANGWEI HOUSEHOLD PRODUCTS LIMITED (EX DIAMOND TRACK)
10950001;3118220011663;COFFRET GUY SAVOY 6 COUTEAUX TABLE HOMME;;00134680;13118220011660;23118220011667;;GENERALE DE DECOUPAGE
10950002;3118220011670;COFFRET GUY SAVOY 6 COUTEAUX TABLE FEMME;;00108485;13118220011677;23118220011674;;GENERALE DE DECOUPAGE
10920001;3118220011687;COFFRET PRIVEE  6 COUTEAUX TABLE ACRYLIQUE BLANC;;00108485;13118220011684;23118220011681;;GENERALE DE DECOUPAGE
10920002;3118220011694;COFFRET PRIVEE  6 COUTEAUX TABLE ACRYLIQUE NOIR;;00108485;13118220011691;23118220011698;;GENERALE DE DECOUPAGE
10920003;3118220011700;COFFRET PRIVEE 7/24 FERMANT MANCHE CERAMIQUE BLANC;;00179918;13118220011707;23118220011704;;GENERALE DE DECOUPAGE
10920004;3118220011717;COFFRET PRIVEE 7/24 FERMANT MANCHE CERAMIQUE NOIR;;00179918;13118220011714;23118220011711;;GENERALE DE DECOUPAGE
20200005;3118220011878;CAFE KOS (TOSCANE) BRILLANT+GENCOD;;00156766;13118220011875;23118220011872;;JIEYANG CITY WANXIN HARDWARE PRODUCTS CO LTD (WX)
30540001;3118220011830;M16 ZEPHIR TAUPE 7639C POT PET;;00076888;13118220011837;23118220011834;;SCHNEIDER CONSUMER ASIA (ex ADMEA HOME TECH)
10010135;3118220012165;COFFRET 4 CERAMIQUE OF+ST+C13+EP GEOMIX LOSANGE LAME BLANCHE;;00083435;13118220012162;23118220012169;;DONGGUAN SURPASS STRUCTURE CERAMIC (EX SHENZHEN)
Cons0056;3118220033559;PLAQUE INTERCALAIRE CARTON 80 X 120 C10;;00178892;13118220033556;23118220033553;;CARTONNAGES DU VALDORE CELTA
Comp0119;3118220012523;BOITE VIDE M16 NELLE CHARTE ALINEA KOBE;;00098849;13118220012520;23118220012527;;JIEYANG CITY WANXIN HARDWARE PRODUCTS CO LTD (WX)
Comp0124;3118220012837;COFFRET CARTON NOIR VIDE +FOURREAU POUR 12 CX 255*330*19;;00080702;13118220012834;23118220012831;;GENERALE DE DECOUPAGE
30970002;3118220012899;M24 ECUME TRANSPARENT POT PET;;00127635;13118220012896;23118220012893;;JIEYANG HONGXING STAINLESS STEEL PRODUCTS MANUFACTORY (HX)
30970004;3118220012912;M24 ECUME TITANE BLUE 5405C POT PET;;00127635;13118220012919;23118220012916;;JIEYANG HONGXING STAINLESS STEEL PRODUCTS MANUFACTORY (HX)
Comp0740004;3118220012929;BROCHE SIMPLE FOND PERFORE 300 Ø6 AVEC P.E. DEPASSANT;;00111148;13118220012926;23118220012923;;GENERALE DE DECOUPAGE
Pres0046;3118220013117;AFFILAGE DE COUTEAUX;;00095422;;;;GENERALE DE DECOUPAGE
30170037;3118220013216;COUTEAU LAG DUO BLANC + GENCOD;;00176529;13118220013213;23118220013210;;JIEYANG HONGXING STAINLESS STEEL PRODUCTS MANUFACTORY (HX)
30170038;3118220013223;FOURCHETTE LAG DUO BLANC + GENCOD;;00163975;13118220013220;23118220013227;;JIEYANG HONGXING STAINLESS STEEL PRODUCTS MANUFACTORY (HX)
30170039;3118220013230;CUILLERE LAG DUO BLANC + GENCOD;;00163975;13118220013237;23118220013234;;JIEYANG HONGXING STAINLESS STEEL PRODUCTS MANUFACTORY (HX)
30170040;3118220013247;CAFE LAG DUO BLANC + GENCOD;;00176529;13118220013244;23118220013241;;JIEYANG HONGXING STAINLESS STEEL PRODUCTS MANUFACTORY (HX)
10020069;3118220013261;SECATEUR A VOLAILLE ACIDULE ROUGE CARTE PEGB;;00075781;13118220013268;23118220013265;;B.H.P INDUSTRIES.CO Ltd
10020074;3118220013315;SECATEUR A VOLAILLE ACIDULE COULEUR ASSORTIE CARTE PEGB;;00151748;13118220013312;23118220013319;;YANGJIANG YINHONG INDUSTRIES CO., LTD
Cons0061;3118220013636;CAISSE AME. GC20 370 X 310 X 530 REF CCA22;;00138323;13118220013633;23118220013630;;GENERALE DE DECOUPAGE
Cons0062;3118220033603;SAC DE 13 KG COLLE SWIFTHERM 7711 PTS;;00100923;13118220033600;23118220033607;;SAVOYE SA
10960007;3118220013773;COUTEAU AUGUSTE ABS BLANC CHANTILLY SOUS BERLINGOT;;00114797;13118220013770;23118220013777;;GENERALE DE DECOUPAGE
10960008;3118220013780;COUTEAU AUGUSTE ABS BLEU AUVERGNE SOUS BERLINGOT;;00124749;13118220013787;23118220013784;;GENERALE DE DECOUPAGE
10960009;3118220013797;COUTEAU AUGUSTE ABS GRIS POIVRE SOUS BERLINGOT;;00114797;13118220013794;23118220013791;;GENERALE DE DECOUPAGE
10960011;3118220013810;COUTEAU AUGUSTE ABS ROUGE GROSEILLE SOUS BERLINGOT;;00114797;13118220013817;23118220013814;;GENERALE DE DECOUPAGE
10960012;3118220013827;COUTEAU AUGUSTE ABS VERT PISTACHE SOUS BERLINGOT;;00114797;13118220013824;23118220013821;;GENERALE DE DECOUPAGE
Cons0063;3118220033610;1/2 CAISSE 440*300*110 BE20;;00180959;13118220033617;23118220033614;;VIALLON ET CIE
Cons0064;3118220033627;1/2 CAISSE 440*300*180 BE20;;00180959;13118220033624;23118220033621;;VIALLON ET CIE
Cons0065;3118220033634;1/2 CAISSE 440*300*250 BE20;;00180959;13118220033631;23118220033638;;VIALLON ET CIE
Cons0066;3118220033641;COUVERCLE 1/2 CAISSE VEC TEAR TAPE 448*308*50 C25R;;00180959;13118220033648;23118220033645;;VIALLON ET CIE
10010152;3601029888692;EPLUCHEUR CERAMIQUE SIPLEC10300667 LAME BLANCHE BLISTER PEGB;;00173653;23660444375426;23660444138892;;DONGGUAN SURPASS STRUCTURE CERAMIC (EX SHENZHEN)
10010153;3601029888715;OFFICE CERAMIQUE SIPLEC10300664 LAME BLANCHE BLISTER PEGB;;00173653;23660444375358;23660444139097;;DONGGUAN SURPASS STRUCTURE CERAMIC (EX SHENZHEN)
10010154;3601029888661;CUISINE CERAMIQUE SIPLEC10300663 LAME BLANCHE BLISTER PEGB;;00173653;23660444375341;23660444138861;;DONGGUAN SURPASS STRUCTURE CERAMIC (EX SHENZHEN)
10010155;3601029888654;CHEF 15 CERAMIQUE SIPLEC10300662 LAME BLANCHE BLISTER PEGB;;00173653;23660444375334;23660444138854;;DONGGUAN SURPASS STRUCTURE CERAMIC (EX SHENZHEN)
10320009;3601029888708;EPLUCHEUR ERGO SIPLEC10300670 COULEUR PANACHE +SLEEVE+GENCOD;;00078569;23660444375518;23660444138908;;GENERALE DE DECOUPAGE
10320010;3601029888739;OFFICE ERGO SIPLEC10571974 COULEUR PANACHE + SLEEVE+GENCOD;;00078569;23660444375419;23660444139233;;GENERALE DE DECOUPAGE
10430007;3601029888753;STEAK RECORD SIPLEC10300661 COULEUR PANACHE + SLEEVE+GENCOD;;00079494;23660444375327;23660444139257;;GENERALE DE DECOUPAGE
10340002;3601029888746;STEAK MANCHE BOIS SIPLEC10300660 COUL PANACHE+ SLEEVE+GENCOD;;00090268;23660444375297;23660444139240;;SCHNEIDER CONSUMER ASIA (ex ADMEA HOME TECH)
10340003;3601029888722;OFFICE BOIS SIPLEC10571975 COULEUR PANACHE+SLEEVE+GENCOD;;00090268;23660444375389;23660444139226;;SCHNEIDER CONSUMER ASIA (ex ADMEA HOME TECH)
10340004;3601029888685;EPLUCHEUR BOIS SIPLEC10571973 COULEUR PANACHE+SLEEVE+ GENCOD;;00090268;23660444375488;23660444138885;;SCHNEIDER CONSUMER ASIA (ex ADMEA HOME TECH)
10340005;3601029888678;EPLUCHEUR BOIS NATUREL SIPLEC10300668+SLEEVE+ GENCOD;;00090268;23660444375457;23660444138878;;SCHNEIDER CONSUMER ASIA (ex ADMEA HOME TECH)
11000001;3118220014114;CHEF SILICONE FOURREAU COUTEAU DU CHEF;;00077411;13118220014111;23118220014118;;GENERALE DE DECOUPAGE
11000002;3118220014121;CUISINE 19 SILICONE FOURREAU COUTEAU DU CHEF;;00077411;13118220014128;23118220014125;;GENERALE DE DECOUPAGE
11000003;3118220014138;SANTOKU 16 SILICONE FOURREAU COUTEAU DU CHEF;;00077411;13118220014135;23118220014132;;GENERALE DE DECOUPAGE
11000004;3118220014145;STEAK SILICONE COULEUR PANACHEE FOURREAU COUTEAU DU CHEF;;00077411;13118220014142;23118220014149;;GENERALE DE DECOUPAGE
11000005;3118220014152;OFFICE SILICONE GALET 429C FOURREAU COUTEAU DU CHEF;;00077411;13118220014159;23118220014156;;GENERALE DE DECOUPAGE
Cons0067;3118220014329;CAISSE 380*180*100 B-20 POUR 6 COFFRETS BI-MAT GM EVERCUT;;00117151;13118220014326;23118220014323;;GENERALE DE DECOUPAGE
Cons0069;3118220033665;BAC SILVERLINE 2772-600*400*270MM RAL7012 AVEC 2 GENCODS;;00121812;13118220033662;23118220033669;;BEKUPLAST GMBH
Comp0740007;3118220014688;PORTE VERRE INCLINE 1000 TIROIR DLRX;;00105937;13118220014685;23118220014682;;GENERALE DE DECOUPAGE
10430008;3118220014718;BLOC PIN 6 STEAK RECORD COUL PANACHEES;;00175166;13118220014715;23118220014712;;GENERALE DE DECOUPAGE
10960013;3118220015005;COUTEAU AUGUSTE PREMIUM POM NOIR CAVIAR L INOX MAT BERLINGOT;;00100786;13118220015002;23118220015009;;GENERALE DE DECOUPAGE
10960015;3118220015012;COUTEAU AUGUSTE PREMIUM POM BLANC SUCRE L INOX MAT BERLINGOT;;00135393;13118220015019;23118220015016;;GENERALE DE DECOUPAGE
Comp0144;3118221364706;CRAVATE 590MM 12 CLIPS MA0147 REF 136470;;00087679;13118221364703;23118221364700;;EML
Comp0145;3118220015128;CROCHET S POUR CRAVATE REF MA0055;;00087679;13118220015125;23118220015122;;EML
Comp0146;3118220015135;CAISSE C20 900*150*120MM POUR 1 CRAVATE;;00116264;13118220015132;23118220015139;;GENERALE DE DECOUPAGE
20890005;3118220015142;M24 ECORCE BOITE TB COLLECTION;;00179392;13118220015149;23118220015146;;NOSKI
10340007;3118220015456;COUTEAU GRILL MANCHE BOIS AVEC LACET+ GENCOD;;00113628;13118220015453;23118220015450;;JIT GLOBAL LOGISTICS SUPPLY CHAIN CO. LIMITED-EX SMART IRON
30363694;3118220015470;M16 TROQUET NOIR POT PET TB COLLECTION;;00155571;13118220015477;23118220015474;;JIEYANG HONGXING STAINLESS STEEL PRODUCTS MANUFACTORY (HX)
30363695;3118220015487;M16 TROQUET IVOIRE POT PET;;00116186;13118220015484;23118220015481;;JIEYANG HONGXING STAINLESS STEEL PRODUCTS MANUFACTORY (HX)
Comp0151;3118220020085;PLAQUE POLYSTYRENE MIROIR ARGENT DOS BLANC 650*1300*1MM;;00116048;13118220020082;23118220020089;;AOT
Acce0010;3118220015555;GUILLOTINE A SAUCISSON PIN 28.2*15*12;;00116544;13118220015552;23118220015559;;YANGJIANG SHI BA ZI KITCHEN WARE MANUFACTURING CO.,LTD
Comp0152;3118220015562;BLOC NOIR VIDE POUR FURTIF NOIR H220MM;;00147339;13118220015569;23118220015566;;GENERALE DE DECOUPAGE
Comp0154;3118220015708;CROCHET TROU EUROPEEN ADHESIF 50*50MM;;00123585;13118220015705;23118220015702;;SPRINTIS .FR
10100004;3118220015760;SET 6 PIECES BARBECUE LAGUIOLE MARBRE GRIS;;00083965;13118220015767;23118220015764;;SCHNEIDER CONSUMER ASIA (ex ADMEA HOME TECH)
31040002;3118220015517;M16 DROP BLEU GRANIT 5405C EN BOITE LISA;;00116638;13118220015514;23118220015511;;JIEYANG HONGXING STAINLESS STEEL PRODUCTS MANUFACTORY (HX)
31040004;3118220015531;M16 DROP BLANC PUR EN BOITE TB COLLECTION;;00105989;13118220015538;23118220015535;;JIEYANG HONGXING STAINLESS STEEL PRODUCTS MANUFACTORY (HX)
11060001;3118220015920;MARAUDEUR PARACORD 550 NOIR SERRATION + ETUI KIDEX EN BOITE;;00168256;13118220015927;23118220015924;;GENERALE DE DECOUPAGE
11060002;3118220015937;PROTECTEUR NOIR AVEC ETUI KYDEX EN BOITE TECHNIQUE;;00180873;13118220015934;23118220015931;;GENERALE DE DECOUPAGE
Kit0400001;3118220015999;ENSEMBLE 5 COUTEAUX ABSOLU ABS;;00078806;13118220015996;23118220015993;;GENERALE DE DECOUPAGE
Comp0163;3118220016088;ETUI KYDEX MARAUDEUR SANS ATTACHE MOLLE SOUS SLEEVE;;00108655;13118220016085;23118220016082;;GENERALE DE DECOUPAGE
30140045;3614613272241;M24 CANDIES ANTHRACITE 446C PANIER CARREFOUR;;00115650;13614613272248;23614613272245;;JIEYANG HONGXING STAINLESS STEEL PRODUCTS MANUFACTORY (HX)
30140046;3614613272227;M24 CANDIES BLEUE ACIER 5405C PANIER CARREFOUR;;00115650;13614613272224;23614613272221;;JIEYANG HONGXING STAINLESS STEEL PRODUCTS MANUFACTORY (HX)
30140048;3614613272258;M24 CANDIES TAUPE 7531C PANIER CARREFOUR;;00115650;13614613272255;23614613272252;;JIEYANG HONGXING STAINLESS STEEL PRODUCTS MANUFACTORY (HX)
30140049;3614613272265;M24 CANDIES TURQUOISE 7467C PANIER CARREFOUR;;00076660;13614613272262;23614613272269;;SCHNEIDER CONSUMER ASIA (ex ADMEA HOME TECH)
30970011;3614613272357;M24 ECUME TITANE BLUE 5405C POT PET CARREFOUR;;00077062;13614613272354;23614613272351;;SCHNEIDER CONSUMER ASIA (ex ADMEA HOME TECH)
30970012;3614613272364;M24 ECUME TRANSPARENT POT PET CARREFOUR;;00077062;13614613272361;23614613272368;;SCHNEIDER CONSUMER ASIA (ex ADMEA HOME TECH)
20200006;3614613272517;M16 KOS SATINE (TOSCANE) BOITE CARREFOUR;;00076350;13614613272514;23614613272511;;SCHNEIDER CONSUMER ASIA (ex ADMEA HOME TECH)
31080001;3118220016767;COUTEAU INEDIT PIXEL AVEC GENCOD;;00078258;13118220016764;23118220016761;;SCHNEIDER CONSUMER ASIA (ex ADMEA HOME TECH)
31080002;3118220016774;FOURCHETTE INEDIT PIXEL  AVEC GENCOD;;00078258;13118220016771;23118220016778;;SCHNEIDER CONSUMER ASIA (ex ADMEA HOME TECH)
31080003;3118220016781;CUILLERE INEDIT PIXEL AVEC GENCOD;;00078258;13118220016788;23118220016785;;SCHNEIDER CONSUMER ASIA (ex ADMEA HOME TECH)
31080004;3118220016798;CAFE INEDIT PIXEL AVEC GENCOD;;00078258;13118220016795;23118220016792;;SCHNEIDER CONSUMER ASIA (ex ADMEA HOME TECH)
30101077;3118220016729;M24 PLATE LAG ANTHRACITE;;00156709;13118220016726;23118220016723;;JIEYANG HONGXING STAINLESS STEEL PRODUCTS MANUFACTORY (HX)
30101078;3118220016736;M24 PLATE LAGUIOLE ABS TAUPE;;00159965;13118220016733;23118220016730;;JIEYANG HONGXING STAINLESS STEEL PRODUCTS MANUFACTORY (HX)
30101079;3118220016743;M24 LAGUIOLE ABS ROUGE;;00169477;13118220016740;23118220016747;;JIEYANG HONGXING STAINLESS STEEL PRODUCTS MANUFACTORY (HX)
30101080;3118220016750;M24 LAGUIOLE HERITAGE BLANC EN COFFRET+BANDEAU;;00169477;13118220016757;23118220016754;;JIEYANG HONGXING STAINLESS STEEL PRODUCTS MANUFACTORY (HX)
20110006;3118220016804;COUTEAU LAGUIOLE HERITAGE SUR CARTE PEGB GENCOD;;00103341;13118220016801;23118220016808;;NEW SE SHIN CO LTD (EX SEORIM)
20110007;3118220016811;FOURCHETTE LAGUIOLE HERITAGE SUR CARTE PEGB GENCOD;;00103341;13118220016818;23118220016815;;NEW SE SHIN CO LTD (EX SEORIM)
20110008;3118220016828;CUILLERE LAGUIOLE HERITAGE SUR CARTE PEGB GENCOD;;00103341;13118220016825;23118220016822;;NEW SE SHIN CO LTD (EX SEORIM)
20110009;3118220016835;CAFE LAGUIOLE HERITAGE SUR CARTE PEGB GENCOD;;00103341;13118220016832;23118220016839;;NEW SE SHIN CO LTD (EX SEORIM)
Cons0077;3118220033719;FILM ETIRABLE 500MM POUR MACHINE bobine 16KG mandrin 1.5kg;;00166812;13118220033716;23118220033713;;PLAST'EMBAL
30170021;3118220004900;FOURCHETTE LAG DUO ROSE 226C+ GENCOD;;;13118220004907;23118220004904;;
30540002;3118220016163;M16 ZEPHIR WIND SHINE WARM GREY 1C 185 POT PET;;;13118220016160;23118220016167;;
10500038;3118220057364;COUTEAU DE POCHE SURICATE BOIS TERRACOTTA  MIF SS BLISTER TB;;;13118220057361;23118220057368;;
448380;3118224483800;EPLUCHEUR TOMATE TRANSITION SACHET+GENCOD;;;13118224483807;23118224483804;;
447235;3118224472354;CHEF 21CM URBAN BOITE GRISE;;;13118224472351;23118224472358;;
21160008;3118220027237;CUILLERE IMPERIAL;;;13118220027234;23118220027231;;
10170003;3118220048584;COFFRET BOIS 6 STEAK LAGUIOLE DUO ORANGE 171C;;;13118220048581;23118220048588;;
428100;3118224281000;COUTEAU BACCARAT JAUNE+GENCOD;;;;;;
306000;3118223060002;COUTEAU TABLE SOHO;;;13118223060009;23118223060006;;
136220;3118221362207;COFFRET M16 ACIDULE BEE ABS VIDE;;;13118221362211;23118221362218;;
136062;3118221360623;BOITE VIDE M16 LISA ALBAN COLLECTION INOX;;;13118221360620;23118221360627;;
10020004;3118220001596;COFFRET COTE DE BOEUF 4 EMINCEURS ACIDULE ROUGE 185C SPCB12;;;13118220001593;23118220001590;;
31220002;3118220023680;M16 PANAME ROUGE TERRACOTA 7427C BOITE TB COLLECTION;;;13118220023687;23118220023684;;
448751;3118224487518;CUILLERE EVOLUTION CUIR TANGERINE 166C+GENCOD;;;13118224487515;23118224487512;;
Kit0113;3118220014930;KIT DISPLAY 140CERAMIQUE METALLISE ARGENT BRONZE 1/4 PALETTE;;;13118220014937;23118220014934;;
448960;3118224489604;STEAK ALLIANCE SOUS BERLINGOT;;;13118224489601;23118224489608;;
30101093;3118223007304;COUPERET LAG FROMAGE ABS GRIS ML	300730;;;13118223007301;23118223007308;;
30020275;3118220009950;COUTEAU ACIDULE BEE NOIR CARBONE LAME LISSE +GENCOD;;;13118220009957;23118220009954;;
Comp0500011;3118223040004;ETUI SUEDINE PLUSIEURS COULEURS;;;13118223040001;23118223040008;;
Comp0740039;3118220020627;BLOC VRAC/MENAGERES 2X2;;;13118220020624;23118220020621;;
Emba0011;3118220008441;COFFRET BI MATIERE ROUGE 185C VIDE POUR 6 CAFES ACIDULE;;;13118220008448;23118220008445;;
421000;3257981026971;CUISINE 17CM BOIS BACK/ FRX CORA;;;13257981026978;23257981026975;;
31020006;3614613272395;M16 NUANCE OPALE VERT BOITE CARREFOUR;;;13614613272392;23614613272399;;
Kit0101;3118220013407;KIT PLV LINEAIRE 318 EXPRESSION LAG EVOLUTION HYPER;;;13118220013404;23118220013401;;
Comp0228;3118220022027;COFFRET BI MAT VIDE FOURCHETTE MAESTRO;;;13118220022024;23118220022021;;
432641;3254564484173;M16 PYRAMIDE TRANSLUCIDE AUCHAN;;;;;;
446423;3118224464236;COUTEAU ESCAPADE PRUNE +GENCOD;;;13118224464233;23118224464230;;
316023;3118223160238;UNIVERSEL LAME LISSE 13 ACIDULE BEE MANCHE ROUGE LAME INOX;;;13118223160235;23118223160232;;
10020024;3118220003712;POCHE ACIDULE ROUGE 185C LAME TITANE BOITE NEUTRE;;;13118220003719;23118220003716;;
21520057;3118220050143;FOURCHETTE DESSERT LAGUIOLE INTUITION SATINE + GENCOD;;;13118220050140;23118220050147;;
448762;3118224487624;CAFE EVOLUTION CUIR MARRON GLACE 438C+GENCOD;;;13118224487621;23118224487628;;
444120;3118224441206;4 COUTEAUX ACIDULE BEE TURQUOISE 3135C EN BTE PEGBORDABLE;;;13118224441203;23118224441200;;
Cons0059;3118220033580;KIT BOX PALETTE MODELE GALIA C1C 1500*1000*1000;;;13118220033587;23118220033584;;
50020014;3118220004078;VERRE GM 36 ACIDULE NOIR CARBONE;;;13118220004075;23118220004072;;
30686871;3061006449436;STEAK POINTU INEDIT UNION JACK+GENCOD EURODIF;;;13061006449433;23061006449430;;
10960072;3118220019034;COFFRET BI MAT 6 COUT AUGUSTE NATUREL CHENE VERT L INOX MAT;;;13118220019031;23118220019038;;
31260025;3118220042100;M24 COTTAGE IVOIRE BOITE TB COLLECTION SUP COOL GREY;;;13118220042107;23118220042104;;
136590;3118221365901;BOITE VIDE POUR BLOC MAGNETIQUE 5CX JAPONAIS X46CR13 REF4452;;;;;;
32070011;3616957761832;CUILLERE OPEN DECOR FLORAL CARREFOUR HOME;;;03616955895478;03616954320544;;
Kit0068;3118220006270;DISPLAY 152 CERAMIQUE UNION JACK-USA 1/4 PALETTE 60*40 LC;;;13118220006277;23118220006274;;
Comp0750017;3118220029026;PRESENTOIR 1/4 PALETTE LOW COST PLUS CASIER VRAC;;;13118220029023;23118220029020;;
10020011;3118220002005;UNIVERSEL LISSE13 ACIDULE ROUGE 185C FX T2 COUT CHEF SUISSE;;;13118220002002;23118220002009;;
10050002;3118220004528;FROMAGE EVOLUTION SENS LASURE FONCE +GENCOD;;;13118220004525;23118220004522;;
446781;3118224467817;DESOSSER 15CM FORGE BOIS BACKELISE NOIR BOITE GRISE;;;13118224467814;23118224467811;;
436270;3118224362709;CUISINE 19 TRANSITION FX COUTEAU DU CHEF;;;13118224362706;23118224362703;;
430277;3118224302774;6 STEAKS FUSHIA BLOC INCLINE LOT 1OF 1 EPLU ERGO BLEU;;;13118224302771;23118224302778;;
310006;3118223100067;EPLUCHEUR BOIS BAK.VERT RIVET;;;;;;
429191;3118224291917;M24 VERSO BTE LISA;;;13118224291914;23118224291911;;
444790;3118224447901;6 COUTEAUX  6 FOURCHETTES BARBECUE NOIR;;;13118224447908;23118224447905;;
20110020;3118220028968;M16 LAGUIOLE HERITAGE FINITION SABLEE EN BOITE LAGUIOLE;;;13118220028965;23118220028962;;
Comp0740011;3118220021501;ENSEMBLE VISUEL MAGNET ET PASTILLE CRF L133 STA0267;;;13118220021508;23118220021505;;
10100005;3118220019232;COUTEAU FROMAGE LAG GRIS COFFRET BOIS;;;13118220019239;23118220019236;;
440891;3118224408919;SANTUKO EXPRESSION POM LAG EVOLUTION BOITE KRAFT;;;13118224408916;23118224408913;;
449060;3118224490600;ECUMOIRE PENDERIE ACIDULE COUL ASS SUR CARTE;;;13118224490607;23118224490604;;
446442;3118224464427;CUILLERE ESCAPADE GRENAT +GENCOD;;;13118224464424;23118224464421;;
10590008;3118220020603;CAC ENTRAINEMENT LAME FIXE MANCHE PA6 COYOTE EN SACHET PLAST;;;13118220020600;23118220020607;;
40050008;3118220025196;EPLUCHEUR SENS MANCHE OLIVIER SACHET + GENCOD;;;13118220025193;23118220025190;;
301610;3118223016108;CUILLERE CAFE ROMANE;;;13118223016105;23118223016102;;
301580;3118223015804;COUTEAU TABLE ROMANE;;;13118223015801;23118223015808;;
31020002;3118220015166;M16 NUANCE BLANC IVOIRE BOITE LISA;;;13118220015163;23118220015160;;
21290010;3118220028463;FOURCHETTE MAZARIN MANCHE NOIR TETE INOX BROSSE + GENCOD;;;13118220028460;23118220028467;;
30656606;3118220034303;TUBO 6 STEAK HECTOR ARDOISE;;;13118220034300;23118220034307;;
446441;3118224464410;CUILLERE ESCAPADE FRAMBOISE +GENCOD;;;13118224464417;23118224464414;;
10960085;3118220023765;TUBO NOIR 6 COUTEAUX AUGUSTE ABS NOIR;;;13118220023762;23118220023769;;
Cons0006;3118220008243;COFFRET CARTON VIDE POUR 6 STEAKS SENS LASURE;;;;;;
10010041;3118220004726;COFFRET 1 CHEF 15 CERAMIQUE MANCHE UNION JACK LAME BLANCHE;;;13118220004723;23118220004720;;
21160020;3118220046894;FOURCHETTE POISSON IMPERIAL + GENCOD;;;13118220046891;23118220046898;;
142818;3118221428187;ENSEMBLE EVERCUT ENVELOPPE-NOTICE-GARANTIE VERSION ALLEMAND/;;;13118221428184;23118221428181;;
439230;3118224392300;PAIN BOIS ELAN FX COUTEAU DU CHEF;;;13118224392307;23118224392304;;
10790002;3118220014978;BLOC PLOMB 6 COUTEAUX BOLERO METALLISE ARGENT;;;13118220014975;23118220014972;;
40020016;3118220023895;CURETTE A HOMARD ACIDULE NOIR VRAC + GENCOD;;;13118220023892;23118220023899;;
427570;3118224275702;FTTE LAG METAL 15/10+GENCOD;;;13118224275709;23118224275706;;
302050;3118223020501;CUILL CAFE BACCARAT BLEU ROI;;;;;;
446953;3010005675391;CUILLERE TROQUET GRIS ANTHRACITE GENCOD EURODIF;;;13010005675398;23010005675395;;
30050023;3118220010529;COUTEAU STEAK SENS VIOLET 2597C VRAC;;;13118220010526;23118220010523;;
40010009;3118220010277;ROULETTE PIZZA CERAMIQUE BLANCHE MANCHE ROUGE SOUS BLISTER;;;13118220010274;23118220010271;;
418880;3118224188804;CHEF 19 FORGE BOIS BACK/FRX;;;13118224188801;23118224188808;;
30020277;3118220010888;FOURCHETTE ACIDULE BEE ORANGE 1655C +GENCOD;;;13118220010885;23118220010882;;
445940;3118224459409;CHEF 20 LAME TITANE MANCHE GRIS 444C-NOIR 426C EN BTE;;;13118224459406;23118224459403;;
314682;3118223146829;CUILLERE ACIDULE BEE ROUGE 185C  VRAC;;;13118223146826;23118223146823;;
445440;3118224454404;CUISINE MEMORY FX COUTEAU DU CHEF EXPORT T3;;;13118224454401;23118224454408;;
Comp1240002;3118220031975;ETIQUETTE THERMIQUE DIRECTE 55MMX17MM COCARDE MANDRIN;;;13118220031972;23118220031979;;
10020096;3118220018525;STEAK ACIDULE COULEUR PANACHE SUR CARTE PEGB +GENCOD;;;13118220018522;23118220018529;;
30020263;3118223146812;FOURCHETTE ACIDULE BEE ROUGE 185C  VRAC;;;13118223146819;23118223146816;;
40010010;3118220010369;ROULETTE PIZZA CERAMIQUE BLANCHE METALLISE ARGENT BLIST PEG;;;13118220010366;23118220010363;;
137660;3118221376600;VISUEL+STICKER COUTEAUX L130 CASINO;;;;;;
436041;3118224360415;GRILLADIN SEDUCTION BERLINGOT;;;13118224360412;23118224360419;;
304980;3118223049809;COUTEAU POISSON VIEUX PARIS SAT.;;;;;;
439870;3118224398708;TRANCHER 22CM LAG EXPRESSION POM FX COUTEAU DU CHEF T4;;;13118224398705;23118224398702;;
417681;3118224176818;COFF LAG 11 CM METAL + ETUI CUIR;;;13118224176815;23118224176812;;
Cons0024;3118226031344;1KG BATON 190MM DIAM12MM COLLE PRO-B BLANCHE;;;;;;
603031;3118226030316;GRILLE DOUBLE CADRE 2000*600*6;;;13118226030313;23118226030310;;
137390;3118221373906;INSERT OB INTB100L 10*16*23LAITON POUR DISPLAY PALETTE 80*12;;;;;;
21350006;3118220028166;CAFE CAP FERRET FINITION SABLEE 18/0 CARTE PEGBORDABLE;;;13118220028163;23118220028160;;
428050;3118224280508;CAFE ISLANDE+GENCOD;;;13118224280505;23118224280502;;
Kit0021;3118220002777;PALETTE C OP SYST U EXPRESSION;;;13118220002774;23118220002771;;
446415;3118224464151;DISPLAY 120 PCES ACIDULE COULEUR ASSORTIE OF-COUT;;;13118224464158;23118224464155;;
40020035;3118220025837;PINCEAU SILICONE ACIDULE COLLECTION COULEUR 2.9 + GENCOD;;;13118220025834;23118220025831;;
448201;3118224482018;CUISINE 17 LAG LASURE MANCHE BOIS BLANCHI SOU FX TB T3;;;13118224482015;23118224482012;;
30650026;3118220006874;CAFE HECTOR KAKI Z 7771C VRAC GENCOD;;;13118220006871;23118220006878;;
20020005;3118220020887;CUILLERE CAFE LAGUIOLE INTUITION METAL + GENCOD;;;13118220020884;23118220020881;;
31050021;3118220023413;CAFE FURTIF TERRE DE SIENNE 7631C VRAC + GENCOD;;;13118220023410;23118220023417;;
10650018;3118220028074;6 STEAKS HECTOR PERLE (GRIS CLAIR) M217431 EN BOITE VPC;;;13118220028071;23118220028078;;
10424299;3118220012295;MAESTRO TB N°10 PAIN 21CM BERLINGOT;;;13118220012292;23118220012299;;
310400;3118223104003;CUIL. KOS (TOSCANE) SATINE VRAC CHARME;;;13118223104000;23118223104007;;
Kit0100;3118220013339;KIT DISPLAY 160 CERAMIQUE METALLISE MANCHE TIE 1/4PALETTE LC;;;;;;
30020249;3118220006607;MAZAGRAN ACIDULE BLANC VRAC GENCOD;;;13118220006604;23118220006601;;
448710;3118224487105;STEAK MANCHE ORANGE P1665C LAME MOTIF ARTICHAUD SOUS BERLING;;;13118224487102;23118224487109;;
10020031;3010006077897;COFFRET HUITRE ACIDULE NOIR CARBONE EURODIF;;;13010006077894;23010006077891;;
441581;3118224415818;FOURCHETTE A SERVIR TETE POLYAMIDE EXPRESSION /CARTE;;;13118224415815;23118224415812;;
313347;3118223133478;CUILLERE AMANDE NOIR VRAC;;;13118223133475;23118223133472;;
30020230;3118220007796;FOURCHETTE ESCARGOT ACIDULE ROSE 226C VRAC;;;;;;
442153;3118224421536;LOT DE 3 CALOTTES 20.5CM ARDOISE MAT;;;13118224421533;23118224421530;;
448551;3118224485514;CAFE BASTILLE EMERAUDE 326C+GENCOD;;;13118224485511;23118224485518;;
446447;3118224464472;CUILLERE ESCAPADE CAFE AU LAIT +GENCOD;;;13118224464479;23118224464476;;
445390;3118224453902;PIERRE A AIGUISER BLANCHE CORINDON 198*52*66MM SOUS BLISTER;;;13118224453909;23118224453906;;
Comp0750121;3118220047068;ETAGERE  DISPLAY GM OPE LAGUIOLE HERITAGE 2023;;;13118220047065;23118220047062;;
446552;3118224465523;CUILLERE POIS INEDIT GRIS TAUPE WARM GRAY 9;;;13118224465520;23118224465527;;
10010079;3606507297270;COFFRET 3 CERAMIQUE FINLANDEK OF+STEAK+C13 LAME BLANCHE;;;13606507297277;23606507297274;;
Comp0087;3118220010611;COFFRET BI MAT VIDE SLICER 21 MAESTRO EVERCUT+ETUI+STICKER;;;13118220010618;23118220010615;;
430547;3118224305478;CUIL. AMANDE NOIRE+GENCOD;;;13118224305475;23118224305472;;
411580;3118224115800;FETTE BULLE TRANSP+GENCOD;;;13118224115807;23118224115804;;
10100021;3118220047921;6 STEAK LAG HERITAGE TRADITION ABS COUL PANACHE BOITE CADEAU;;;13118220047928;23118220047925;;
301660;3118223016603;COUTEAU TABLE MC GREGOR VERT;;;;;;
142815;3118221428156;ENSEMBLE EVERCUT ENVELOPPE-NOTICE-GARANTIE VERSION HEBREUX/R;;;13118221428153;23118221428150;;
Div0850012;3118220056589;CASQUETTE FILET  NOIR  TB OUTDOOR;;;13118220056586;23118220056583;;
21450012;3118220031722;CAFE RIVAGE BOITE 12;;;13118220031729;23118220031726;;
31100019;3118220017382;CUILLERE CALICOT SCANDINAVE ROUGE 483C  VRAC GENCOD;;;13118220017389;23118220017386;;
Kit0012;3118220001923;KIT OP DISPLAY VITRINE SYST U MISE DE BASE C;;;;;;
Kit0750037;3118220040069;PALETTE PEM OP FIDELITE TOP CHEF 2022;;;13118220040066;23118220040063;;
440130;3254565367321;CUISINE 17 ELAN FX AUCHAN;;;13254565367328;23254565367325;;
439705;5414663285691;M24 TROQUET MARINE WINNY POT PET;;;15414663285698;25414663285695;;
Kit0023;3118220002791;KIT PLV LINEAIRE COUTEAU SYSTEME U L133;;;;;;
Kit0750036;3118220040052;PALETTE VAISSELLE-COUVERTS OP FIDELITE TOP CHEF 2022;;;13118220040059;23118220040056;;
446597;3118224465974;CUILLERE MANGO PRUNE 7650C;;;13118224465971;23118224465978;;
10424298;3118220012288;MAESTRO TB N°5 DESOSSER 14CM BERLINGOT;;;13118220012285;23118220012282;;
10120154;3118220035775;DESOSSER 15CM FORGE TB PROFESSIONNEL EN PACK ECOLOGIQUE;;;13118220035772;23118220035779;;
10640006;3367305228155;STEAK 10 BI-MAT FX PRADEL HERITAGE 522815;;;13367305228152;23367305228159;;
31020034;3118220034051;CUILLERE NUANCE OPALE VERT VRAC + GENCOD;;;13118220034058;23118220034055;;
424510;3118224245101;COUTEAU TABLE TOSCANE CHARME (KOS) BRILLANT;;;;;;
30970025;3118220016378;CAFE ECUME TRANSPARENT VRAC GENCOD;;;13118220016375;23118220016372;;
30140028;3118220007031;CUILLERE MANGO TAUPE 7531C VRAC;;;13118220007038;23118220007035;;
447282;3118224472828;EMINCEUR ABSOLU ABS FX TB;;;13118224472825;23118224472822;;
Cons0088;3118220033825;BAC BASICLINE 400*300*70 GRIS 0741/000314-401001;;;13118220033822;23118220033829;;
Cons0052;3118220033542;PALETTE EXPEDITION DEMI LOURDE 120 X 100 CM EP1.8CM;;;13118220033549;23118220033546;;
443800;3118224438008;COFFRET BI MAT DE 6 STEAKS FORGE OLIVIER TB;;;13118224438005;23118224438002;;
124288;3118221242882;VISUEL 130*3.5CM LES USTENSILES LAG EVOLUTION;;;;;;
444662;3118224446621;M16 ACIDULE BEE BLEU TURQUOISE 3135C;;;13118224446628;23118224446625;;
Kit0130;3118220016187;DISPLAY CARTON 33 CERAMIQUE  LAME BLANC/ NOIRE;;;13118220016184;23118220016181;;
Kit0700001;3118220015982;ENSEMBLE 3 COFFRETS EVERCUT ORIGINE;;;13118220015989;23118220015986;;
21520054;3118220050105;TARTINEUR LAGUIOLE INTUITION BRILLANT + GENCOD;;;13118220050102;23118220050109;;
31100021;3118220017405;COUTEAU CALICOT GEOMETRIX SQUARE VRAC GENCOD;;;13118220017402;23118220017409;;
438133;3118224381335;CAFE INFINITY ROSE +GENCOD;;;13118224381332;23118224381339;;
Div0860025;3118220039599;ECO PARTICIPATION DEEE BLENDER 1L5;;;13118220039596;23118220039593;;
446410;3118224464106;DISPLAY 144 PCES ACIDULE  BEE EPL-OF-BEUR 6 COUL;;;13118224464103;23118224464100;;
439560;3118224395608;M24 CLASSICO GRIS;;;13118224395605;23118224395602;;
10460002;3118220015265;2 OFFICES PRADEL SUR SKIN LCDC;;;13118220015262;23118220015269;;
439290;3118224392904;M16 ALIZE CHARME;;;13118224392901;23118224392908;;
30650023;3118220006843;COUTEAU HECTOR KAKI Z 7771C VRAC GENCOD;;;13118220006840;23118220006847;;
446920;3118224469200;FOURCHETTE FORGE BOIS BACKELISE NOIR SUR CARTE;;;13118224469207;23118224469204;;
431390;3118224313909;CAFE ZEPHIR BLEU+GENCOD;;;13118224313906;23118224313903;;
434780;3222473119028;STEAK STICK PP FX CASINO;;;13222473119025;23222473119022;;
31100035;3118220018396;M16 CALICOT SCANDINAVE ROUGE 483C BOITE DECO;;;13118220018393;23118220018390;;
40010012;3118220013032;ROULETTE PIZZA MANGO CERAMIQUE BLANCHE BLISTER PEG;;;13118220013039;23118220013036;;
Comp0022;3118220005808;DISPLAY PALETTE CERAMIQUE 80*120 48 BROCHES;;;;;;
421010;3257981027008;PAIN 20CM BOIS BACK/ FRX CORA;;;13257981027005;23257981027002;;
10010062;3118220006379;COFFRET 4 CERAMIQUE BLANCHE OF+STEAK+C13+EPL MANCHE ITALIE;;;13118220006376;23118220006373;;
440620;3118224406205;COMPACT BIVOUAC 9PCES+SACHET;;;13118224406202;23118224406209;;
446240;3118224462409;DISPLAY STEAK EXPRESSION-HERITAGE-HECTOR ARGILE+6CX HERITAGE;;;13118224462406;23118224462403;;
10650010;3118220008748;OFFICE HECTOR NOIR REGLISSE SOUS FOURREAU COUTEAU DU CHEF;;;13118220008745;23118220008742;;
Kit0099;3118220012868;DISPLAY BOX PROMO 36 CERAMIQUE LAME BLANCHE FINLANDEK;;;;23118220012862;;
136040;3118221360401;BOITE VIDE GRISE 1 PCE PM LAG EXPRESSION 290*70*23MM;;;13118221360408;23118221360405;;
428760;3118224287606;M16 VERSO SATINE BOITE LISA;;;13118224287603;23118224287600;;
446482;3118224464823;UNIVERSEL 15CM JAPONAIS TB FX TB T2;;;13118224464820;23118224464827;;
10020121;3118220029781;Z BLOC MAGNETIQUE 3 CUISINE ACIDULES ROUGE 185C;;;13118220029788;23118220029785;;
10424303;3118220012431;MAESTRO TB N°5 DESOSSER 14CM FOURREAU TB;;;13118220012438;23118220012435;;
71590045;3118220044852;LOT DE 3 POELES 20-24-28CM  TOP CHEF ALUMINIUM FORGE;;;13118220044859;23118220044856;;
Comp0070002;3118220039650;BOITE ECOLO PM STEAK 12CM TB COLLECTION FURTIF METAL;;;13118220039657;23118220039654;;
10120126;3118220032149;OFFICE 9CM FORGE BOIS NOYER MADE IN FRANCE PACK ECOLOGIQUE;;;13118220032146;23118220032143;;
444910;3118224449103;M16 ZEPHIR TURQUOISE POT PET;;;13118224449100;23118224449107;;
10010065;3118220007512;COFFRET 2 CX CERAMIQUE 125MM ET 75MM LAME NOIRE PAS MARQ;;;13118220007519;23118220007516;;
30170001;3118220001640;M24 DUO GRIS COOL GREY 7C EN PANIER FIL ACIER;;;13118220001647;23118220001644;;
313083;3118223130835;FOURCHETTE BOLERO GRIS FONCE VRAC;;;;;;
302043;3118223020433;CUILL TABLE BACCARAT NOIR;;;;;;
444010;3118224440100;LOT 4 COUVERTS EN BTE INEDITS PEGBORDABLE UNION JACK;;;13118224440107;23118224440104;;
Comp0110009;3118220038530;BOITE GM LAGUIOLE HERITAGE TRANCHE LARD 16CM;;;13118220038537;23118220038534;;
30020253;3118220007314;M26 ACIDULE BEE ROUGE 185C COFFRET BI MAT;;;13118220007311;23118220007318;;
30050021;3118220010505;COUTEAU STEAK SENS TURQUOISE 3155C VRAC;;;13118220010502;23118220010509;;
430523;3118224305232;COUTEAU AMANDE PRUNE+GENCOD;;;;;;
Acce0590011;3118220029040;SACOCHE CUIR TOP CHEF POUR 5 COUTEAUX;;;13118220029047;23118220029044;;
437960;3118224379608;Z MARAICHER GRAPHIC +BTE REDOUTE;;;13118224379605;23118224379602;;
10070028;3118220044104;BLOC TOP CHEF GAGNANT LAME INOX ET BLOC PERDANT LAME ORANGE;;;13118220044101;23118220044108;;
439590;3118224395905;6 CX LAG MULTICOLOR CLAIR EN BOITE VPC;;;13118224395902;23118224395909;;
51740009;3118220044876;SET DE 6 MUGS PORCELAINE BLANC TOP CHEF;;;13118220044873;23118220044870;;
436953;3118224369531;CAFE LAG GRIS NACRE+GENCOD;;;13118224369538;23118224369535;;
316002;3118223160023;CHEF 19 ACIDULE BEE MANCHE NOIR CARBONE LAME INOX;;;13118223160020;23118223160027;;
10600005;3118220026261;BLOC BOIS INCLINE 13 PCES COUTELLERIE PLEINE SOIE + RIVET;;;13118220026268;23118220026265;;
10960098;3118220055971;COFFRET BOIS 6 CTX AUGUSTE PREMIUM POM GRIS PAVOT L NOIRE;;;13118220055978;23118220055975;;
Comp0740171;3118220043121;CHEVALET PLEXIGLAS TRANSPARENT  4*14*13CM;;;13118220043128;23118220043125;;
444921;3118224449219;M16 ACIDULE BEE BLANC GLACIER VRAC;;;;;;
Cons0017;3118220004016;AFFICHE AIMANTEE TABLETTE DISPLAY SYSTEME U;;;13118220004013;23118220004010;;
20110040;3118220049420;MAZAGRAN HERITAGE SABLE + GENCOD;;;13118220049427;23118220049424;;
435330;3118224353301;12 PIECES POISSON OSLO;;;13118224353308;23118224353305;;
21050002;3118220023185;FOURCHETTE FURTIF METAL VRAC GENCOD;;;13118220023182;23118220023189;;
449211;3118224492116;CUILLERE SENS ANIS 583C+GENCOD;;;13118224492113;23118224492110;;
Kit0750033;3118220039964;KIT IMPLANTATION OP FIDELITE TOP CHEF;;;13118220039961;23118220039968;;
Kit0064;3118220005860;DISPLAY 168 CERAMIQUE UNION JACK-USA 1/4 PALETTE 60*40 LC;;;13118220005867;23118220005864;;
30101096-OLD;3118220030244;MENAGERE LAGUIOLE INOX 16PCES FINITION SATIN;;;13118220030241;23118220030248;;
21520036;3118220043381;ASSORTIMENT PANACHE 30 * M16 LAGUIOLE INTUITION  PVD;;;13118220043388;23118220043385;;
11500012_Sylob;3118220042179;STEAK POLYMERE LAME MICRODENTE EN BERLINGOT;;;13118220042176;23118220042173;;
448523;3118224485231;COUTEAU BASTILLE VIOLETTE 2415C+GENCOD;;;13118224485238;23118224485235;;
442842;3118224428429;COFFRET BORDEAU A FENETRE 6 CUILLERES LAG IVOIRE NACRE MI;;;13118224428426;23118224428423;;
446963;3010005675322;CAFE TROQUET GRIS ANTHRACITE GENCOD EURODIF;;;13010005675329;23010005675326;;
30101091;3118223002651;CAFE LAG TABLE METAL 12/10 300265;;;13118223002658;23118223002655;;
10010081;3606507297287;COFFRET 2 CERAMIQUE FINLANDEK STEAK+C15 LAME BLANCHE;;;13606507297284;23606507297281;;
444781;3118224447819;COFFRET 1 COUTEAU CERAMIQUE 155MM MANCHE ANIS LAME BLANCHE;;;13118224447816;23118224447813;;
30250003;3118220002500;CUILLERE INEDIT NORVEGE+GENCOD;;;13118220002507;23118220002504;;
10070002;3118220003040;SET DE 3 COUTEAUX FURTIF CLASSIC LAME NOIRE MANCHE NOIR;;;13118220003047;23118220003044;;
315235;3118223152356;EPLUCHEUR BOIS NATUREL;;;13118223152353;23118223152353;;
Kit0740042;3118220055599;MEUBLE BOIS COUTEAUX 1000*460*1900MM  MAGASIN RETAIL;;;13118220055596;23118220055593;;
4182;3118220041820;DECAPSULATEUR LAGUIOLE MARBRE GRIS;;;13118220041827;23118220041824;;
21040004;3118220023253;CAFE DROP METAL VRAC + GENCOD;;;13118220023250;23118220023257;;
11980033;3118220056152;DESOSSER LAGUIOLE HERITAGE  MIF CARTONNETTE LH;;;13118220056159;23118220056156;;
120811;3118221208116;BANDEAU VAISSELLE LAGUIOLE 130*20CM;;;13118221208113;23118221208110;;
438150;3118224381502;M24 TWIST NOIR EN RANGE COUVERTS;;;13118224381509;23118224381506;;
440550;3118224405505;6 TARTINEURS LAGUIOLE EN COFFRET BOIS;;;13118224405502;23118224405509;;
445387;3118224453872;LOT DE 3 OFFICES ACIDULE BEE COUL PANACHE;;;13118224453879;23118224453876;;
421410;5400247044532;BOUCHER RECORD CORA /FRX;;;15400247044539;25400247044536;;
431230;3118224312308;CAFE CURVING BRILLANT+GENCOD;;;13118224312305;23118224312302;;
433601;3118224336014;BIVOUAC+HOUSSE;;;13118224336011;23118224336018;;
307011;3118223070117;CUILL DE TABLE MISTRAL MARINE;;;13118223070114;23118223070111;;
30020283;3118220010987;COFFRET BI MAT 8 PCES ESCARGOT ACIDULE PANACHE 3 ROUGE 3 NOI;;;13118220010984;23118220010981;;
10190001;3118220008540;COFFRET 3 STEAK INEDIT USA;;;;23118220008544;;
10320007;3118223032009;COUTEAU GRILL MANCHE PLASTIQUE;;;;;;
10120155;3118220035782;STEAK 12CM FORGE TB PROFESSIONNEL EN PAK ECOLOGIQUE;;;13118220035789;23118220035786;;
20110038;3118220049406;MOKA HERITAGE SABLE + GENCOD;;;13118220049403;23118220049400;;
10500002;3118220009837;FERMANT 10 CM ACIDULE COUL ASSORTIE EN COFFRET BI MAT;;;13118220009834;23118220009831;;
447190;3118224471906;OFFICE URBAN + BERLINGOT;;;13118224471903;23118224471900;;
313722;3118223137223;COUTEAU INFINITY PRUNE VIOLET;;;13118223137220;23118223137227;;
403352;3118224033524;STEAK 12CM NATURA / SLEEVE;;;13118224033521;23118224033528;;
439361;3118224393611;M16 PYRAMIDE BLEU POT PET;;;13118224393618;23118224393615;;
437150;3118224371503;CUILLERE OSLO CHARME;;;13118224371500;23118224371507;;
Div0860003;3118220037977;CIMBLOT;;;13118220037974;23118220037971;;
10010095;3118220009578;LOT 3 COFFRETS TRANSITION CERAMIQUE LAME NOIRE OF+CUIS+CHEF;;;13118220009575;23118220009572;;
Comp0740203;3118220047709;FOND PLEIN  H500MM LGR1330MM  NOIR RAL 9005;;;13118220047706;23118220047703;;
446801;3118224468012;PAIN 20CM FORGE BOIS BACKELISE NOIR BOITE GRISE;;;13118224468019;23118224468016;;
306140;3118223061405;FOURCH TABLE CURVING SATINE;;;13118223061402;23118223061409;;
448370;3118224483701;RAPE TRANSITION SACHET+GENCOD;;;13118224483708;23118224483705;;
30656597;3118220016460;M16 HECTOR TAUPE WARM GREY 11C;;;13118220016467;23118220016464;;
Kit0420002;3118220016040;ENSEMBLE 4 COFFRETS MAESTRO TB;;;13118220016047;23118220016044;;
420920;3118224209202;LOT 24 STEAKS NOIRS;;;13118224209209;23118224209206;;
441785;3118224417850;COFFRET 3 CX STEAK CERAMIQUE MARQUE TB LAME BLANCHE;;;13118224417857;23118224417854;;
445841;3118224458419;Z OFFICE 9 FURTIF EVERCUT CLASSIC MANCHE NOIR EN BOITE CAD R;;;13118224458416;23118224458413;;
40020014;3118220021723;TARTINEUR LAGUIOLE INTUITION METAL +GENCOD;;;13118220021720;23118220021727;;
435796;3118224357965;M16 TOSCANE BLANC VRAC;;;13118224357962;23118224357969;;
313326;3118223133263;COUTEAU AMANDE ANIS VRAC;;;;;;
10300038;3118220035997;EMINCEUR 13CM LAG EXPRESSION POM TB PROFESSIONNEL PACK ECOLO;;;13118220035994;23118220035991;;
443750;3118224437506;GRILLE 72 CERAMIQUE COULEUR LAME BLANCHE;;;13118224437503;23118224437500;;
10430024;3118223028132;FTTE A DECOUPER RECORD ROUGE;;;13118223028139;23118223028136;;
446960;3010005419469;CAFE TROQUET ANIS VIF 382C GENCOD EURODIF;;;13010005419466;23010005419463;;
434265;3118224342657;M27 LAG IMIT CORNE BLONDE MI 24P+S.DEC+TAR;;;13118224342654;23118224342651;;
446462;3118224464625;OFFICE JAPONAIS TB FX TB T1;;;13118224464622;23118224464629;;
444720;3118224447208;M16 TOSCANE NOIR BOITE LISA;;;13118224447205;23118224447202;;
Kit0740043;3118220055612;MEUBLE BOIS COUVERTS 1000*460*1900MM  MAGASIN RETAIL;;;13118220055619;23118220055616;;
143606;3118221436069;BAC 5 COMPARTIMENTS;;;13118221436066;23118221436063;;
30020240;3118220007871;FOURCHETTE ESCARGOT ACIDULE ROUGE 185C VRAC;;;;;;
420130;3118224201305;CUISINE 17CM BOIS ROUGE TRADITION FX COUTEAU DU CHEF;;;13118224201302;23118224201309;;
427780;3118224277805;CAFE VIEUX PARIS SATINE+GENCOD;;;13118224277802;23118224277809;;
446650;3118224466506;6 STEAK TROQUET PRUNE POT PET 5185C;;;13118224466503;23118224466500;;
10010191;3118220027558;COFFRET 2 CERAMIQUES 125MN + 75MN LAME BLANCHE MANCHE BLEU;;;13118220027555;23118220027552;;
30140039;3118220011472;CAFE MANGO CHOCOLAT 7533C VRAC;;;;;;
30050032;3118220026162;CUILLERE SENS BOIS D'OLIVIER + GENCOD;;;13118220026169;23118220026166;;
435791;3118224357910;M16 TOSCANE NOIR VRAC;;;13118224357917;23118224357914;;
10960096;3118220052161;COFFRET BOIS 4 COUT AUGUSTE PREMIUM POM NOIR CAVIAR L NOIRE;;;13118220052168;23118220052165;;
142845;3118221428453;STICKER POUR PRESENTOIR EVERCUT37*7MM MADE IN F;;;;;;
21170008;3118220024878;FOURCHETTE BRUME AUBERGINE + GENCOD;;;13118220024875;23118220024872;;
11060024;3118220023086;COUTEAU CILAOS MICARTA FIBRE DE VERRE  + ETUI AFFUTAGE+BOITE;;;13118220023083;23118220023080;;
10100001;3118223115023;COUTEAU TABLE LUXE LAG BOIS CLAIR REF 311502;;;13118223115020;23118223115027;;
10020118;3118220026643;6 CUILLERES LAGUIOLE INTUITION METAL COFFRET BOIS ENCOCHE;;;13118220026640;23118220026647;;
439352;3118224393529;M16 PYRAMIDE TRANSPARENT BOITE PET;;;13118224393526;23118224393523;;
435364;3118224353646;COUTEAU BOLERO CHOCOLAT+GENCOD;;;13118224353643;23118224353640;;
448533;3118224485330;FOURCHETTE BASTILLE VIOLETTE 2415C+GENCOD;;;13118224485337;23118224485334;;
10010013;3118220001497;Z COFFRET 6 CERAMIQUE OF-STEAK-C13-SANT-C15-EPL LAME BLAN VP;;;13118220001494;23118220001491;;
Comp0740024;3118220018440;PLEXIGLASS VITRINE 1300 COUVERTS;;;13118220018447;23118220018444;;
30150004;3118220002678;CAFE AMANDE TURQUOISE+GENCOD;;;13118220002675;23118220002672;;
21160018;3118220046870;FOURCHETTE DESSERT IMPERIAL + GENCOD;;;13118220046877;23118220046874;;
412740;3596710211593;M24 CURVING BRILLANT BTE AUCHAN;;;13596710211590;23596710211597;;
Kit0125;3118220015722;PLV LINEAIRE VIDE COUTEAUX CARREFOUR 2016 L266;;;;;;
431470;3118224314708;CAFE TROQUET MARINE PS+GENCOD;;;13118224314705;23118224314702;;
30040024;3118220012141;M24 POIS CLASSIC ROUGE 198C EN POT PET;;;13118220012148;23118220012145;;
Div0860030;3118220040274;Moule brigade plastique GM;;;;;;
10120170;3118220037816;STEAK 12 CM GEORGES MANCHE POM EN BERLINGOT;;;13118220037813;23118220037810;;
000139;3118220001398;PRESTATION ADMINISTRATIVE;;;;;;
432460;3118224324608;PLANCHE BOIS + 3 CX MONTANA;;;13118224324605;23118224324602;;
446840;3118224468401;CUISINE 15CM FORGE BOIS BACKELISE NOIR FX TB;;;13118224468408;23118224468405;;
436160;3118224361603;CUISINE 19 BAMBOO STICK FX CDF;;;13118224361600;23118224361607;;
10500005;3118220018686;COUTEAU FERMANT C.A.C.;;;13118220018683;23118220018680;;
437250;3118224372500;CAFE TOSCANE NOIR +GENCOD;;;13118224372507;23118224372504;;
445490;3118224454909;UNIVERSEL GAMME JAPONAISE FX CDF EXPORT T2;;;13118224454906;23118224454903;;
Comp0176;3118220017061;PRESENTOIR OP 4 BACS 1200X800;;;;;;
440855;3118224408551;HUITRE LAG BOIS COUL PANACHE VRAC EN BOURRICHE DE 48;;;13118224408558;23118224408555;;
300641;3118223006413;CT LAG HUITRE ABS BLEU 15/10 ML;;;13118223006410;23118223006417;;
443260;3245672220890;M24 CLEO AUCHAN CODE OIA383736;;;13245672220897;23245672220894;;
428130;3118224281307;CAFE BACCARAT JAUNE+GENCOD;;;;;;
10320006;3118220012936;LOT 3 COUTEAUX COTE DE BOEUF PP NOIR 3 RIVETS PS DENTE;;;13118220012933;23118220012930;;
427602;3118224276020;PELLE TARTE LAG NACRE CH+GENCOD;;;13118224276027;23118224276024;;
11700008;3118220037175;COUTEAU CAMPAGNARD 12CM BRIGADE TB COLLECTION;;;13118220037172;23118220037179;;
30686873;3061006449443;CUILLERE INEDIT UNION JACK + GENCOD EURODIF;;;13061006449440;23061006449447;;
442850;3118224428504;COFFRET BORDEAU A FENETRE 6 CX LAG GRIS ABS MI;;;13118224428501;23118224428508;;
11690005;3118220037014;PAIN 22CM FUSION POLYPRO TB COLLECTION EN PACK ECOLOGIQUE;;;13118220037011;23118220037018;;
10020006;3118220001848;COFFRET BI MAT 3 EPLUCHEURS ACIDULE ROUGE 185C;;;13118220001845;23118220001842;;
Comp0740174;3118220043367;VISUEL  MISE A JOUR COUTELLERIE GIFI 2022;;;13118220043364;23118220043361;;
448030;3118224480304;COFFRET DEBA EQUILIBRE LAME CERAMIQUE BLANCHE MANCHE NOIR;;;13118224480301;23118224480308;;
21330003;3118220028180;COUTEAU GUERANDE FINITION SABLEE CARTE PEGBORDABLE;;;13118220028187;23118220028184;;
11980016;3118220053281;STEAK LAG HERITAGE ACCESS MIF  BLUE 432C VRAC;;;13118220053288;23118220053285;;
430278;3118224302781;6 STEAKS SOLEIL BLOC INCLINE LOT 1OF 1 EPLU ERGO BLEU;;;13118224302788;23118224302785;;
438081;3118224380819;M24 INFINITY ROSE BOITE COLLECTION DECO;;;13118224380816;23118224380813;;
10840004;3118224489710;GRILLADIN GRAPHIC SOUS BERLINGOT;;;13118224489717;23118224489714;;
449216;3118224492161;CUILLERE SENS NOIR CARBONE+GENCOD;;;13118224492168;23118224492165;;
41000005;3118220021235;ROULETTE A PIZZA SILICONE COUL PANACHE +GENCOD;;;13118220021232;23118220021239;;
10120017;3118220017887;YATAGAN 22CM FORGE MAESTRO IDEAL EN BERLINGOT;;;13118220017884;23118220017881;;
403002;3118224030028;PAIN 20CM FORGE POM  FX TB;;;13118224030025;23118224030022;;
30650025;3118220006867;CUILLERE HECTOR KAKI Z 7771C VRAC GENCOD;;;13118220006864;23118220006861;;
30900006;3118220009103;M16 INEDIT DECOR BOIS CLAIR;;;13118220009100;23118220009107;;
10020088;3118220017566;OFFICE ACIDULE COULEUR PANACHE SUR CARTE PEGB +GENCOD;;;13118220017563;23118220017560;;
446501;3118224465011;YANAGIBA 21CM JAPONAIS TB +BERLINGOT;;;13118224465018;23118224465015;;
443882;3118224438824;COFFRET BI MAT 6 STEAKS ACIDULE BEE LAG BLANC;;;13118224438821;23118224438828;;
123747;3118221237475;COFFRET CARTON VIDE POUR 6 CUILLERES INEDITS;;;;;;
10210018;3118220010222;CUISINE 19 LAG LASURE MANCHE BOIS BLANCHI BOITE CADEAU;;;13118220010229;23118220010226;;
412410;3118224124109;M16 SOHO FORGE EN BOITE TB COLLECTION;;;13118224124106;23118224124103;;
10010012;3118220001480;Z COFFRET 6 CERAMIQUE OF-STEAK-C13-SANTU-C15-EPL LAM NOIR VP;;;13118220001487;23118220001484;;
Kit0042;3118221429030;KIT PLV LINEAIRE COUVERTS L130 ARTS DE LA TABLE LISA ETAG133;;;13118221429037;23118221429034;;
446593;3118224465936;CUILLERE MANGO FRAMBOISE 220C;;;13118224465933;23118224465930;;
440080;3118224400807;12 FETTES VRAC AMANDE ANIS+BMR;;;13118224400804;23118224400801;;
Comp0740028;3118220018495;CASSETTE INCLINE VERRES DRLX;;;13118220018492;23118220018499;;
Kit0740020;3118220039889;KIT COUVERTS TB 2 ELEMENTS MENAGERES GIFI;;;13118220039886;23118220039883;;
442273;3118224422731;LOT DE 3 MUG ARDOISE MAT;;;13118224422738;23118224422735;;
10050027;3118220020221;CUISINE 17 LAGUIOLE SENS BOIS CLAIR IMPORT VRAC;;;13118220020228;23118220020225;;
445881;3118224458815;Z CUISINE 21 FURTIF EVERCUT CLASSIC MANCH NOIR BOIT CADE VPC;;;13118224458812;23118224458819;;
10270002;3118220001985;COUTEAU PAIN BACKELISE FX COUT DU CHEF SUISSE;;;13118220001982;23118220001989;;
419960;3222472709381;CT PAIN FORGE BOIS/FRX CASINO;;;13222472709388;23222472709385;;
60109502;3118220023123;TIRE BOUCHON LAG NACRE CHAMPAGNE;;;13118220023120;23118220023127;;
444055;3118224440551;FERMANT LAG EVOLUTION BOIS CLAIR LAME NOIRE 10CM SOUS BLISTE;;;13118224440558;23118224440555;;
439878;3118224398784;JAMBON LAG EXPRESSION POM FX TB T4;;;13118224398781;23118224398788;;
Comp0740037;3118220020214;VISUEL LINEAIRE STA0302 CARREFOUR 133 USTENSILES 2017;;;13118220020211;23118220020218;;
306994;3118223069944;COUTEAU DE TABLE MISTRAL GRIS;;;13118223069941;23118223069948;;
20710006;3118220026438;A PRENDRE POUR GRAND SIECLE;;;13118220026435;23118220026432;;
435700;3118224357002;STEAK FORGE OLIVIER+BTE DETAILLANT TB CLASSIC;;;13118224357009;23118224357006;;
10010045;3118220005143;COFFRET 1 OFFICE CERAMIQUE USA  LAME BLANCHE;;;13118220005140;23118220005147;;
447312;3118224473122;BOULANGER ABSOLU ABS FX TB;;;13118224473129;23118224473126;;
443620;3118224436202;BLOC MAGNETIQUE NOIR VIDE GM 24*22*19CM;;;13118224436209;23118224436206;;
418900;3118224189009;BOUCHER 21 FORGE BOIS BAC/FRX;;;13118224189006;23118224189003;;
440617;3118224406175;COFFRET 6 COUTEAUX LAG TABLE PLEXI  EMERAUDE;;;13118224406172;23118224406179;;
20820001;3118220043916;COUTEAU SAN REMO EN BOITE KRAFT PEGBOARDABLE;;;13118220043913;23118220043910;;
446666;3118224466667;M24 MANGO TURQUOISE 7467C EN PANIER FIL ACIER;;;13118224466664;23118224466661;;
426322;3118224263228;SANTUKO FORGE POM FX TB;;;13118224263225;23118224263222;;
448232;3118224482322;HUITRE A GARDE ACIDULE ROUGE 185C+GENCOD EN BOURRICHE X60;;;13118224482329;23118224482326;;
306550;3118223065502;CUILLERE CAFE ZEPHIR ANIS;;;;;;
448540;3118224485408;CUILLERE BASTILLE TOMATE 485C+GENCOD;;;13118224485405;23118224485402;;
Comp1490002;3118220027619;BOITE TB COLLECTION VIDE + FACADE M24 INSERT INOX;;;13118220027616;23118220027613;;
313721;3118223137216;COUTEAU INFINITY LAVANDE;;;13118223137213;23118223137210;;
10678;3118220106789;COUTEAU INOX LACET;;;;;;
439292;3118224392928;M16 ALIZE BOITE COLLECTION INOX PCB4;;;13118224392925;23118224392922;;
436561;3118224365618;JAMBON FORGE+BERLINGOT TB CLASSICS;;;13118224365615;23118224365612;;
442730;3118224427309;M24 TROQUET GRIS TAUPE PS POT PET;;;13118224427306;23118224427303;;
116540;3118221165402;POT PET OVALE VIDE POUR M24;;;;;;
21420005;3118220045972;M24 PALACE 18/10 EN BOITE TB COLLECTION;;;13118220045979;23118220045976;;
446791;3118224467916;CUISINE 17CM FORGE BOIS BACKELISE NOIR BOITE GRISE;;;13118224467913;23118224467910;;
10120035;3118224375907;FETTE FORGE BOIS BTE TB CLASSICS;;;13118224375904;23118224375901;;
Acce0590010;3118220024786;PLANCHE HETRE HUILEE RIGOLE RECUP JUS ANSE METAL 40X25X1.8CM;;;13118220024783;23118220024780;;
440842;3118224408421;M24 AMANDE ORANGE POT PET;;;13118224408428;23118224408425;;
10681;3118220106819;CUILLERE CAFE INOX LACET;;;;;;
Comp0018;3118220005747;ETAGERE PLATE ET PLEINE DE 65;;;13118220005744;23118220005741;;
10960068;3118220018990;TUBO NOIR 6COUT AUGUSTE PREMIUM POM BLANC SUCRE G REVET NOIR;;;13118220018997;23118220018994;;
21370006;3118220028265;CAFE BREGANÇON FINITION SABLEE 18/0 CARTE PEGBORDABLE;;;13118220028262;23118220028269;;
10110002;3118220027701;TARTINEUR LAGUIOLE HERITAGE SUR CARTE PEGBORDABLE;;;13118220027708;23118220027705;;
30020333;3118220034792;CUILLERE ACIDULE BEE ROUGE COQUELICOT RED032 VRAC;;;13118220034799;23118220034796;;
30790001;3118220011885;M16 BOLERO ARDOISE BOITE DECO;;;13118220011882;23118220011889;;
10010141;3118220012967;COFFRET OF+CUIS LISSE MANGO CERAMIQUE LAME BLANCHE PANACHE 6;;;13118220012964;23118220012961;;
442294;3118224422946;LOT DE 4 BOLS TALON 14CM 40CL IVOIRE MAT;;;13118224422943;23118224422940;;
442346;3118224423462;LOT DE 6 EXPRESSO TERRACOTA MAT;;;13118224423469;23118224423466;;
446381;3118224463819;COFFRET CERAMIQUE CX 75MM LAME TITANE BLEU;;;13118224463816;23118224463813;;
Kit0063;3118220005761;KIT PLV LINEAIRE 2X1M COUTEAU BOULANGER;;;13118220005768;23118220005765;;
Comp0740009;3118220015203;1/2 VITRINE 650 COUTEAUX (POUR BARRE DE FORCE);;;13118220015200;23118220015207;;
439212;3257984128269;STEAK BOIS ELAN FX CORA;;;13257984128266;23257984128263;;
447333;3118224473337;M16 PAILLE ANIS BOITE DECO;;;13118224473334;23118224473331;;
10020052;3118220009431;BLOC UNIVERSEL PICOTS 5 COUTEAUX ACIDULE NOIR;;;13118220009438;23118220009435;;
446572;3118224465721;COUTEAU MANGO CHOCOLAT 7533C;;;13118224465728;23118224465725;;
Comp0182;3118220033320;MANCHE TABLE SILICONE GALET 429C POUR CAFE;;;13118220033327;23118220033324;;
30020011;3118220003088;COFFRET BI MAT 6 FOURCHETTES ACIDULE BEE LAG ROUGE 185C;;;13118220003085;23118220003082;;
432940;3118224329405;COF DU SOMMELIER 4PC CARTON ROND;;;13118224329402;23118224329409;;
425860;3118224258606;M24 BASTILLE BLANC CHARME;;;13118224258603;23118224258600;;
21330004;3118220028197;FOURCHETTE GUERANDE FINITION SABLEE 18/0 CARTE PEGBORDABLE;;;13118220028194;23118220028191;;
404461;3118224044612;M24 MAC GREGOR VX ROSE POT PET;;;13118224044619;23118224044616;;
11690002;3118220036987;STEAK 12CM FUSION POLYPRO TB COLLECTION EN PACK ECOLOGIQUE;;;13118220036984;23118220036981;;
142820;3118221428200;DOCUMENTATION EVERCUT POUR PRESENTOIR VERSION FRANCAISE;;;13118221428207;23118221428204;;
314430;3118223144306;CUISINE 16CM LAG EXPRESSION MANCHE BOIS NOIR;;;;;;
Comp0083;3118220010574;COFFRET BI MAT VIDE CHEF 19 FURTIF EVERCUT+ETUI+STICKER;;;13118220010571;23118220010578;;
Comp0020005;3118220033047;SOMMELIER ACIDULE NOIR VRAC;;;13118220033044;23118220033041;;
31050001;3118220015630;M16 FURTIF 7631C TERRE DE SIENNE COFFRET BI MAT;;;13118220015637;23118220015634;;
30020227;3118220003842;COFFRET BI MAT 6 STEAKS ACIDULE BEE HIVER COUL PANACHE;;;13118220003849;23118220003846;;
30140030;3118220007345;M24 MANGO ANIS 382C VRAC;;;13118220007340;23118220007349;;
314672;3118223146720;CUILLERE WHITE DOTS VRAC;;;13118223146727;23118223146724;;
Comp0740036;3118220020054;VITRINE 1000 COUVERTS-TUILES (BARRE DE FORCE);;;13118220020051;23118220020058;;
445630;3118224456309;BLOC BLANC 6CX ACIDULE  BEE MULTICOLORS;;;13118224456306;23118224456303;;
Kit0750038;3118220040243;DISPLAY BOIS LE MAREYEUR MADE IN FRANCE V3;;;13118220040240;23118220040247;;
448203;3118224482032;CUISINE 17 LAG LASURE MANCHE BOIS GRIS SOUS FX COUTEAU DU CH;;;13118224482039;23118224482036;;
10010181;3118220019461;COFFRET 1 CERAMIQUE CHEF 15 DENTE LAME NOIRE;;;13118220019468;23118220019465;;
Comp0161;3118220015913;AFFICHE CENTRALE FOREX R 600*280MM 1/4DISPLAY REPAS FETES;;;13118220015910;23118220015917;;
449220;3118224492208;CAFE SENS  BLEU 7700C+GENCOD;;;13118224492205;23118224492202;;
Kit0020;3118220002760;PALETTE B OP SYST U EXPRESSION;;;13118220002767;23118220002764;;
445240;3118224452400;COFFRET CERAMIQUE 1 COUT LAG TABLE LAME BLANCHE MANCHE BLANC;;;13118224452407;23118224452404;;
143600;3118221436007;CAISSON DE 4 CASIERS 10/10;;;13118221436004;23118221436001;;
111530;3118221115308;EMBOUT BARRE DE FORCE DD11 30/10 LINEAIRE;;;;;;
Kit0129;3118220015821;DISPLAY 78 CERAMIQUE 1/4 PALETTE 60*40 LC LAME BLANC/ NOIRE;;;13118220015828;23118220015825;;
446373;3118224463734;COFFRET CERAMIQUE 3 STEAKS 95MM LAME TITANE BRONZE;;;13118224463731;23118224463738;;
80020001;3118220028272;LOT 6 VERRES PM 34 ACIDULE ROUGE 185C;;;13118220028279;23118220028276;;
440872;3118224408728;STEAK EXPRESSION POM LAG EVOL BOITE AIMANTEE GRISE EXPORT;;;13118224408725;23118224408722;;
Comp0100021;3118220046856;BOITE VIDE LAGUIOLE POUR M16 LAGUIOLE INTUTION PVD NOIR MAT;;;13118220046853;23118220046850;;
30790003;3118220011908;M16 BOLERO TAUPE BOITE DECO;;;13118220011905;23118220011902;;
10500034;3118220057326;COUTEAU DE POCHE SURICATE BOIS TERRACOTTA MIF EN BTE TB;;;13118220057323;23118220057320;;
433070;3254564698228;CHEF 19CM FORGE AUCHAN/FRX;;;13254564698225;23254564698222;;
10120156;3118220035799;OFFICE 9CM FORGE TB PROFESSIONNEL EN PACK ECOLOGIQUE;;;13118220035796;23118220035793;;
435740;3118224357408;STEAK SENSIO+BTE DETAILLANT TB CLASSIC;;;13118224357405;23118224357402;;
136004;3118221360043;PLAQUE RAINEE POLYV/SANTUKO EVERCUT DD30 (A METTRE AVEC REF;;;13118221360040;23118221360047;;
448761;3118224487617;CAFE EVOLUTION CUIR TANGERINE 166C+GENCOD;;;13118224487614;23118224487611;;
427970;3118224279700;COUTEAU TABLE TOSCANE NE + UTILISER;;;13118224279707;23118224279704;;
312110;3118223121109;MOKA OSLO;;;13118223121106;23118223121103;;
446573;3118224465738;COUTEAU MANGO FRAMBOISE 220C;;;13118224465735;23118224465732;;
10340039;3118220047358;BLOC PIN 6 STEAKS BOIS  BTE PACKBORDABLE TB COLLECTION;;;13118220047355;23118220047352;;
10320014;3118220019195;SERVICE DECOUPE ERGO 4 PCS VERT;;;13118220019192;23118220019199;;
Kit0010028;3118220022638;DISPLAY CERAMIQUE SILICONE PREMIUM 1/8 PALETTE 60*40;;;13118220022635;23118220022632;;
31100025;3614614332395;M16 CALICOT LONDON UNION JACK BOITE MDD CARREFOUR;;;13614614332392;23614614332399;;
444343;3118224443439;COUTEAU VICHY ROUGE 185C;;;13118224443436;23118224443433;;
309630;3118223096308;COUTEAU KOBE;;;13118223096305;23118223096302;;
448810;3610882891527;COFFRET OFFICE CERAMIQUE PANACHE MAISON ETE LAME BLANCHE;;;13610882891524;23610882891521;;
445050;3118224450505;TABLE URBAN FX COUTEAU DU CHEF T1;;;13118224450502;23118224450509;;
30020234;3118220007833;CAFE MOKA ACIDULE ROSE 226C VRAC;;;13118220007830;23118220007837;;
435300;3118224353004;FOURCHETTE OSLO+GENCOD;;;13118224353001;23118224353008;;
315292;3118223152929;CUILLERE VICHY NOIR 6C VRAC;;;;;;
Comp0070;3118220033139;PIC A BIGORNEAUX ACIDULE VIOLET 2597C VRAC;;;13118220033136;23118220033133;;
446606;3118224466063;CAFE MANGO TURQUOISE 7467C;;;13118224466060;23118224466067;;
446551;3118224465516;CUILLERE POIS INEDIT BLEU 5415C;;;13118224465513;23118224465510;;
Comp0740170;3118220041615;MEUBLE CONCEPT COUVERTS CASINO PAR TB;;;13118220041612;23118220041619;;
Emba0019;3118220002883;VISUEL PLV COUVERTS 1M CONFORAMA DECO SUISSE;;;;;;
Kit0420001;3118220016033;ENSEMBLE 5 COFFRETS MAESTRO EVERCUT;;;13118220016030;23118220016037;;
408760;3118224087602;M24 CURVING SATINE BTE CAD LISA;;;13118224087609;23118224087606;;
435382;3118224353820;CUILLERE BOLERO BLEU+GENCOD;;;13118224353827;23118224353824;;
443925;3118224439258;AIGUISEUR DOUBLE DIAMANT 198*52*66MM SOUS BLISTER SUISSE;;;13118224439255;23118224439252;;
304700;3118223047003;FOURCHETTE TABLE AMANDE VERT;;;;;;
30020268;3118220029118;FOURCHETTE A SERVIR ACIDULE NOIR CARBONE VRAC;;;13118220029115;23118220029112;;
444390;3118224443903;TABLE INOX FX CDF;;;13118224443900;23118224443907;;
40020009;3118220021679;FOUET LAGUIOLE INTUITION METAL +GENCOD;;;13118220021676;23118220021673;;
Comp0066;3118220009592;BOITE PRET A VENDRE GM 460*200*50 MICRO BLANC 1 FACE;;;13118220009599;23118220009596;;
443990;3118224439906;LOT 4 COUVERTS EN BTE INEDITS PEGBORDABLE LIBERTY;;;13118224439903;23118224439900;;
136130;3118221361309;ECRIN PLASTIQUE+SUREMBALLAGE 1 OFFICE EVERCUT;;;13118221361306;23118221361303;;
30020319;3118220032644;FOURCHETTE ACIDULE ROUGE WB+GENCOD;;;13118220032641;23118220032648;;
446397;3118224463970;COFFRET CERAMIQUE STEAK 95MM LAME TITANE MULTICOLOR;;;13118224463977;23118224463974;;
427591;3118224275917;CAFE LAG PALISS 12/10 MI+GENCOD;;;;;;
421710;3118224217108;M16  PCES BAROQUE BOITE CHARME;;;13118224217105;23118224217102;;
416210;3390509975358;6 CUILL CLEO 18% 10/10 NUMERO 1;;;13390509975355;23390509975352;;
446070;3118224460702;STEAK LAG EVOLUTION LASURE COULEUR PANACHE;;;13118224460709;23118224460706;;
10120054;3118220023024;CUISINE 25CM FORGE MAESTRO IDEAL EN FRX TB;;;13118220023021;23118220023028;;
40010002;3118220005914;ROULETTE PIZZA CERAMIQUE BLANCHE USA SOUS BLISTER PEGB;;;13118220005911;23118220005918;;
448070;3118224480700;FRUIT LEG 14 ACIDULE MANCHE NOIR CARBONE SOUS FX T2 COUT DU;;;13118224480707;23118224480704;;
30880010;3118220011960;M16 CANDY JAUNE 7758C VRAC;;;13118220011967;23118220011964;;
430030;3118224300305;BLOC TOURNANT 13 PCES;;;13118224300302;23118224300309;;
446001;3118224460016;COUTEAU ACIDULE BEE VIOLET LILAS 5145C +GENCOD;;;13118224460013;23118224460010;;
10020061;3118220010963;COFFRET HUITRE 7 PCES ACIDULE PANACHE 3 ROUGE 3 NOIR;;;13118220010960;23118220010967;;
445140;5414663285776;LOT 6 CUILLERES CLEO WINNY;;;15414663285773;25414663285770;;
403611;3118224036112;FRUIT LEG 14CM RECORD FX COUTEAU DU CHEF;;;13118224036119;23118224036116;;
10960027;3118220018112;COUTEAU AUGUSTE NATUREL CHENE VERT LAME INOX BRILL BERLINGOT;;;13118220018119;23118220018116;;
10424275;3118220004283;MAESTRO TB N°4 POLYVALENT MICRO 13CM COFFRET BI MAT;;;13118220004280;23118220004287;;
420520;3390509955701;HUITRE BOIS MITRE LAITON;;;13390509955708;23390509955705;;
448080;3118224480809;CHEF 19 ACIDULE MANCHE NOIR CARBONE SOUS FX T3 COUT DU CHEF;;;13118224480806;23118224480803;;
10010175;3118220017634;COFFRET OFFICE CERAMIQUE DENTE LAME BLANCHE SUR CRAVATE;;;13118220017631;23118220017638;;
31050009;3614613272500;M16 ORIGAMI WARM 4 GREY CRAIE BOITE CARREFOUR;;;13614613272507;23614613272504;;
306540;3118223065403;CUILLERE TABLE ZEPHIR ANIS;;;;;;
10120174;3118220037854;PAIN 20 CM GEORGES MANCHE POM EN BERLINGOT;;;13118220037851;23118220037858;;
404525;3118224045251;CT OFFICE BOIS  RIVET+GENCOD;;;13118224045258;23118224045255;;
Emba0004;3118220000421;VISUEL+STICKER USTENSILES LAGUIOLE 65;;;;;;
419400;3118224194003;PAIN/SURGELE OXYGENE/FX CDF;;;13118224194000;23118224194007;;
448412;3118224484128;COFFRET FROMAGE 3 PCES ACIDULE BLEU ACIER 5405C;;;13118224484125;23118224484122;;
403384;3118224033845;PAIN 20CM SENSIO LAME ANIS FOURREAU CDF;;;13118224033842;23118224033849;;
10424271;3118220003859;FOURCHETTE MAESTRO VRAC SM;;;13118220003856;23118220003853;;
10280004;3118220036345;SET EQUILIBRE 2 PCES DEBA UNIVERSEL;;;13118220036342;23118220036349;;
Kit0750031;3118220038370;KIT TOP CHEF 195 COUTEAUX;;;13118220038377;23118220038374;;
439873;3118224398739;TRANCHER 22CM LAG EXPRESSION POM FX TB T4;;;13118224398736;23118224398733;;
10010047;3118220005167;COFFRET 1 RASE LEGUME CERAMIQUE USA LAME BLANCHE;;;13118220005164;23118220005161;;
11710005;3118220037120;PAIN 22CM BRIGADE BOIS TB COLLECTION PACK ECOLOGIQUE;;;13118220037127;23118220037124;;
448520;3118224485200;COUTEAU BASTILLE TOMATE 485C+GENCOD;;;13118224485207;23118224485204;;
446356;3118224463567;DEBA EQUILIBRE JAPONAIS CDF +BERLINGOT;;;13118224463564;23118224463561;;
Comp0085;3118220010598;COFFRET BI MAT VIDE POLYVALENT15 MAESTRO EVERCUT+ETUI+STICKE;;;;;;
10050003;3118220004535;BEURRE EVOLUTION SENS LASURE FONCE +GENCOD;;;13118220004532;23118220004539;;
445232;3118224452325;COFFRET CERAMIQUE 2CX LAG TABLE LAME BLANCHE MANCHE ROUGE;;;13118224452322;23118224452329;;
442154;3118224421543;LOT DE 4 CALOTTES 20.5CM ARDOISE MAT;;;13118224421540;23118224421547;;
143619;3118221436199;BAC DE 3 VRAC AVEC SEPARATEUR;;;13118221436196;;;
Comp1240003;3118220045224;ETIQUETTE ADHESIVE DRAPEAU POUR FUSIL TB COLLECTION;;;13118220045221;23118220045228;;
409330;3270192595722;SERV DECOUP 3 PIECES POLYPRO;;;13270192595729;23270192595726;;
442176;3118224421765;LOT DE 6 ASSIETTES DESSERT 20CM IVOIRE MAT;;;13118224421762;23118224421769;;
446588;3118224465882;FOURCHETTE MANGO BLANC TRANSPARENT;;;13118224465889;23118224465886;;
Kit0106;3118220014336;KIT PLV LINEAIRE 214 EXPRESSION LAG EVOLUTION VERSION SUPER;;;13118220014333;23118220014330;;
Comp1490010;3118220038561;CALE INTERIEUR PM 186U POUR BTE LAG HERITAGE;;;13118220038568;23118220038565;;
302080;3118223020808;CUILLERE TABLE BACCARAT METAL SATINE;;;;;;
403394;3118224033944;CUISINE 19CM SENSIO LAME VIOLETTE FOURREAU CDF;;;13118224033941;23118224033948;;
444733;3118224447338;M16 ACIDULE BEE NOIR CARBONE BTE LARGE;;;13118224447335;23118224447332;;
447623;3118224476239;M24 MANGO FRAMBOISE 220C EN PANIER FIL ACIER PCB4;;;13118224476236;23118224476233;;
445910;3118224459102;CHEF 16 LAME ANTI ADH ROUGE 185C MANCHE GRIS 7530C-FRAMB EN;;;13118224459109;23118224459106;;
431440;3118224314401;COUTEAU TROQUET MARINE PS+GENCOD;;;13118224314408;23118224314405;;
30150006;3118220013551;COUTEAU STEAK POINTU AMANDE ROUGE+GENCOD;;;13118220013558;23118220013555;;
411600;3118224116005;CAFE BULLE TRANSP+GENCOD;;;13118224116002;23118224116009;;
11500003;3118220029842;CHEF 19 CM POLYMERE TOP CHEF FRANCAIS FLAMAND;;;13118220029849;23118220029846;;
442490;3118224424902;6 STEAK TROQUET MARINE POT PET;;;13118224424909;23118224424906;;
21180007;3118220024052;FOURCHETTE COLLIOURE 18/10 SUR CARTE PEGB GENCOD;;;13118220024059;23118220024056;;
Comp0071;3118220033146;PIC A BIGORNEAUX ACIDULE BLEU 3135C VRAC;;;13118220033143;23118220033140;;
442206;3118224422069;LOT DE 6 TASSE CAFE 12CL IVOIRE MAT;;;13118224422066;23118224422063;;
20100009;3118220057210;DISPLAY DE 36 MENAGERES LAGUIOLE HERITAGE FUSION;;;13118220057217;23118220057214;;
431780;3118224317808;STEAK FUSION/ADFLEX FX CDF;;;13118224317805;23118224317802;;
Cons0019;3118220004160;COFFRET VIDE M16 CUIR BOITE LARGE 38*30*5.4;;;13118220004167;23118220004164;;
Cons0086;3118220033801;ADHESIF DOUBLE FACE 0.9CM LARG 50M LONG 3M;;;13118220033808;23118220033805;;
434060;3118224340608;M24 TROQUET ROSE MEDIUM 212C POT PET;;;13118224340605;23118224340602;;
444372;3118224443729;CAFE VICHY NOIR 6C;;;13118224443726;23118224443723;;
446771;3118224467718;STEAK FORGE BOIS BACKELISE NOIR BOITE GRISE;;;13118224467715;23118224467712;;
21050005;3118220036093;M16 FURTIF METAL EN BOITE LISA ALBAN COLLECTION;;;13118220036090;23118220036097;;
446032;3118224460320;CAFE ACIDULE BEE BLEU ACIER 5405C +GENCOD;;;13118224460327;23118224460324;;
10840012;3118220036178;Z COFFRET CHEF+CUISINE+FRUITS ET LEGUMES SENSIO BOITE NEUTRE;;;13118220036175;23118220036172;;
448534;3118224485347;FOURCHETTE BASTILLE BLANC+GENCOD;;;13118224485344;23118224485341;;
314661;3118223146614;FOURCHETTE BLACK DOTS VRAC;;;13118223146611;23118223146618;;
447612;3118224476123;BLOC BLANC 5CX MANCHE BLANC LAME BLANCHE EN TUBE PVC;;;13118224476120;23118224476127;;
300640;3118223006406;CT LAG HUITRE ABS GRIS 15/10 ML;;;13118223006403;23118223006400;;
123737;3118221237376;COFFRET CARTON VIDE POUR 6 COUT LAG MULTICOLORS;;;;;;
441680;3118224416808;BLOC DROIT OPEN 5 COUTEAUX METAL 2;;;13118224416805;23118224416802;;
441190;3257983102475;OFFICE ADFLEX COLORIS ASS NOIR VERT ORANGE TAUPE CORA;;;13257983102472;23257983102479;;
443885;3118224438855;Z COFFRET BI MAT 6 STEAKS ACIDULE BEE LAG  MULTICOLOR UNITAI;;;13118224438852;23118224438859;;
446941;3010005419599;FOURCHETTE TROQUET ROUGE GENCOD EURODIF;;;13010005419596;23010005419593;;
11280001;3367305228070;SANTUKO 17 FUSION/ADFLEX FX PRADEL HERITAGE 522807;;;13367305228077;23367305228074;;
11980030;3118220056121;UNIVERSEL LAGUIOLE HERITAGE NANOCUT  MIF CARTONNETTE LH;;;13118220056128;23118220056125;;
431550;3118224315507;CUILLERE CAFE TROQUET ROUGE PS;;;13118224315504;23118224315501;;
30970034;3118220017160;COUTEAU ECUME VERT ANIS MOJITO 361C VRAC GENCOD;;;13118220017167;23118220017164;;
446790;3118224467909;CUISINE 17CM FORGE BOIS BACKELISE NOIR FX TB;;;13118224467906;23118224467903;;
142906;3118221429061;KIT PLV LINEAIRE COUVERTS FLY 100 LANGUE ALLEMANDE;;;13118221429068;23118221429065;;
Div0860023;3118220038172;ETUDE LINEAIRE + ECHANTILLON VALIDATION;;;13118220038179;23118220038176;;
142897;3118221428972;KIT PLV LINEAIRE LAG VAISSELLE 133*220;;;13118221428979;23118221428976;;
20200001;3118220001718;M16 KOS SATINE (TOSCANE) BOITE COLLECTION INOX SPCB3;;;13118220001715;23118220001712;;
137400;3118221374002;DISPLAY PALETTE 120*80 LAG EXPRESSION BOIS SYST U;;;13118221374009;23118221374006;;
301672;3118223016726;FOURCHETTE TABLE MC GREGOR BLEU;;;;;;
431370;3118224313701;FOURCHETTE  ZEPHIR BLEU+GENCOD;;;13118224313708;23118224313705;;
30020310;3118220025707;M16 ACIDULE BEE ROSE FRAMBOISE 7647C BTE LAGUIOLE;;;13118220025704;23118220025701;;
30363715;3118220034952;LOT 3 CTX TROQUET PANACHE ANIS-TURQ-AUBERG-ORANGE;;;13118220034959;23118220034956;;
11700003;3118220037045;COUTEAU TOMATE BRIGADE TB COLLECTION PACK ECOLOGIQUE;;;13118220037042;23118220037049;;
41000002;3118220021204;EPLUCHEUR TOMATE SILICONE COUL PANACHE +GENCOD;;;13118220021201;23118220021208;;
31040001;3118220015500;M16 DROP FRAMBOISE 7641C EN BOITE LISA;;;13118220015507;23118220015504;;
434310;3118224343104;2 PINCES ESCARGOT CARTE NEUTRE;;;13118224343101;23118224343108;;
Kit0750020;3118220030152;DISPLAY 192PCES COUTELLERIE PRO 1/4PAL TOP CHEF CARREFOUR;;;13118220030159;23118220030156;;
10960056;3118220018877;TUBO NOIR 6 COUTEAUX AUGUSTE ABS BLEU D'AUVERGNE;;;13118220018874;23118220018871;;
10100009;3118220022669;PELLE A TARTE LAG ABS GRIS ML (MODEL 2);;;13118220022666;23118220022663;;
21600021;3118220052659;M16 ARABESQUE PVD CUIVRE  MAT;;;13118220052656;23118220052653;;
404590;3118224045909;EPLU  BOIS NAT AVEC RIVETS + SLV;;;13118224045906;23118224045903;;
10424272;3118220004252;FORGE PREMIUM TB N°1 OFFICE 9CM EVERCUT COFFRET BI MAT;;;13118220004259;23118220004256;;
427592;3118224275924;CAFE LAG NACRE CHAMP MI+GENCOD;;;13118224275921;23118224275928;;
440110;3254565365471;OFFICE ELAN FX AUCHAN;;;13254565365478;23254565365475;;
443380;3118224433805;M16 ESCAPADE FICELLE BTE LISA DECO;;;13118224433802;23118224433809;;
10300013;3118220011823;PAIN EXPRESSION METAL SATINE FOURREAU;;;13118220011820;23118220011827;;
415171;3118224151716;M18 LAGUIOLE NACRE BLEU COF BOIS;;;13118224151713;23118224151710;;
30363699;3118220016149;CUILLERE TROQUET GRIS ANTHRACITE VRAC SANS GENCOD;;;13118220016146;23118220016143;;
442821;3118224428214;6 STEAK TROQUET ROUGE EN DISPLAY DE 12;;;13118224428211;23118224428218;;
441712;3118224417126;STEAK EXPRESSION LAG EVOL MANCHE BOIS NOIR BOITE GRISE EXPOR;;;13118224417123;23118224417120;;
436350;3118224363508;MOKA OSLO + GENCOD;;;13118224363505;23118224363502;;
Div0850010;3118220056565;POCHETTE DE 10 PANSEMENTS TB OUTDOOR;;;13118220056562;23118220056569;;
21530002;3118220029651;M16 BOBINE REVETEMENT PVD NOIR MAT BOITE PREMIUM;;;13118220029658;23118220029655;;
32210034;3617703024263;FOURCHETTE OPEN UNI COLOR VERT SAUGE CARREFOUR HOME;;;03617704528777;03617701359770;;
10340018;3118223047805;COUTEAU FROMAGE BUBENGA 2R ALU;;;13118223047802;23118223047809;;
428220;3118224282205;COUTEAU  AMANDE BORDEAU+GENCOD;;;;;;
120819;3118221208192;PLEXI CRF GRECE COMPOSE DE 2 PLEXI LINEAIRE CRF 133+1 PLAQUE;;;;;;
302539;3118223025308;OFFICE 9CM CHALET SOUS SLEEVE +GENCOD;;;13118223025305;23118223025302;;
441602;3118224416020;MARAICHER ABSOLU BOIS FX TB;;;13118224416027;23118224416024;;
Kit0010029;3118220023840;DISPLAY 144 CERAMIQUES 1/4 PALETTE 60*40 LCDC BLANC ET NOIR;;;13118220023847;23118220023844;;
11980037;3118220056190;PAIN LAGUIOLE HERITAGE  MIF CARTONNETTE LH;;;13118220056197;23118220056194;;
441431;3118224414316;M16 OSLO SABLE BOITE COLLECTION INOX;;;13118224414313;23118224414310;;
446980;3118224469804;GRILLE CERAMIQUE TITANIUM 96 PIECES;;;13118224469801;23118224469808;;
Cons0004;3118220003538;ETAGERE A POTS 133 (3GP+1PP);;;13118220003535;;;
446363;3118224463635;COFFRET CERAMIQUE 3 STEAKS 95MM LAME TITANE OR;;;13118224463632;23118224463639;;
21050004;3118220023208;CAFE FURTIF METAL VRAC GENCOD;;;13118220023205;23118220023202;;
71590041;3118220043237;CASSEROLE 18CM TOP CHEF EN FONTE D'ALUMINIUM;;;13118220043234;23118220043231;;
Comp0740210;3118220047778;ECROU FREIN NYLON M10 POUR PIED GONDOLE  H115 MM  REGLABLE;;;13118220047775;23118220047772;;
446950;3010005419506;CUILLERE TROQUET ANIS VIF 382C GENCOD EURODIF;;;13010005419503;23010005419500;;
316013;3118223160139;PAIN 19 ACIDULE BEE MANCHE ROUGE LAME INOX;;;13118223160136;23118223160133;;
143360;3118221433600;VISUEL+STICKER LINEAIRE CONFORAMA;;;;;;
Comp0840003;3118220026032;BOITE VIDE M16  BRUME FINLANDEK;;;13118220026039;23118220026036;;
30222283;3010006755207;COUTEAU BRETAGNE GENCOD EURODIF;;;13010006755204;23010006755201;;
Div0860028;3118220039629;ECO PARTICIPATION DEEE CUISEUR VAPEUR 9L;;;13118220039626;23118220039623;;
444410;3118224444108;VIANDE INOX FX CDF;;;13118224444105;23118224444102;;
446800;3118224468005;PAIN 20CM FORGE BOIS BACKELISE NOIR FX TB;;;13118224468002;23118224468009;;
448621;3118224486214;FOURCHETTE INEDIT ECOSSAIS BLEU +GENCOD;;;13118224486211;23118224486218;;
10960028;3118220018129;COUTEAU AUGUSTE NATUREL ERABLE LAME INOX BRILLANTE BERLINGOT;;;13118220018126;23118220018123;;
442665;3118224426654;CHEF 19 FURTIF BASIC MANCHE NOIR LAME INOX EN BOITE CADEAU;;;13118224426651;23118224426658;;
419040;3118224190401;LOT 4 FTTES TROQUET BLEU;;;13118224190408;23118224190405;;
Comp0740081;3118220026056;PORTE VERRE PLAT 1330 BLANC DRLX RAL9001;;;13118220026053;23118220026050;;
442280;3118224422809;MUG TERRACOTA MAT;;;13118224422806;23118224422803;;
444783;3118224447833;COFFRET 1 COUTEAU CERAMIQUE 155MM MANCHE BLEU LAME BLANCHE;;;13118224447830;23118224447837;;
306300;3118223063003;COUTEAU TABLE  ISLANDE;;;13118223063000;23118223063007;;
124259;3118221242592;VISUEL+STICKER LINEAIRE USTENSILES L100 CONFORAMA;;;;;;
432260;3118224322604;EMINCEUR ABSOLU MANCHE EBENE EN BERLINGOT;;;13118224322601;23118224322608;;
426360;3222472842101;EPLUCHEUR HG ADFLEX CASINO;;;13222472842108;23222472842105;;
10120092;3118220028050;6 COUTEAUX STEAK 12 CM  FORGE BOIS BACK BOITE VPC;;;13118220028057;23118220028054;;
419200;3118220106604;COUTEAU STEAK MICRODENTE;;;13118220106601;23118220106608;;
Comp0111;3118220007680;COFFRET BI MAT 255 VIDE POUR 6 STEAKS HECTOR;;;13118220007687;23118220007684;;
CCA62;3118220000223;BTE DECOUPEE430 X 280 X 50 Blanc;;;13118220000220;23118220000227;;
429630;3118224296301;DISPLAY  16 SOMMELIERS INOX+POLYPRO;;;13118224296308;23118224296305;;
40010004;3118220006003;ROULETTE PIZZA CERAMIQUE BLANCHE BRETAGNE SOUS BLISTER PEGB;;;13118220006000;23118220006007;;
31020033;3118220034044;FOURCHETTE NUANCE OPALE VERT VRAC + GENCOD;;;13118220034041;23118220034048;;
Comp0049;3118220008830;PORTE VERRE 1300 INCLINE;;;;;;
Cons0920001;3118220020665;SAC COTON NOIR 140G PRIVEE AVEC ANSES 40*35;;;13118220020662;23118220020669;;
11000019;3118220029989;STEAK CERAMIQUE SILICONE LAME BLANCHE TOP CHEF FRANCAIS FLAM;;;13118220029986;23118220029983;;
448460;3118224484609;DISPLAY PALETTE 378 PCES CERAMIQUE;;;13118224484606;23118224484603;;
Kit0002;3118220000438;BAC NOIR VIDE 2 CASES POUR MENAGERE CLEO;;;;;;
10140008;3118220015357;A UTILISER POUR MANGO;;;13118220015354;23118220015351;;
40590006;3118220046481;SET GANT EN CUIR ET COUTEAU A HUITRE;;;13118220046488;23118220046485;;
449091;3118224490914;BLOC BOIS 6 STEAKS ACIDULE NOIR CARBONE;;;13118224490911;23118224490918;;
60590002;3118220022140;SOMMELIER DESIGN EN BOITE BI MAT;;;13118220022147;23118220022144;;
411520;3118224115206;CAFE BULLE FRAMBOISE+GENCOD;;;13118224115203;23118224115200;;
306500;3118223065007;COUTEAU STEAK  ISLANDE;;;13118223065004;23118223065001;;
427572;3118224275726;FTTE LAG NACRE CHAMP MI+GENCOD;;;13118224275723;23118224275720;;
Kit0590001;3118220044203;KIT MON 1ER APPART BY TB;;;13118220044200;23118220044207;;
404090;3118224040904;FETTE BACCARAT METAL+GENCOD;;;;;;
10270012;3118220035935;COUTEAU T BONE BEEF 14CM BACKELISE TB PROFESS PACK ECOLOGIQ;;;13118220035932;23118220035939;;
446587;3118224465875;FOURCHETTE MANGO PRUNE 7650C;;;13118224465872;23118224465879;;
315450;3118223154503;JAMBON LAG EXPRESSION MANCHE BOIS NOIR;;;;;;
10210002;3118220002104;CUISINE17 LASURE BOIS COUL PANACHE FX COUTEAU DU CHEF SUISSE;;;13118220002101;23118220002108;;
31010013;3614613272821;M16 REFLET METALLISE PLOMB BOITE CARREFOUR;;;13614613272828;23614613272825;;
442430;3118224424308;RAVIER CARRE 17CM TERRACOTA MAT;;;13118224424305;23118224424302;;
436980;3118224369807;STEAK BAMBOO STICK BOITE DETAILLANT TB CLASSICS;;;13118224369804;23118224369801;;
10330001;3118220019560;COUTEAU JAMBON PP POINTU FX COUTEAU DU CHEF;;;13118220019567;23118220019564;;
10020111;3118220025387;EPLUCHEUR LAGUIOLE INTUITION 6 COULEURS ASSORTIES 523016;;;13118220025384;23118220025381;;
11000023;3118220035805;CHEF SILICONE TB PROFESSIONNEL PACK ECOLOGIQUE;;;13118220035802;23118220035809;;
40110008;3118220038394;PELLE A TARTE LAGUIOLE INTUITION BRILLANT;;;13118220038391;23118220038398;;
10424287;3118220007550;SLICER 21MAESTRO ALL-CLAD N°09 25/10 Z20C13 EVERCUT BERLINGO;;;13118220007557;23118220007554;;
10020013;3118220002029;CHEF 19 ACIDULE ROUGE 185C FX T3 COUT DU CHEF SUISSE;;;13118220002026;23118220002023;;
Kit0050;3118221429047;KIT PLV LINEAIRE COUVERTS L100 ARTS DE LA TABLE CONFORAMA;;;13118221429044;23118221429041;;
309620;3118223096209;CAFE ALIZE;;;13118223096206;23118223096203;;
437722;3118224377222;M16 SAN REMO BOITE COLLECTION INOX PCB4;;;13118224377229;23118224377226;;
Emba0003;3118220008373;COFFRET CARTON VIDE 6 CAFES ACIDULE;;;;;;
428860;3118224288603;CAFE SOHO +GENCOD;;;13118224288600;23118224288607;;
316024;3118223160245;EMINCEUR 13 ACIDULE BEE MANCHE NOIR CARBONE LAME INOX;;;13118223160242;23118223160249;;
448900;3118224489000;LOT 3 COUTEAUX MANGO ANIS 382C;;;13118224489007;23118224489004;;
Cons0850015;3118220033948;TETE D'IMPRESSION ZEBRA 300 DPI POUR ZT410 REF1058930-010;;;13118220033945;23118220033942;;
31100004;3118220017238;CAFE CALICOT UNION JACK VRAC GENCOD;;;13118220017235;23118220017232;;
10300008;3118220011779;BOITE DE 12 STEAKS  EXPRESSION METAL SATINE;;;13118220011776;23118220011773;;
413030;3118224130308;DESOSSER 15 METAL FX CDF;;;13118224130305;23118224130302;;
Cons0010;3118220003934;BROCHE SIMPLE SANS PORTE ETIQUETTE;;;13118220003931;23118220003938;;
10020021;3118220003682;POCHE ACIDULE ROUGE 185C LAME TITANE AVEC ETUI COFFRET BI MA;;;13118220003689;23118220003686;;
10020080;3118220013919;CISAILLE A CRUSTACES ACIDULE NOIR SUR CARTE;;;13118220013916;23118220013913;;
10680682;3118220008557;COFFRET 3 STEAK INEDIT UNION JACK;;;13118220008554;23118220008551;;
Kit0067;3118220006102;KIT PLV LINEAIRE MIXTE COUTEAUX COUVERTS L100 RUSSIE;;;13118220006109;23118220006106;;
403015;3118224030158;CUISINE 17CM FORGE  FX COUTEAU DU CHEF SUISSE;;;13118224030155;23118224030152;;
429540;3118224295403;FOURCHETTE BAGUETTE CHARME;;;;;;
422490;3390509952359;COUTEAU JAMBON 25CM BASIC;;;13390509952356;23390509952353;;
403374;3118224033746;CHEF 21CM SENSIO LAME TURQUOISE FOURREAU CDF;;;13118224033743;23118224033740;;
10840005;3118224489703;MARAICHER GRAPHIC SOUS BERLINGOT;;;13118224489700;23118224489707;;
30100004;3118220007291;BLOC  DROIT 6 COUTEAUX LAG ABS JAUNE-GRIS-BLEU;;;13118220007298;23118220007295;;
304680;3118223046808;CUILLERE CAFE AMANDE BLEU CIEL;;;;;;
427582;3118224275825;CUILL LAG NACRE CHAM MI+GENCOD;;;13118224275822;23118224275829;;
30040007;3118220006409;FOURCHETTE POIS CLASSIC ROUGE 198C  VRAC GENCOD;;;13118220006406;23118220006403;;
30790009;3118220032866;CUILLERE BOLERO TAUPE GENCOD;;;13118220032863;23118220032860;;
408710;3118224087107;SOMMELIER LAG CORNE LUXE COFFRET ACCORDEON;;;13118224087104;23118224087101;;
Comp0740146;3118220040106;HABILLAGE COTE DISPLAY OP VIDE LAGUIOLE HERITAGE;;;13118220040103;23118220040100;;
428921;3222475201127;OFFICE POLYPRO/FX CASINO;;;13222475201124;23222475201121;;
436251;3118224362518;Z STEAK 12 TRANSITION  FX CDF UNITAIRE REDOUTE;;;13118224362515;23118224362512;;
Kit0190001;3118220010857;DISPLAY 96 COUVERTS INEDIT USA;;;;23118220010851;;
442184;3118224421840;LOT DE 4 ASSIETTES DESSERT 20CM ARDOISE MAT;;;13118224421847;23118224421844;;
Comp0740183;3118220044661;PORTE VERRE INCLINE 300 DRLX POUR PRESENTOIR CUBE SMALL;;;13118220044668;23118220044665;;
Comp0050005;3118220033085;DECOUPE LAME CAFE SENS;;;13118220033082;23118220033089;;
440650;3118224406502;FOURCHETTE TABLE ALLIANCE SACHET+GENCOD;;;13118224406509;23118224406506;;
315222;3118223152226;STEAK BOIS VIOLETTE 676C;;;13118223152223;23118223152220;;
313356;3118223133560;CAFE AMANDE ANIS VRAC;;;;;;
10650005;3118220007758;OFFICE HECTOR NOIR REGLISSE BOITE CADEAU;;;13118220007755;23118220007752;;
448432;3118224484326;COFFRET HUITRE 7 PCES ACIDULE BLEU ACIER 5405C;;;13118224484323;23118224484320;;
421330;3118224213308;FILET DE SOLE 15 BOIS ROUGE TRADITION FX COUTEAU DU CHEF;;;13118224213305;23118224213302;;
316003;3118223160030;CHEF 19 ACIDULE BEE MANCHE ROUGE LAME INOX;;;13118223160037;23118223160034;;
40010008;3118220010260;ROULETTE PIZZA CERAMIQUE BLANCHE MANCHE BLEU SOUS BLISTER;;;13118220010267;23118220010264;;
Comp0105;3118220012103;VISUEL 130*4.5CM LES ARTS DE LA TABLE FINLANDEK;;;;;;
238948;3222472389484;CT CHEF 21 CM OXYGENE;;;13222472389481;23222472389488;;
409030;3118224090305;ERGOWINE SOFT TOUCH BTE FENETRE;;;13118224090302;23118224090309;;
10010024;3118220001633;COFFRET URBAN CERAMIQUE 3 STEAK LAME BLANCHE;;;13118220001630;23118220001637;;
302071;3118223020716;FOURCHETTE TABLE BACCARAT METAL BRILLANT;;;;;;
30020266;3118220031364;FOURCHETTE GATEAU ACIDULE BLANC PUR VRAC;;;13118220031361;23118220031368;;
306530;3118223065304;FOURCHETTE TABLE ZEPHIR ANIS;;;;;;
10020092;3118220017658;EPLUCHEUR FIL Y ACIDULE BLISTER COUL ASSORTI SUR CRAVATE;;;13118220017655;23118220017652;;
441633;3118224416334;POLYVALENT ABSOLU BOIS FX COUTEAU DU CHEF;;;13118224416331;23118224416338;;
10120151;3118220035744;FOURCHETTE DECOUPER FORGE TB PROFESSIONNEL SUR CARTE;;;13118220035741;23118220035748;;
446362;3118224463628;COFFRET CERAMIQUE CX 155MM LAME TITANE OR;;;13118224463625;23118224463622;;
314841;3118223148410;FOURCHETTE ACIDULE BEE VIOLET 5145C  VRAC;;;13118223148417;23118223148414;;
30656594;3118220015852;FOURCHETTE HECTOR BOIS VRAC AVEC GENCOD;;;13118220015859;23118220015856;;
446031;3118224460313;CAFE ACIDULE BEE VIOLET LILAS 5145C +GENCOD;;;13118224460310;23118224460317;;
30020320;3118220032651;CUILLERE ACIDULE ROUGE WB+GENCOD;;;13118220032658;23118220032655;;
143612;3118221436120;CAISSON 6 CASIERS SOMMEIL;;;13118221436127;;;
142905;3118221429054;KIT PLV LINEAIRE COUVERTS L130 ARTS LA TABLE LISA CRF BELG;;;13118221429051;23118221429058;;
124281;3118221242813;VISUEL+STICKER LINEAIRE COUTEAUX CORA FRANCE L133 2 BACS DE;;;;;;
428861;3010005420151;CAFE SOHO +GENCOD EURODIF;;;13010005420158;23010005420155;;
304040;3118223040400;SOMMELIER DESIGN;;;13118223040407;23118223040404;;
446451;3118224464519;CAFE ESCAPADE FRAMBOISE +GENCOD;;;13118224464516;23118224464513;;
21050003;3118220023192;CUILLERE FURTIF METAL VRAC GENCOD;;;13118220023199;23118220023196;;
446395;3118224463956;COFFRET CERAMIQUE 3CX EPL-95-155MM LAME TITANE MULTICOLOR;;;13118224463953;23118224463950;;
137380;3118221373807;PLEXI DU DISPLAY EXPRESSION SYST U;;;;;;
435720;3118224357200;CHEF 21 SENSIO+BTE DETAILLANT TB CLASSIC;;;13118224357207;23118224357204;;
21350003;3118220028135;COUTEAU CAP FERRET FINITION SABLEE CARTE PEGBORDABLE;;;13118220028132;23118220028139;;
10010193;3118220029064;DISPLAY CARTON 36 COFFRET 4 CERAMIQUE  MANCHE POIS COULEUR;;;13118220029061;23118220029068;;
447150;3118224471500;DISPLAY 96 PCES ACIDULE BEURRE-OFF-EPL COUL ASSORT;;;13118224471507;23118224471504;;
30040017;3118220006508;CUILLERE POIS GRAPHIK INEDIT MULTICOLOR VRAC GENCOD;;;13118220006505;23118220006502;;
313344;3118223133447;CUILLERE AMANDE ROUGE VRAC;;;13118223133444;23118223133441;;
448514;3118224485149;LOT 1BEURRE+1FROMAGE LAG ACIDULE ORANGE 1655C SOUS SACHET;;;13118224485146;23118224485143;;
Kit0122;3118220015609;DISPLAY 154 CERAMIQUE VENDEE 1/4 PALETTE 60*40 LC;;;13118220015606;23118220015603;;
431568;3118224315682;COUTEAU TROQUET IVOIRE PS+GENCOD;;;;;;
30090005;3118220002166;M16 EVOLUTION CUIR LIN 7535C;;;13118220002163;23118220002160;;
20110011;3118220023932;COUTEAU LAGUIOLE HERITAGE SATINE VRAC + GENCOD;;;13118220023939;23118220023936;;
306991;3118223069913;COUTEAU DE TABLE MISTRAL MARINE;;;13118223069910;23118223069917;;
440520;3118224405208;FOURCHETTE EMPIRE+GENCOD;;;13118224405205;23118224405202;;
Comp0850002;3118220019331;BOITE VIDE M24 CORA;;;13118220019338;23118220019335;;
11510025;3118220057173;CUISINE 17 CM BOIS STABILISE CARTONNETTE TB C;;;13118220057170;23118220057177;;
447040;3118224470404;CHEF 19CM FURTIF CLASSIC MANCHE NOIR LAME NOIR BERLINGOT;;;13118224470401;23118224470408;;
40010014;3118220014060;ROULETTE PIZZA CERAMIQUE BLANCHE VENDEE SOUS BLISTER PEG;;;13118220014067;23118220014064;;
427990;3118224279908;CUILLERE TABLE TOSCANE NE + UTILISER;;;13118224279905;23118224279902;;
30101095-OLD;3118220030237;MENAGERE LAGUIOLE INOX 16PCES FINITION BRILLANTE;;;13118220030234;23118220030231;;
Cons0400001;3118220013636;CAISSE AME. GC20 370 X 310 X 530 REF CCA22;;;;;;
445110;3257983864670;M16 CURVING SATINE CORA;;;13257983864677;23257983864674;;
601791;3118226017911;CARTOUCHE ENCRE BLEUE REF 41395508M NOTRE MACHINE SM570090;;;;;;
10770001;3118220016101;ESSAI WMS;;;13118220016108;23118220016105;;
Div0860007;3118220038011;MONTAGE USINAGE;;;13118220038018;23118220038015;;
440618;3118224406182;COFFRET 6 COUTEAUX LAG TABLE PLEXI  SAPHIR;;;13118224406189;23118224406186;;
Comp0202;3118221372626;SLEEVE 70*85 DOUBLE PERFORATION VERTICALE PET 50µ 137262;;;13118221372623;23118221372620;;
10020038;3118220008939;CISEAU 22.5CM ACIDULE ROUGE SUR CARTE;;;13118220008936;23118220008933;;
30020279;3118220010901;CAFE ACIDULE BEE ORANGE 1655C +GENCOD;;;13118220010908;23118220010905;;
10960066;3118220018976;TUBO NOIR 6 COUT AUGUSTE PREMIUM POM BLANC SUCRE GLACE L MAT;;;13118220018973;23118220018970;;
10050029;3118220025219;OFFICE SENS MANCHE OLIVIER SACHET + GENCOD;;;13118220025216;23118220025213;;
30020328;3118220034747;FOURCHETTE ACIDULE BEE JAUNE CUMIN 7752C VRAC;;;13118220034744;23118220034741;;
436030;3118224360309;MARAICHER SEDUCTION BTE;;;13118224360306;23118224360303;;
30150001;3118220002647;COUTEAU AMANDE TURQUOISE+GENCOD;;;13118220002644;23118220002641;;
Kit0071;3118220007505;KIT DISPLAY PALETTE CERAMIQUE NOEL 2015 FLOCON;;;13118220007502;23118220007509;;
136520;3118221365208;DISPLAY VIDE ROUGE 4 CX ACIDULE 31.5*34.5*24;;;;;;
11280002;3367305228087;CUISINE 16 FUSION/ADFLEX FX PRADEL HERITAGE 522808;;;13367305228084;23367305228081;;
444665;3118224446652;M16 ACIDULE BEE TAUPE WARM GREY 8;;;13118224446659;23118224446656;;
315993;3118223159935;CUISINE 17 ACIDULE BEE MANCHE ROUGE LAME INOX;;;13118223159932;23118223159939;;
10650014;3118220008793;PAIN 21 HECTOR BLANC GLACIER FOURREAU COUTEAU DU CHEF;;;13118220008790;23118220008797;;
402673;3118224026731;6 CTX LAG ABS VERT BLOC DROIT;;;13118224026738;23118224026735;;
10210006;3118220003781;PAIN LAG LASURE MANCHE BOIS NATUREL FX TB EXP FR ALLEMAND;;;13118220003788;23118220003785;;
442841;3118224428412;COFFRET BORDEAU A FENETRE 6 FETTES LAG IVOIRE NACRE MI;;;13118224428419;23118224428416;;
31100013;3118220017320;COUTEAU CALICOT SCANDINAVE NOIR VRAC GENCOD;;;13118220017327;23118220017324;;
Kit0750024;3118220031012;DISPLAY CARTON 114 CTX PROFESSIONNELS TOP CHEF LEADER PRICE;;;13118220031019;23118220031016;;
438550;3118224385500;M24 INFINITY ROUGE EN RANGE COUVERTS;;;13118224385507;23118224385504;;
448515;3118224485156;LOT 1BEURRE+1FROMAGE LAG ACIDULE VERT 368C SOUS SACHET;;;13118224485153;23118224485150;;
123845;3118221238458;STICKER POUR COFFRET 6 STEAKS ACIDULE;;;;;;
441320;3118224413203;M24 PALACE ROUGE;;;13118224413200;23118224413207;;
315230;3118223152301;EPLUCHEUR BOIS PERVENCHE VIOLET C;;;;;;
Comp0740147;3118220040113;FOND + CASQUETTE DISPLAY OP LAG HERITAGE;;;13118220040110;23118220040117;;
442226;3118224422267;LOT DE 6 TASSE CAFE 12CL TERRACOTA MAT;;;13118224422264;23118224422261;;
407330;3118224073308;M24 BALLET BTE  LISA D'ALBAN;;;13118224073305;23118224073302;;
448930;3118224489307;LOT 3 COUTEAUX MANGO ROUGE 185C;;;13118224489304;23118224489301;;
10010011;3118220001176;COFFRET 3 CERAMIQUE STEAK+CHEF155+EPL LAME NOIRE PANACHE 4;;;13118220001173;23118220001170;;
30020267;3118220031401;FOURCHETTE GATEAU ACIDULE ROUGE 185C VRAC;;;13118220031408;23118220031405;;
Comp0065;3118220009585;BOITE PRET A VENDRE PM 360*250*60 MICRO BLANC 1 FACE;;;13118220009582;23118220009589;;
30040008;3118220006416;CUILLERE POIS CLASSIC ROUGE 198C VRAC GENCOD;;;13118220006413;23118220006410;;
442123;3118224421239;LOT DE 3 ASSIETTES PLATES 26CM ARDOISE MAT;;;13118224421236;23118224421233;;
10020097;3118220020535;CISEAU UNIVERSEL ACIDULE ROSE SUR CARTE;;;13118220020532;23118220020539;;
Kit0740044;3118220056527;GONDOLE BASSE COUTEAUX 1330*400*1455 MM  CARREFOUR;;;13118220056524;23118220056521;;
31100011;3118220017306;CUILLERE CALICOT PIXEL VRAC GENCOD;;;13118220017303;23118220017300;;
446341;3118224463413;SANTUKO 17CM EQUILIBRE JAPONAIS CDF +BERLINGOT;;;13118224463410;23118224463417;;
433380;3118224333808;CUISINE TRANSITION+ BTE GRISE+ STICKER;;;13118224333805;23118224333802;;
30650027;3118220006881;COUTEAU HECTOR MASTIC 7536C VRAC GENCOD;;;13118220006888;23118220006885;;
441560;3118224415603;SPATULE TETE INOX EXPRESSION /CARTE;;;13118224415600;23118224415607;;
123855;3118221238557;PLEXI DU LINEAIRE CVT 133 COMPOSE DE 2 VITRINES 64,5*29,4 RE;;;13118221238554;23118221238551;;
446361;3118224463611;COFFRET CERAMIQUE CX 75MM LAME TITANE OR;;;13118224463618;23118224463615;;
431520;3118224315200;COUTEAU TROQUET ROUGE PS+GENCOD;;;13118224315207;23118224315204;;
303170;3118220005792;CT HUITRE PLASTIQUE GARDE NOIR ANCIEN MOD;;;;;;
Comp0058;3118221364911;BLOC BLANC SERIGRAP VIDE 12*12CM POUR 6 USTENSILES CUISINE;;;13118221364918;23118221364915;;
40020027;3118220025752;RAPE ACIDULE COLLECTION COULEUR 2.9 + GENCOD;;;13118220025759;23118220025756;;
CPB01;3118220000254;PLANCHE BOIS HETRE AVEC RIGOLE ET RECUPERE JUS 38X19.6X1.5CM;;;13118220000251;23118220000258;;
449212;3118224492123;CUILLERE SENS BLANC PUR+GENCOD;;;13118224492120;23118224492127;;
433330;3118224333303;COF.LUXE 6 CUIL LAG BOIS NOIR GS;;;13118224333300;23118224333307;;
444741;3118224447413;COFFRET 2 CERAMIQUE 95MM+155MM +1 EPL MANCHE ANIS LAME BLANC;;;13118224447410;23118224447417;;
444351;3118224443514;FOURCHETTE VICHY BLEU TURQUOISE 321C;;;13118224443511;23118224443518;;
Emba0027;3118220003217;CAISSON DE 7 CASIERS DIM 1180MM;;;13118220003214;;;
10960037;3118220018211;COUTEAU AUGUSTE PREMIUM G10 ORANGE L REVETU NOIR BERLINGOT;;;13118220018218;23118220018215;;
30656603;3118220019256;M16 HECTOR BLEU 534C;;;13118220019253;23118220019250;;
Cons0072;3118220033696;BAC BASICLINE 2772/000314-401001 400*300*270MM GREY 412;;;13118220033693;23118220033690;;
10120042;3118220020917;COFFRET CARTON 1OFF + 1STEAK + 1CUIS20 FORGE MAESTRO IDEAL;;;13118220020914;23118220020911;;
137430;3118221374309;KIT PLV LINEAIRE COUTEAUX H160 L100 CONFORAMA SUISSE FR-AL;;;13118221374306;23118221374303;;
30303046;3118220015043;CUILLERE TABLE EXPRESSION MANCHE BOIS NOIR VRAC;;;;;;
446810;3118224468104;FILET DE SOLE 16CM FORGE BOIS BACKELISE NOIR FX TB;;;13118224468101;23118224468108;;
137431;3118221374316;KIT PLV LINEAIRE COUVERTS L100 CONFORAMA SUISSE;;;13118221374313;23118221374310;;
137374;3118221373746;MEUBLE DISPLAY2 TABLETTE 80*120;;;;;;
21450009;3118220031692;COUTEAU RIVAGE BOITE DE 12;;;13118220031699;23118220031696;;
30040025;3118220012158;M24 POIS CLASSIC NOIR EN POT PET;;;13118220012155;23118220012152;;
11980018;3118220053304;STEAK LAG HERITAGE ACCESS MIF BOIS CLAIR VRAC;;;13118220053301;23118220053308;;
143797;3118221437974;PLATEAU SUPPORT ECHANTILLON COUTEAUX FLY SETAM 960*431,5MM;;;13118221437971;;;
20160015;3118220023260;COUTEAU OSLO DECOR ETOILE ANTHRACITE VRAC + GENCOD;;;13118220023267;23118220023264;;
30050019;3118220010482;COUTEAU STEAK SENS ROSE 226C VRAC;;;13118220010489;23118220010486;;
442420;3118224424209;RAVIER CARRE 17CM ARDOISE MAT;;;13118224424206;23118224424203;;
448691;3118224486917;COFFRET CERAMIQUE CUISINE 125MM SUISSE LAME BLANCHE;;;13118224486914;23118224486911;;
10010050;3118220005303;COFFRET 3CERAMIQUE CHEF+STEAK+EPL MANCHE USA  LAME BLANCHE;;;13118220005300;23118220005307;;
444743;3118224447437;COFFRET 2 CERAMIQUE 95MM+155MM +1 EPLU MANCHE BLEU LAME BLAN;;;13118224447434;23118224447431;;
441220;5400247057266;OFFICE BOIS NATUREL SLEEVE CORA;;;15400247057263;25400247057260;;
30970029;3118220016415;CAFE ECUME OLIVE GREEN 5763C VRAC GENCOD;;;13118220016412;23118220016419;;
432530;3118224325308;POELE AXIO 26CM+BANDEAU;;;13118224325305;23118224325302;;
Comp0740216;3118220047839;EQUERRE 2 POSITIONS (0-15°) 3 ACCROS LGR500MM  NOIR RAL 9005;;;13118220047836;23118220047833;;
143837;3118221438377;CACHE POTEAU DISPLAY PALETTE 80*120*180 ET 1/2 PALETTE 80*60;;;;;;
407260;3118224072608;M24 PASSEMENTRIE LISA.A  BTE CAD;;;13118224072605;23118224072602;;
10210005;3118220003774;CUISINE 19 LAG LASURE MANCHE BOIS NATUREL FX TB EXP FR ALLEM;;;13118220003771;23118220003778;;
427573;3118224275733;FTTE LAG NACRE BLEU MI+GENCOD;;;13118224275730;23118224275737;;
434062;3118224340622;M24 TROQUET VERT MEDIUM 367C POT PET;;;13118224340629;23118224340626;;
444752;3118224447529;COFFRET 3 CX STEAK CERAMIQUE MANCHE PRUNE LAME BLANCHE;;;13118224447526;23118224447523;;
Comp0740080;3118220026049;PORTE VERRE 1330 INCLINE BLANC DRLX RAL 9001;;;13118220026046;23118220026043;;
442293;3118224422939;LOT DE 3 BOLS TALON 14CM 40CL IVOIRE MAT;;;13118224422936;23118224422933;;
Comp0110006;3118220038509;BOITE PM LAGUIOLE HERITAGE EMINCEUR 13CM;;;13118220038506;23118220038503;;
439930;3118224399309;EMINCEUR 13CM LAG EXPRESSION POM EN BTE TB CLASSICS;;;13118224399306;23118224399303;;
302131;3118223021317;CUILLERE CAFE TROQUET JAUNE PS;;;13118223021314;23118223021311;;
423920;3390509946150;OFFICE METAL INOX EXP;;;13390509946157;23390509946154;;
415370;3118224153703;COUT ZEPHIR ANIS+GENCOD;;;13118224153700;23118224153707;;
10424311;3118220031661;TRANCHELARD 20CM MAESTRO EN BOITE RETAIL;;;13118220031668;23118220031665;;
603120;3118226031207;RAMETTE DE PAPIER A4;;;;;;
446533;3118224465332;COUTEAU POIS INEDIT ROUGE 485C;;;13118224465339;23118224465336;;
30101081;3118220018778;SERVICE A DECOUPER LAG BLEU NACRE COFFRET BOIS;;;13118220018775;23118220018772;;
20520004;3118220043985;CAFE VIEUX PARIS EN BOITE KRAFT PEGBOARDABLE;;;13118220043982;23118220043989;;
Div0860009;3118220038035;MOULE INJECTION;;;13118220038032;33118220038039;;
Kit0750025;3118220031852;DISPLAY 324PCES COUTELLERIE PRO 1/4PAL TOP CHEF GALEC;;;13118220031859;23118220031856;;
302122;3118223021225;CUILLERE TABLE TROQUET LAVANDE PS;;;;;;
20200003;3118220011854;FOURCHETTE KOS (TOSCANE) BRILLANT+GENCOD;;;13118220011851;23118220011858;;
30140027;3118220007024;FOURCHETTE MANGO TAUPE 7531C VRAC;;;13118220007021;23118220007028;;
40020023;3118220024281;FOURCHETTE A SPAGHETTI PENDERIE INTUITION METAL SUR CARTE;;;13118220024288;23118220024285;;
431590;3118224315903;CAFE TROQUET NOIRE PS+GENCOD;;;13118224315900;23118224315907;;
Kit0076;3118220009226;DISPLAY 12 COFFRETS CERAMIQUE COUL REF10010039+REF10010042;;;13118220009223;23118220009220;;
123851;3118221238519;PLEXI DU LINEAIRE CONFO-FNAC-FLY L100 COMPOSE DE 2 VITRINES;;;;;;
136120;3118221361200;ECRIN PLASTIQUE+SUREMBALLAGE 2 OFFICES EVERCUT;;;13118221361207;23118221361204;;
442270;3118224422700;MUG ARDOISE MAT;;;13118224422707;23118224422704;;
Comp0740077;3118220025868;PORTE VERRE 1330x500 INCLINE DRLX RAL 9001;;;13118220025865;23118220025862;;
436420;3118224364208;LAG FERMANT 12CM CORNE+BTE DETAILLANT;;;13118224364205;23118224364202;;
441775;3118224417751;COFFRET 2 CERAMIQUE 95MM-155MM +1 EPL MARQUE TB LAME BLANCHE;;;13118224417758;23118224417755;;
409850;3118224098509;6 CUIL LAG BOIS PALIS MI BTE FEN;;;13118224098506;23118224098503;;
430300;3118224303009;EMINCEUR GRAPHIC / BTE;;;13118224303006;23118224303003;;
11060021;3118220023055;COUTEAU EASTMAIN MICARTA FIBRE DE VERRE +ETUI AFFUTAGE+BOITE;;;13118220023052;23118220023059;;
443890;3118224438909;COFFRET 6 STEAKS EXPRESSION BOIS NOIR;;;13118224438906;23118224438903;;
Comp0050001;3118220019584;HUITRE EVOL SENS LASURE COUL PANACHE VRAC;;;13118220019581;23118220019588;;
137657;3118221376570;VISUEL+STICKER COUTEAUX FLY SETAM France;;;;;;
21330002;3118220028173;M16 GUERANDE FINITION SABLEE 18/0 BOITE PREMIUM;;;13118220028170;23118220028177;;
436440;3118224364406;LAG FERMANT 11CM CORNE+BTE DETAILLANT;;;13118224364403;23118224364400;;
260451;3222472604518;GRILLADE POLYPRO RIVETS;;;13222472604515;23222472604512;;
Kit0058;3118220005020;KIT PLV LINEAIRE COUTEAUX H160 L100 CONFORAMA;;;13118220005027;23118220005024;;
303292;3118223032924;COUTEAU DE POCHE ROUGE;;;;;;
Kit0740009;3118220030077;PLV LINEAIRE COUTEAUX PROFESSIONNELS TOP CHEF CRF MARKET BEL;;;13118220030074;23118220030071;;
Comp0700001;3118220019751;BOITE DECOUPEE POLYVALENT/SANTUKO EVERCUT 415*130*45 C30;;;13118220019758;23118220019755;;
426730;3118224267301;CHEF CHALET VRAC+GENCOD;;;13118224267308;23118224267305;;
Comp0740027;3118220018488;PORTE VERRES/MENAGERES INCLINE 1330 DRLX;;;13118220018485;23118220018482;;
449192;3118224491928;COUTEAU SENS BLANC PUR+GENCOD;;;13118224491925;23118224491922;;
427750;3118224277508;COUTEAU VIEUX PARIS SATINE+GENCO;;;13118224277505;23118224277502;;
444360;3118224443606;CUILL VICHY ROSE 214C;;;13118224443603;23118224443600;;
30040012;3118220006454;CUILLERE POIS CLASSIC GRIS COOL GREY 11C VRAC GENCOD;;;13118220006451;23118220006458;;
10960035;3118220018198;COUTEAU AUGUSTE NATUREL EBENE LAME REVETU NOIR BERLINGOT;;;13118220018195;23118220018192;;
301160;3118223011608;COUTEAU TABLE VIEUX PARIS;;;;;;
407290;3118224072905;M24 EVIDENCE BTE CADEAU LISA D'A;;;13118224072902;23118224072909;;
Comp0122;3118220012684;ETIQUETTE ADHESIVE 5.7*2.7CM LAG EVOL COFFRET 6 COUTEAUX;;;13118220012681;23118220012688;;
143356;3118221433563;KIT PLV LINEAIRE COUVERTS CORA L133;;;13118221433560;23118221433567;;
440510;3118224405109;COUTEAU EMPIRE+GENCOD;;;13118224405106;23118224405103;;
441410;3118224414101;COFFRET BOIS SERV FROMAGE LAG METAL 2 PCES PM;;;13118224414108;23118224414105;;
10340013;3118220023659;COFFRET 6 STEAK BOIS 2 RIVETS DEMI SOIE;;;13118220023656;23118220023653;;
11060022;3118220023062;COUTEAU CILAOS MICARTA COTON  + ETUI AFFUTAGE + BOITE;;;13118220023069;23118220023066;;
436432;3118224364321;LAG FERMANT 12CM BOIS NOIR+BTE DETAILLANT;;;13118224364328;23118224364325;;
444880;3118224448809;M24 TROQUET PS POT PET PANACHE ROUGE-TAUPE-PRUNE;;;13118224448806;23118224448803;;
304170;3118223041704;CT LAG FROMAGE PALISS 15/10 ML;;;;;;
30790005;3118220011984;M16 BOLERO IVOIRE VRAC;;;13118220011981;23118220011988;;
Kit0390001;3118220016026;ENSEMBLE 5 COFFRETS TRANSITION;;;13118220016023;23118220016020;;
31020032;3118220034037;COUTEAU NUANCE OPALE VERT VRAC + GENCOD;;;13118220034034;23118220034031;;
Cons0060;3118220033597;ENVELOPPE AUTO ADHESIVE C5 SANS FENETRE 80G NOIR+VERT 382;;;13118220033594;23118220033591;;
448765;3118224487655;CAFE EVOLUTION CUIR CAMEL 7407C+GENCOD;;;13118224487652;23118224487659;;
413050;3118224130506;OFFICE METAL FX CDF;;;13118224130503;23118224130500;;
10960097;3118220055964;COFFRET BOIS 6 CTX AUGUSTE PREMIUM POM NOIR CAVIAR L NOIRE;;;13118220055961;23118220055968;;
448210;3118224482100;CUISINE 19 LAG  LASURE  MANCHE BOIS GRISE SOUS FX TB T3;;;13118224482107;23118224482104;;
441732;3118224417324;SANTUKO EXPRESSION LAG EVOL MANCHE BOIS NOIR BOITE GRISE EXP;;;13118224417321;23118224417328;;
11510013_Sylob;3118220042247;CUISINE 17 CM BOIS STABILISE EN BERLINGOT;;;13118220042244;23118220042241;;
449222;3118224492222;CAFE SENS BLANC PUR+GENCOD;;;13118224492229;23118224492226;;
303183;3118223031835;CT HUITRE POLYPRO SS GARDE BLEU M101200PP;;;13118223031832;23118223031839;;
446491;3118224464915;SANTUKO 17CM JAPONAIS TB +BERLINGOT;;;13118224464912;23118224464919;;
300370;3118223003702;CUILL MOKA CLEO 18% 10/10;;;;;;
Comp0050;3118220008847;PORTE VERRE 1330 INCLINE;;;;;;
404462;3118224044629;M24 MAC GREGOR VERT POT PET;;;13118224044626;23118224044623;;
439220;3118224392201;CUISINE 17 BOIS ELAN FX COUTEAU DU CHEF;;;13118224392208;23118224392205;;
421520;3118224215203;TIRE BOUCHON A LEVIER METAL OS;;;13118224215200;23118224215207;;
136059;3118221360593;STICKER POUR GAMME FORGE EN BTE GRISE;;;13118221360590;23118221360597;;
10100027;3661075364175;BLOC BOIS NOIR 6 CTX LG INTUITION METAL PVD NOIR  POLYFLAME;;;;3661075364182;;
30170012;3118220004818;COUTEAU LAG DUO VERT 381C+ GENCOD;;;13118220004815;23118220004812;;
Kit0010032;3118220029071;DISPLAY 114 COFFRET 4 CERAMIQUE MANCHE POIS COUL 1/4 PALETTE;;;13118220029078;23118220029075;;
444660;3118224446607;M16 ACIDULE BEE ANIS 583C;;;13118224446604;23118224446601;;
50020011;3118220004047;VERRE PM 34 ACIDULE NOIR CARBONE;;;13118220004044;23118220004041;;
11980023;3118220053359;STEAK LAG HERITAGE MEDIUM MIF METAL VRAC;;;13118220053356;23118220053353;;
10010004;3118220001107;COFFRET 1 CHEF 155 CERAMIQUE LAME BLANCHE PANACHE 4 COULEURS;;;13118220001104;23118220001101;;
CoutPrecSantBerl0001;3118220001527;SANTUKO 18 CM PRECISION SOUS BERLINGOT;;;;;;
313103;3118223131030;CAFE BOLERO GRIS FONCE VRAC;;;;;;
142870;3118221428705;DOCUMENTATION EVERCUT POUR PRESENTOIR VERSION PORTUGAISE;;;13118221428702;23118221428709;;
120817;3118221208178;PLEXI DU LINEAIRE CRF 133CM;;;13118221208175;;;
445781;3118224457818;COFFRET BORDEAU A FENETRE 6 FETTES LAG ROUGE NACRE;;;13118224457815;23118224457812;;
301690;3118223016900;CUILLERE CAFE MC GREGOR VERT;;;;;;
10010054;3118220005945;COFFRET 1 OFFICE CERAMIQUE BLANCHE MANCHE BRETAGNE;;;13118220005942;23118220005949;;
30020325;3118220032705;CAFE ACIDULE TURQUOISE WB+GENCOD;;;13118220032702;23118220032709;;
404360;3118224043608;SERV SALADE LAG METAL COF.BOIS;;;13118224043605;23118224043602;;
418850;3118224188507;STEAK 12 CM  FORGE BOIS BAC/FRX;;;13118224188504;23118224188501;;
10270015;3118220036147;COFFRET OFF+CUIS+BOUCHER+PAIN TRADITION EN BOITE NEUTRE;;;13118220036144;23118220036141;;
Kit0740016;3118220035126;PLV LINEAIRE COUTEAUX 900 CENTRAKOR;;;13118220035123;23118220035120;;
441652;3118224416525;BOULANGER ABSOLU BOIS FX TB;;;13118224416522;23118224416529;;
442113;3118224421130;LOT DE 3 ASSIETTTES PLATES 26CM IVOIRE MAT;;;13118224421137;23118224421134;;
437650;3118224376508;M24 AMANDE ANIS BTE CAD LISA;;;13118224376505;23118224376502;;
405077;3118224050774;SERV SALADEIV LAG ABS COF.BOIS;;;13118224050771;23118224050778;;
Kit0010027;3118220019577;DISPLAY 82 CERAMIQUE VENDEE 1/4 PALETTE 60*40 LC;;;13118220019574;23118220019571;;
412921;3118224129210;COUTEAU FROMAGE LAGUIOLE BOIS;;;13118224129217;23118224129214;;
446445;3118224464458;CUILLERE ESCAPADE MANDARINE +GENCOD;;;13118224464455;23118224464452;;
448755;3118224487556;CUILLERE EVOLUTION CUIR CAMEL 7407C+GENCOD;;;13118224487553;23118224487550;;
442403;3118224424032;LOT DE 3 ASSIETTES CARREES DESSERT 21CM TERRACOTA MAT;;;13118224424039;23118224424036;;
30190010;3061006449405;CAFE INEDIT USA+GENCOD EURODIF;;;13061006449402;23061006449409;;
Kit0056;3118220004658;KIT PLV LINEAIRE MIXTE COUTEAU-COUVERT L133 MERCURE;;;13118220004655;23118220004652;;
10960086;3118220023772;COFFRET BI MAT 6 COUTEAUX AUGUSTE ABS NOIR;;;13118220023779;23118220023776;;
315992;3118223159928;CUISINE 17 ACIDULE BEE MANCHE NOIR CARBONE LAME INOX;;;13118223159925;23118223159922;;
445500;3118224455005;SANTUKO GAMME JAPONAISE FX CDF EXPORT T3;;;13118224455002;23118224455009;;
Kit0075;3118220009202;DISPLAY 166 CERAMIQUE CORSE 1/4 PALETTE 60*40 LC;;;13118220009209;23118220009206;;
448215;3118224482155;CUISINE 19 LAG LASURE MANCHE BOIS NATUREL SOUS FX COUTEAU DU;;;13118224482152;23118224482159;;
Comp0088;3118220010628;COFFRET BI MAT VIDE CHEF 21 MAESTRO EVERCUT+ETUI+STICKER;;;13118220010625;23118220010622;;
10840011;3118220028036;6 COUTEAUX STEAK STICK PP EN BOITE VPC;;;13118220028033;23118220028030;;
10010102;3118220010383;COFFRET 1 CHEF 15 CERAMIQUE METALLISE BRONZE LAME BLANCHE;;;13118220010380;23118220010387;;
444300;3118224443002;LOT 2 STEAKS BOIS LAG EN BOX PROMO 180 LOTS;;;13118224443009;23118224443006;;
Comp0114;3118220012387;TRANCHER 22 EXPRESSION METAL SATINE VRAC;;;13118220012384;23118220012381;;
30140038;3118220011465;CUILLERE MANGO CHOCOLAT 7533C VRAC;;;;;;
444756;3118224447567;COFFRET 3 CX STEAK CERAMIQUE MANCHE VIOLET 262C LAME BLANCHE;;;13118224447564;23118224447561;;
304400;3118223044002;COUTEAU TABLE GRENOBLE INOX;;;13118223044009;23118223044006;;
446565;3118224465653;CAFE POIS INEDIT JAUNE 3965C;;;13118224465650;23118224465657;;
306870;3118223068701;BOUCHON CHAMPAGNE+GENCOD;;;13118223068708;2311822306875;;
Kit0500001;3118220057265;DISPLAY 24 SURICATES SS BLISTER HETRE-BLEU-VERT-OCRE-TERRA;;;13118220057262;23118220057269;;
447240;3118224472408;OFFICE BOIS GRIS LAG EVOLUTION LASURE  + BERLINGOT;;;13118224472405;23118224472402;;
143610;3118221436106;BAC 3 COMPARTIMENTS CONFORAMA;;;13118221436103;23118221436100;;
11500005;3118220029866;PAIN POLYMERE TOP CHEF FRANCAIS FLAMAND;;;13118220029863;23118220029860;;
10600010;3118220057180;BLOC DE RANGEMENT UNIVERSEL ACACIA TB COLLECTION;;;13118220057187;23118220057184;;
Comp0100003;3118220021013;CALAGE 445*285*125 LAG EVOLUTION 3 COMPARTIMENTS 124273;;;13118220021010;23118220021017;;
306180;3118223061801;LOUCHE VIEUX PARIS;;;13118223061808;23118223061805;;
449030;3118224490303;LOUCHE PENDERIE ACIDULE COUL ASS SUR CARTE;;;13118224490300;23118224490307;;
19524;3118220012462;BOITE DE 12 STEAK MANCHE BOIS PRO MUNDI AUSTRALIE;;;13118220012469;23118220012466;;
430280;3118224302804;TABLE OXYGENE AVEC SLEEVE+GENCOD;;;13118224302801;23118224302808;;
10340012;3367302003007;LOT 2 OFFICES MANCHE BOIS NAT+SLEEVE GERS EQUIP523265-533414;;;;13367305334143;;
Comp0100;3118221362016;1/2 CAISSE 410*400*253 C20;;;13118221362013;23118221362010;;
436261;3118224362617;Z PAIN TRANSITION FX CDF UNITAIRE REDOUTE;;;13118224362614;23118224362611;;
446563;3118224465639;CAFE POIS INEDIT ROUGE 485C;;;13118224465636;23118224465633;;
30970020;3118220016323;CUILLERE ECUME BLEU CURACAO 313C VRAC GENCOD;;;13118220016320;23118220016327;;
10960088;3118220026353;COFFRET BOIS 4 COUT AUGUSTE PREMIUM POM BLANC SUCRE G L INOX;;;13118220026350;23118220026357;;
436263;3118224362631;PAIN 21CM TRANSITION  FX TB;;;13118224362638;23118224362635;;
10960067;3118220018983;TUBO NOIR 6 COUT AUGUSTE PREMIUM POM GRIS PAVOT REVETU NOIR;;;13118220018980;23118220018987;;
442260;3118224422601;MUG IVOIRE MAT;;;13118224422608;23118224422605;;
10340001;3118223092003;OFFICE LUXE TT M.OLIVIER VRAC;;;;;;
30020292;3118220016934;6 CUILLERES ACIDULE COUL ASSORTIES EN BOITE VPC;;;13118220016931;23118220016938;;
Kit0750027;3118220034495;DISPLAY BOIS LE MAREYEUR 100% MADE IN FRANCE V2;;;13118220034492;23118220034499;;
444280;3118224442807;M16 ESCAPADE TURQUOISE BTE LISA DECO;;;13118224442804;23118224442801;;
436061;3118224360613;BOULANGER SEDUCTION BERLINGOT;;;13118224360610;23118224360617;;
Comp0003;3118220008052;COIFFE EN CARTON DISPLAY 1/4 PALETTE 62*42*180CM C20;;;;;;
10020109;3118220023666;COFFRET 6 STEAK LAGUIOLE INTUITION METAL;;;13118220023663;23118220023660;;
10424296;3118220012264;MAESTRO TB N°13 STEAK 12CM BERLINGOT;;;13118220012261;23118220012268;;
309660;3118223096605;CAFE KOBE;;;13118223096602;23118223096609;;
136232;3118221362320;ETIQ CORA STEAKS TROQUET WINNY;;;;;;
11060066;3118220029378;PLV COMPTOIR 9 COUTEAUX FERMANT UNBOXER NOIR BLEUTE;;;13118220029375;23118220029372;;
30050020;3118220010499;COUTEAU STEAK SENS ORANGE 1655C VRAC;;;13118220010496;23118220010493;;
Kit0750053;3118220045545;KIT PLV MAGASIN HYPER M OP FIDELITE TOP CHEF 2024;;;13118220045542;23118220045549;;
433561;3010005419674;COUTEAU BAROQUE +GENCOD EURODIF;;;13010005419671;23010005419678;;
448913;3118224489130;LOT 3 CAFES MANGO TAUPE 7531C;;;13118224489137;23118224489134;;
10010179;3118220019447;COFFRET OFFICE CERAMIQUE DENTE LAME NOIRE;;;13118220019444;23118220019441;;
443110;3118224431108;COFFRET BORDEAUX 6 FETTES METAL LAG;;;13118224431105;23118224431102;;
446973;3118224469736;BEURRE ACIDULE COUL PANACHE PROMO;;;13118224469733;23118224469730;;
000247;3118220002470;INTERIM COMMERCIAL;;;;;;
302121;3118223021218;CUILLERE TABLE TROQUET JAUNE PS;;;13118223021215;23118223021212;;
438610;3118224386101;COF LUXE 6 CX LAG MULTICOLOR HAUT DE GAMME;;;13118224386108;23118224386105;;
436591;3118224365915;SANTUKO FORGE +BERLINGOT TB CLASSIC;;;13118224365912;23118224365919;;
40010013;3118220013377;ROULETTE PIZZA CERAMIQUE TIE AND DIE BLISTER PEGB COUL PANAC;;;13118220013374;23118220013371;;
Comp0080004;3118220022317;CHEF 19 FURTIF EVERCUT CLASSIC MANCHE NOIR;;;13118220022314;23118220022311;;
10010096;3118220010314;COFFRET 1 OFFICE CERAMIQUE METALLISE ARGENT LAME BLANCHE;;;13118220010311;23118220010318;;
430402;3118224304020;SET 9 USTENSILES MANCHE METAL BOITE VPC;;;13118224304027;23118224304024;;
Comp0740030;3118220021488;ENSEMBLE VISUEL MAGNET LINEAIRE COUT133 MARKET T6;;;13118220021485;23118220021482;;
31100018;3118220017375;FOURCHETTE CALICOT SCANDINAVE ROUGE 483C VRAC GENCOD;;;13118220017372;23118220017379;;
71590013;3118220032224;PALETTE 120X80 COMPLETE CUISSON TOPCHEF NEVERSTICK2+KAKEMONO;;;13118220032221;23118220032228;;
10280002;3118220036123;Z COFFRET OFF+DEBA+UNIV+YANA+SANTUKO EQUILIBRE-BOITE NEUTRE;;;13118220036120;23118220036127;;
10950006;3118220015241;TARTINEUR GAUCHER GUY SAVOY SOUS SACHET;;;13118220015248;23118220015245;;
11700005;3118220037069;CHEF 20CM BRIGADE TB COLLECTION PACK ECOLOGIQUE;;;13118220037066;23118220037063;;
445900;3118224459003;CHEF 20 LAME ANTI ADH FRAMBOISE 221C MANCHE GRIS 7530C-FRAMB;;;13118224459000;23118224459007;;
448100;3118224481004;CUISINE 17 ACIDULE MANCHE NOIR CARBONE SOUS FX T3 COUT DU CH;;;13118224481001;23118224481008;;
314300;3118223143002;COUTEAU VRAC SAN REMO;;;13118223143009;23118223143006;;
30050038;3118220050198;CAFE SENS  MULTICOLOR +GENCOD;;;13118220050195;23118220050192;;
30040022;3118220006973;M16 POIS CLASSIC ROUGE 198C;;;13118220006970;23118220006977;;
30090010;3010006077781;COUTEAU LAG POINT SELLIER IMIT CUIR TAUPE W+GENCOD EURODIF;;;13010006077788;23010006077785;;
10140004;3118220015319;OFFICE MANGO COULEUR PANACHE FOURREAU T1 COUT DU CHEF;;;13118220015316;23118220015313;;
11500015_Sylob;3118220042209;PAIN POLYMERE EN BERLINGOT;;;13118220042206;23118220042203;;
40840009;3118220034914;BOURRICH X50 SACHET 6 PIC BIGORNX COUL PLEINE ASSORTIE MIFR;;;13118220034911;23118220034918;;
446663;3118224466636;M24 MANGO FRAMBOISE 220C EN PANIER FIL ACIER;;;13118224466633;23118224466630;;
21290009;3118220028456;COUTEAU MAZARIN MANCHE NOIR TETE INOX BROSSE + GENCOD;;;13118220028453;23118220028450;;
136084;3118221360845;SUPPORT CARTE SD 2GO POUR FILM;;;13118221360842;23118221360849;;
Emba0012;3118220001688;CAISSE 435*270*180;;;13118220001685;23118220001682;;
441300;3118224413005;M24 LAG NACRE TAUPE MI;;;13118224413002;23118224413009;;
430620;3118224306208;LAGUIOLE 11CM CANTAL METAL/BLIST;;;13118224306205;23118224306202;;
10424312;3118220031678;PAIN 21CM MAESTRO EN BOITE RETAIL;;;13118220031675;23118220031672;;
10120177;3118220037885;CUISINE 17CM GEORGES MANCHE BOIS BERLINGOT;;;13118220037882;23118220037889;;
31580009;3118220034464;M16 INEDIT CANNAGE BISTROT CUMIN EN BOITE TB COLLECTION;;;13118220034461;23118220034468;;
Comp0740050;3118220021556;ENSEMBLE DE 12 COUTEAUX VRAC POUR VITRINE CRF MARKET T4;;;13118220021553;23118220021550;;
31020035;3118220034068;CAFE NUANCE OPALE VERT VRAC + GENCOD;;;13118220034065;23118220034062;;
303219;3118223032108;COUTEAU BONE MANCHE POLYPRO;;;13118223032105;23118223032102;;
311820;3118223118208;CX POISSON OSLO VRAC;;;13118223118205;23118223118202;;
Cons0082;3118220033764;REF DVL581579 SHAMPOOING DOUCHE 800ML SOFT LUX;;;13118220033761;23118220033768;;
302138;3118223021386;CAFE TROQUET IVOIRE PS VRAC;;;13118223021383;23118223021380;;
433810;3118224338100;COUTEAU SAN REMO+GENCOD;;;13118224338107;23118224338104;;
448553;3118224485538;CAFE BASTILLE VIOLETTE 2415C+GENCOD;;;13118224485535;23118224485532;;
31010015;3118220017535;FOURCHETTE REFLET METALLISE ARGENT VRAC GENCOD;;;13118220017532;23118220017539;;
422720;3390509945580;COUTEAU PAIN 21CM INOX;;;13390509945587;23390509945584;;
10650011;3118220008755;CUISINE 17 HECTOR ARGILE MARRON M217432 FOURREAU COUT CHEF;;;13118220008752;23118220008759;;
10010099;3118220010345;COFFRET 3 STEAK CERAMIQUE METALLISE ARGENT LAME BLANCHE;;;13118220010342;23118220010349;;
000240;3118220002401;INTERIM ACHAT;;;;;;
302140;3118223021409;COUTEAU TABLE BULLE TRANSPARENT;;;;;;
311850;3118223118505;PELLE A TARTE OSLO VRAC;;;13118223118502;23118223118509;;
437660;3118224376607;M24 AMANDE NOIR BTE CAD LISA DECO;;;13118224376604;23118224376601;;
Kit0750034;3118220040038;PALETTE CUISSON OP FIDELITE TOP CHEF 2022;;;13118220040035;23118220040032;;
432090;3118224320907;M24 SAN REMO BOITE FORGEE;;;13118224320904;23118224320901;;
Kit0750075;3118220057203;DISPLAY 1/4 PAL OP FIDELITE TB COLLECTION PROXI 2026;;;13118220057200;23118220057207;;
439832;3118224398326;EMINCEUR 13CM LAG EXPRESSION POM FX T2 ANTIVOL;;;13118224398323;23118224398320;;
Kit0740012;3118220031494;VITRINE PORTE COUTEAUX RETAIL MAESTRO IDEAL 58*38.5*6.5;;;13118220031491;23118220031498;;
446062;3118224460627;OFFICE BOIS BLANCHI LAG EVOLUTION LASURE +SLEEVE+GENCOD;;;13118224460624;23118224460621;;
306520;3118223065205;COUTEAU TABLE ZEPHIR ANIS;;;;;;
40590001;3118220013124;Z PINCE A CRUSTACES ROUGE CARTE PEGB;;;13118220013121;23118220013128;;
10430025;3118223028026;BOUCHER 17CM RECORD JAUNE;;;13118223028023;23118223028020;;
30650020;3118220006812;FOURCHETTE HECTOR ROUGE 1935C VRAC GENCOD;;;13118220006819;23118220006816;;
422440;3390509952304;COUTEAU F/LEG 14 CM BASIC;;;13390509952301;23390509952308;;
Comp0050004;3118220033078;DECOUPE LAME CUILLERE TABLE SENS;;;13118220033075;23118220033072;;
10010176;3118220017986;COFFRET 2 CERAMIQUE EMINCEUR LISSE+ DENTE LAME BLANCHE;;;13118220017983;23118220017980;;
448221;3118224482216;PAIN LAG LASURE MANCHE BOIS BLANCHI SOUS FX TB T3;;;13118224482213;23118224482210;;
313760;3118223137605;OFFICE 9CM EP 2.0 Z40 LAG EXPRESSION POM;;;;;;
314320;3118223143200;CUILLERE VRAC SAN REMO;;;13118223143207;23118223143204;;
447500;3118224475003;ROULETTE A PATE ACIDULE COUL PANACHE SOUS BLISTER;;;13118224475000;23118224475007;;
10300028;3118220026070;BOITE 12 STEAK EXPRESSION POM MICRODENTE LAG EVOLUTION;;;13118220026077;23118220026074;;
238984;3222472389842;OFFICE BOIS RIVET;;;13222472389849;23222472389846;;
10340006;3118220015371;LOT 1 EPLUCHEUR +1 OFFICE OLIVIER LCDC;;;13118220015378;23118220015375;;
11280004;3367305228117;OFFICE 9 FUSION/ADFLEX FX PRADEL HERITAGE 522811;;;13367305228114;23367305228111;;
415440;3118224154403;CAFE ZEPHIR FRAMB+GENCOD;;;13118224154400;23118224154407;;
446861;3118224468616;CUISINE 22CM FORGE BOIS BACKELISE NOIR BOITE GRISE;;;13118224468613;23118224468610;;
21150006;3118220038608;M16 TB COLLECTION OLA + GENCOD;;;13118220038605;23118220038602;;
30020282;3118220010932;CAFE ACIDULE BEE ORANGE 1655C VRAC;;;13118220010939;23118220010936;;
444664;3118224446645;M16 ACIDULE BEE BLEU ACIER 5405C;;;13118224446642;23118224446649;;
30810001;3118220019744;M16 BASTILLE VIOLETTE BOITE LISA DECO;;;13118220019741;23118220019748;;
143839;3118221438391;SUPPORT AFFICHE DISPLAY PALETTE 80*120*180;;;;;;
Comp0740205;3118220047723;TABLETTE MONOBLOC EP25MM P400MM LGR1330MM  NOIR RAL 9005;;;13118220047720;23118220047727;;
71590016;3118220036383;POELE 28CM CUISSON TOP CHEF NEVERSTICK1;;;13118220036380;23118220036387;;
10120057;3367305228315;SANTUKO 19 FORGE FRX PRADEL HERITAGE 522831;;;13367305228312;23367305228319;;
444000;3118224440001;LOT 4 COUVERTS EN BTE INEDITS PEGBORDABLE MARINIERE;;;13118224440008;23118224440005;;
Comp0740172;3118220043138;CHEVALET FIL ACIER  4.7*6.4*7.6 CM;;;13118220043135;23118220043132;;
Comp0041;3118220007260;BOITE  VIDE M48  FUSEAU TB COLLECTION;;;13118220007267;23118220007264;;
10100003;3118220015753;SET 6 PIECES BARBECUE LAGUIOLE MARBRE ROUGE;;;13118220015750;23118220015757;;
435690;3118224356906;OFFICE FORGE OLIVIER+BTE DETAILLANT TB CLASSIC;;;13118224356903;23118224356900;;
10020077;3118220013889;CISAILLE A CRUSTACES ACIDULE TURQUOISE 3135C SUR CARTE;;;13118220013886;23118220013883;;
31220003;3118220023697;M16 PANAME BLEU NUIT 2380C BOITE TB COLLECTION;;;13118220023694;23118220023691;;
30656607;3118220034310;TUBO 6 STEAK HECTOR ARGILE;;;13118220034317;23118220034314;;
446340;3118224463406;SANTUKO 17 EQUILIBRE JAPONAIS CDF EN BOITE CADEAU;;;13118224463403;23118224463400;;
445060;3118224450604;CUISINE 18CM URBAN FX COUTEAU DU CHEF T3;;;13118224450601;23118224450608;;
10120149;3118220035720;CHEF 19CM FORGE TB PROFESSIONNEL EN PACK ECOLOGIQUE;;;13118220035727;23118220035724;;
443174;3118224431740;CUISINE 21 FURTIF CLASSIC LAME NOIRE MANCHE NOIR BOITE CADEA;;;13118224431747;23118224431744;;
CCA41;3118220007932;CARTON GC20 370 X 370 X 240;;;;;;
442426;3118224424261;LOT DE 6 RAVIERS CARRES 17CM ARDOISE MAT;;;13118224424268;23118224424265;;
444670;3118224446706;M24 LAG NACRE POURPRE 511C;;;13118224446703;23118224446700;;
315328;3118223153285;CAFE ACIDULE BEE ANIS 583C VRAC;;;13118223153282;23118223153289;;
10300003;3118220005686;BLOC MAGNETIQUE 5 COUTEAUX EXPRESSION BOIS NOIR;;;13118220005683;23118220005680;;
444736;3118224447369;M16 ACIDULE BEE TAUPE WARM GREY 8 BTE LARGE;;;13118224447366;23118224447363;;
30650008;3118220006300;FOURCHETTE HECTOR BLANC RAL 9003 VRAC GENCOD;;;13118220006307;23118220006304;;
10300054;3118220052314;COFFRET BOIS 4 STEAKS MICRODENTES EXPRESSION MANCHE OLIVIER;;;13118220052311;23118220052318;;
438140;3118224381403;M24 TWIST BLANC EN RANGE COUVERTS;;;13118224381400;23118224381407;;
443930;3118224439302;BLOC MAGNETIQUE 5 COUTEAUX EXPRESSION;;;13118224439309;23118224439306;;
302111;3118223021119;FOURCHETTE TROQUET JAUNE PS;;;13118223021116;23118223021113;;
445270;3118224452707;COFFRET 6 FOURCHETTES LAG BOIS NOIR TRADITION;;;13118224452704;23118224452701;;
308930;3118223089300;CAFE LAG ABS ORANGE ML;;;13118223089307;23118223089304;;
447921;3118224479216;COFFRET STEAK URBAN LAME CERAMIQUE NOIRE;;;13118224479213;23118224479210;;
11980032;3118220056145;FILET DE SOLE LAGUIOLE HERITAGE  MIF CARTONNETTE LH;;;13118220056142;23118220056149;;
446510;3118224465103;COFFRET 6 STEAKS LAG EVOLUTION LASURE PANACHE;;;13118224465100;23118224465107;;
10120152;3118220035751;CUISINE 17CM FORGE TB PROFESSIONNEL EN PACK ECOLOGIQUE;;;13118220035758;23118220035755;;
309640;3118223096407;FOURCHETTE KOBE;;;13118223096404;23118223096401;;
443365;3605753705959;M16 ESCAPADE ANIS ALINEA;;;13605753705956;23605753705953;;
71590017;3118220036390;POELE A GRILLADE 28CM CUISSON TOP CHEF NEVERSTICK1;;;13118220036397;23118220036394;;
404593;3222475201349;EPLUCHEUR  BOIS NAT AVEC RIVETS + SLV CASINO;;;13222475201346;23222475201343;;
Emba0026;3118220003200;PLEXI LINEAIRE ALINEA 120 COMPOSE DE 2 VITRINES 597.5*294MM;;;;;;
11500006;3118220029873;STEAK POLYMERE LAME LISSE TOP CHEF FRANCAIS FLAMAND;;;13118220029870;23118220029877;;
21180009;3118220024076;CAFE COLLIOURE 18/10 SUR CARTE PEGB GENCOD;;;13118220024073;23118220024070;;
30101084;3118220019683;COUPERET FROMAGE ACIDULE NOIR CARBONE;;;13118220019680;23118220019687;;
Comp1490011;3118220038578;CALE INTERIEUR GM 186U POUR BTE LAG HERITAGE;;;13118220038575;23118220038572;;
30540006;3118220032736;CUILLERE ZEPHIR TAUPE+GENCOD;;;13118220032733;23118220032730;;
136768;3118221367684;TUBE CARTON 120*10CM*10CM OP CASINO ACIDULE TITANE;;;13118221367681;23118221367688;;
10010128;3118220011335;COFFRET 4 CERAMIQUE OF+ST+C13+EP METALLISE 4 COUL LAME BLANC;;;13118220011332;23118220011339;;
445711;3118224457115;OFFICE LAG EXPRESSION MANCHE BOIS NOIR FX  COUTEAU DU CHEF T;;;13118224457112;23118224457119;;
441390;3118224413906;TIRE-BOUCHON LAITON CLASSIQUE COFFRET BOIS;;;13118224413903;23118224413900;;
Kit2000001;3118220053489;DISPLAY 1/2  PALETTE 36 PIECES M24 PASSION LAGUIOLE HERITAGE;;;13118220053486;23118220053483;;
10320021;3118220022744;COUTEAU HUITRE GALET MULTIFORME GRIS CLAIR COOL GRAY 5C;;;13118220022741;23118220022748;;
71590015;3118220036376;POELE 24CM CUISSON TOP CHEF NEVERSTICK1;;;13118220036373;23118220036370;;
10300001;3118220001329;BLOC MAGNETIQUE 5 COUTEAUX EXPRESSION POM;;;13118220001326;23118220001323;;
438103;3118224381038;CAFE INFINITY LAVANDE +GENCOD;;;;;;
143617;3118221436175;PLATEAU SUPPORT ECHANTILLON COUVERTS 1000MM;;;13118221436172;;;
30090007;3118220002906;M16 EVOLUTION CUIR ARDOISE COOL GREY 11C COFFRET ECRIN LARGE;;;13118220002903;23118220002900;;
439340;3118224393406;M24 BOLERO BRIQUE BTE CHARME;;;13118224393403;23118224393400;;
11980017;3118220053298;STEAK LAG HERITAGE ACCESS MIF METAL VRAC;;;13118220053295;23118220053292;;
411240;3118224112403;M24 ZEPHIR ANIS DS POT PET;;;13118224112400;23118224112407;;
314398;3118223143989;OFFICE 9CM LAG EXPRESSION MANCHE BOIS NOIR LAG EVOLUTION;;;13118223143986;23118223143983;;
31100030;3118220018068;M16 CALICOT VENDEE BOITE DECO;;;13118220018065;23118220018062;;
Comp0740209;3118220047761;VIS CHC M10*50 POUR PIED GONDOLE  H115 MM  REGLABLE;;;13118220047768;23118220047765;;
30140009;3010006033961;CAFE MANGO TAUPE 7531C EURODIF;;;13010006033968;23010006033965;;
Pres0012;3118220000315;TEST DE COUPE CATRA 200 CYCLES SERRATED EDGE;;;;;;
41000003;3118220021211;EPLUCHEUR SILICONE COUL PANACHE +GENCOD;;;13118220021218;23118220021215;;
441120;3257983102529;CUISINE 17CM BI MAT SOFT FX CORA;;;13257983102526;23257983102523;;
136010;3118221360104;BOITE VIDE M16 NELLE CHARTE ALINEA;;;;;;
415400;3118224154007;CAFE  ZEPHIR ANIS+GENCOD;;;13118224154004;23118224154001;;
21520051;3118220050075;COUTEAU POISSON LAGUIOLE INTUITION BRILLANT + GENCOD;;;13118220050072;23118220050079;;
Cons0850001;3118220014701;CAISSE AME. C20  235X145X265 REF CCA51;;;13118220014708;23118220014705;;
30020341;3118220050570;COFFRET LH PELLE A TARTE+ 6 FTTES GATEAU ACIDULE BLANC PUR;;;13118220050577;23118220050574;;
302033;3118223020334;FETTE TABLE BACCARAT NOIR;;;;;;
30040016;3118220006492;FOURCHETTE POIS GRAPHIK INEDIT MULTICOLOR VRAC GENCOD;;;13118220006499;23118220006496;;
442160;3118224421604;CALOTTE 20.5CM TERRACOTA MAT;;;13118224421601;23118224421608;;
Kit0750065;3118220048980;DISPLAY PETIT MODELE 1200*500 OP FIDELITE TOP CHEF 2024;;;13118220048987;23118220048984;;
Acce0003;3118220004641;BLOC BI MAT UNIVERSEL ROUGE VIDE ACIDULE 10.5*10.5*22CM;;;13118220004648;23118220004645;;
411590;3118224115909;CUIL BULLE TRANSP+GENCOD;;;13118224115906;23118224115903;;
Cons0012;3118220003958;AFFICHE MAGASIN 60*80 SYSTEME U /DISPLAY VITRINE;;;13118220003955;23118220003952;;
438131;3118224381311;FOURCHETTE INFINITY ROSE +GENCOD;;;13118224381318;23118224381315;;
10170005;3118220048607;COFFRET BOIS 6 STEAK LAGUIOLE DUO VERT 360C;;;13118220048604;23118220048601;;
427250;3118224272503;OFFICE FORGE BOIS+BTE DETAILLANT TB CLASSIC;;;13118224272500;23118224272507;;
10020125;3118220032927;COUTEAU A DECOUPER LAGUIOLE ACIDULE ROUGE 185C;;;13118220032924;23118220032921;;
Comp0740248;3118220054950;ETAGERE PORTE VERRE BOIS 880MM P400MM  32 POTS TB + ADHESIFS;;;13118220054957;23118220054954;;
30170035;3118220013193;CUILLERE LAG DUO MARINE + GENCOD;;;13118220013190;23118220013197;;
10020107;3118220022553;SET HUITRE 7 PCES LAG INTUITION METAL COFFRET BOIS ENCOCHE;;;13118220022550;23118220022557;;
428980;3118224289808;OFFICE CHEF+GENCOD;;;13118224289805;23118224289802;;
311501;3118223115016;COUTEAU TABLE LUXE LAG  BOIS ROUGE;;;;;;
441531;3118224415313;LOUCHE TETE POLYAMIDE EXPRESSION/CARTE;;;13118224415310;23118224415317;;
10010160;3118220014053;COFFRET 3 CERAMIQUE STEAK+C15+EPL VENDEE LAME BLANCHE;;;13118220014050;23118220014057;;
Comp0140007;3118220033245;MANCHE GM MANGO TURQUOISE 7467C POUR CERAMIQUE;;;13118220033242;23118220033249;;
304870;3118223048703;COUTEAU TABLE CURVING BRILLANT;;;13118223048700;23118223048707;;
409760;3118224097601;M24 AMANDE BLANC BTE CAD LISA DECO;;;13118224097608;23118224097605;;
10640011;3118220035881;STEAK BI-MAT TB PROFESSIONNEL EN PACK ECOLOGIQUE;;;13118220035888;23118220035885;;
000145;3118220001459;PRESTATION DESIGN;;;;;;
143366;3118221433662;VISUEL+STICKER LINEAIRE 76 PROMOCASH;;;;;;
10010165;3118220014251;Z COFFRET CERAMIQUE 1 OFFICE 75MM+1 CHEF 15 LAME NOIRE VPC;;;13118220014259;23118220014256;;
446995;3118224469958;M24 MANGO TAUPE 7531C BOITE COULEUR;;;13118224469955;23118224469952;;
10960090;3118220028029;TUBO NOIR 6 COUT AUGUSTE NATUREL ASSORTI 6 ESS LAME INOX MAT;;;13118220028026;23118220028023;;
433005;908836;M16 SELECT/ACCRA BOITE HABITAT;;;19088363;29088360;;
11000021;3118220030008;SANTUKO CERAMIQUE SILICONE LAME BLANCHE TOP CHEF FR FLAMAND;;;13118220030005;23118220030002;;
444270;3118224442708;M16 ESCAPADE MANDARINE BTE LISA DECO;;;13118224442705;23118224442702;;
440733;3118224407332;BLOC 6 STEAKS IMPORT BLEU TURQUOISE ALDI;;;;;;
446434;3118224464342;FOURCHETTE ESCAPADE TURQUOISE +GENCOD;;;13118224464349;23118224464346;;
603037;3118226030378;PRESENTOIR TROIS GRILLES 40*40*40*200 AVEC 48 BROCHES ET ROU;;;13118226030375;23118226030372;;
421060;3257981027046;CUISINE 17 FORGE RIV/ FRX CORA;;;13257981027043;23257981027040;;
447940;3118224479407;COFFRET CHEF 15 URBAN LAME CERAMIQUE BLANCHE;;;13118224479404;23118224479401;;
447380;3118224473801;FRUIT/LEG 14 ACIDULE  BEE BRUME 430C LAME TITANE NOIRE SOUS;;;13118224473808;23118224473805;;
433912;3118224339121;M24 BOLERO BLEU BTE LISA;;;13118224339128;23118224339125;;
446554;3118224465547;CUILLERE POIS INEDIT ANIS 383C;;;13118224465544;23118224465541;;
Outi1940005;3118220046726;POSAGE MARQUAGE 2 FACES MADE IN COMP1390001/2;;;;;;
405084;3118224050842;SERV DECOU LAG IVOI NACRE C.BOIS;;;13118224050849;23118224050846;;
10300012;3118220011816;CUISINE 16 EXPRESSION METAL SATINE FOURREAU;;;13118220011813;23118220011810;;
441611;3118224416112;GRILLADIN ABSOLU PALISSANDRE DES INDES BERLINGOT;;;13118224416119;23118224416116;;
31100033;3118220018099;M16 CALICOT USA BOITE DECO;;;13118220018096;23118220018093;;
10120173;3118220037847;SANTOKU 19 CM GEORGES MANCHE POM EN BERLINGOT;;;13118220037844;23118220037841;;
Div0011;3118220014619;KDO 35;;;13118220014616;23118220014613;;
427790;3118224277904;CT DESSERT VIEUX PARIS SAT.+GENC;;;13118224277901;23118224277908;;
Cons0054;3118220012134;CARTE DE VISITE PRIVEE 210*105MM 380G/M2;;;13118220012131;23118220012138;;
433750;3118224337509;M24 SELECT BTE FORGE;;;13118224337506;23118224337503;;
315271;3118223152714;COUTEAU VICHY TURQUOISE 321C  VRAC;;;;;;
10010107;3118220010673;COFFRET 1 OFFICE CERAMIQUE LAME BLANCHE MANCHE ROSE 213C;;;13118220010670;23118220010677;;
30170018;3118220004870;CUILLERE LAG DUO TAUPE WARM GREY 8+ GENCOD;;;13118220004877;23118220004874;;
600060;3118226000609;MEUBLE ETABOIS HETRE;;;13118226000606;23118226000603;;
10390004;3118220036161;Z COFFRET OFF+CUIS+SANTU+PAIN TRANSITION EN BOITE NEUTRE;;;13118220036168;23118220036165;;
309600;3118223096001;FOURCHETTE ALIZE;;;3118223096008;23118223096005;;
446290;3118224462904;JAMBON  EXPRESSION LAG EVOLUTION MANCHE BOIS NOIR BOITE GRIS;;;13118224462901;23118224462908;;
10840006;3118224489734;POLYVALENT GRAPHIC SOUS BERLINGOT;;;13118224489731;23118224489738;;
Comp0740212;3118220047792;FOND PLEIN  H500MM LGR1000MM  NOIR RAL 9005;;;13118220047799;23118220047796;;
301220;3118223012209;FOURCHETTE GATEAUX VIEUX PARIS;;;;;;
304121;3118223041216;CT LAG DECOUPER PALISS 15/10 MI;;;;;;
10020037;3118220008915;CISEAU 22.5CM ACIDULE ROSE SUR CARTE;;;13118220008912;23118220008919;;
439860;3118224398609;CUISINE 16CM LAG EXPRESSION POM FX COUTEAU DU CHEF T3;;;13118224398606;23118224398603;;
448525;3118224485255;COUTEAU BASTILLE NOIR+GENCOD;;;13118224485252;23118224485259;;
314210;3118223142104;CUILLERE DESSERT OPERA;;;;;;
427810;3118224278109;FETTE GATEAU V.PARIS SAT+GENCOD;;;;;;
440850;3118224408506;COUTEAU HUITRE LAG BOIS PANACHE SOUS COQUE;;;13118224408503;23118224408500;;
305150;3118223051505;CUILLERE TABLE ZEPHIR JAUNE;;;;;;
302124;3118223021249;CUILLERE TABLE TROQUET ROUGE PS;;;13118223021246;23118223021243;;
21020003;3605756631095;M16 NUANCE VERT OLIVIER 7537 BOITE ALINEA;;;13605756631092;23605756631099;;
443235;3245672220944;LOT 6 CAFE CLEO AUCHAN RUSSIE CODE OIA383730;;;13245672220941;23245672220948;;
32070014;3616957761849;FOURCHETTE OPEN DECOR NATURE CARREFOUR HOME;;;03616955895485;03616954320551;;
10960041;3118220018259;COUTEAU AUGUSTE EXCLUSIVE POM GRIS LAME INOX MAT BERLINGOT;;;13118220018256;23118220018253;;
426380;3222472842125;STEAK HG ADFLEX CASINO;;;13222472842122;23222472842129;;
10120145;3118220035683;CUISINE 25 FORGE TB PROFESSIONNEL EN PACK ECOLOGIQUE;;;13118220035680;23118220035687;;
433030;3254564698198;STEAK FORGE AUCHAN/FRX;;;13254564698195;23254564698192;;
Kit0009;3118220001725;KIT DISPLAY VITRINE SYSTEM U 120*80;;;;;;
10320030;3118220034662;LOT 6 COUTEAUX COTE DE BOEUF PP NOIR 3 RIVETS PS DENTE;;;13118220034669;23118220034666;;
422050;3605753706758;M16 PCES SOHO FORGE BOITE ALINEA;;;13605753706755;23605753706752;;
416170;3390509975402;M24 1 ER PRIX CARREFOUR MARINE;;;;;;
448195;3118224481950;STEAK PS LAG LASURE MANCHE BOIS NATUREL SOU FX COUTEAU DU CH;;;13118224481957;23118224481954;;
10010090;3118220019324;COFFRET 3 CERAMIQUE FINLANDEK OFFICE +C15+EPL LAME BLANCHE;;;13118220019321;23118220019328;;
30020233;3118220007826;CAFE MOKA ACIDULE VERT 368C VRAC;;;13118220007823;23118220007820;;
21290005;3118220028418;COUTEAU MAZARIN MANCHE BLANC TETE INOX BROSSE + GENCOD;;;13118220028415;23118220028412;;
430543;3118224305430;CUIL. AMANDE PRUNE+GENCOD;;;;;;
314880;3118223148809;TABLE 11CM METAL 15/10 URBAN;;;;;;
Comp0830001;3118220013322;M12 DIANE MANQUE LES CAFES BOITE MDD CARREFOUR;;;;;;
21350002;3118220028128;M16 CAP FERRET FINITION SABLEE 18/10 BOITE PREMIUM;;;13118220028125;23118220028122;;
21520053;3118220050099;FOURCHETTE DESSERT LAGUIOLE INTUITION BRILLANT + GENCOD;;;13118220050096;23118220050093;;
428830;3118224288306;COUTEAU TABLE SOHO +GENCOD;;;13118224288303;23118224288300;;
433350;3118224333501;OFFICE TRANSITION+ BTE GRISE+ STICKER;;;13118224333508;23118224333505;;
448961;3118224489611;CUISINE 17 ALLIANCE SOUS BERLINGOT;;;13118224489618;23118224489615;;
400013;3118224000137;M24 LAG VERT MARBRE COF CADEAU ML;;;13118224000134;23118224000131;;
30040027;3118220013100;M24 POIS CLASSIC GRIS COOL GREY 11C POT PET;;;13118220013107;23118220013104;;
10210008;3118220010123;STEAK 1/2 SOIE LAG LASURE MANCHE BOIS GRIS BERLINGOT;;;13118220010120;23118220010127;;
437880;3118224378809;COFFRET 6 CX LAG BEIGE +RHODO;;;13118224378806;23118224378803;;
412500;3118224125007;M24 SAIGON BOITE FORGE;;;13118224125004;23118224125001;;
405074;3118224050743;S.SALADE LAG IVOIRENACRE COFBOIS;;;13118224050740;23118224050747;;
10960017;3118220016965;COUTEAU AUGUSTE PREMIUM POM GRIS PAVOT REVETU NOIR BERLINGO;;;13118220016962;23118220016969;;
314440;3118223144405;TRANCHER 22CM LAG EXPRESSION MANCHE BOIS NOIR;;;;;;
413040;3118224130407;STEAK  METAL FX CDF;;;13118224130404;23118224130401;;
430981;3118224309810;BLOC 6 STEAKS RECORD COUL PANACHE NOIR-BLEU-ANIS-SOLEIL-ORAN;;;13118224309817;23118224309814;;
10110001;3118220026278;TARTINEUR LAGUIOLE HERITAGE+GENCOD;;;13118220026275;23118220026272;;
427480;3118224274804;M24 KINGSTONE BORDEAU;;;13118224274801;23118224274808;;
Cons0020;3118220004238;DISPLAY 1/4 PALETTE CERAMIQUE;;;;;;
30040014;3118220006478;M16 POIS CLASSIC COULEURS ASSORTIES;;;13118220006475;23118220006472;;
30020313;3118220029057;FOURCHETTE HUITRE ACIDULE ROUGE + GENCOD;;;13118220029054;23118220029051;;
448892;3118224488928;LOT 3 CUILLERES MANGO TURQUOISE 7467C;;;13118224488925;23118224488922;;
444447;3118224444474;COUTEAU ACIDULE BEE ORANGE 1655C +GENCOD;;;13118224444471;23118224444478;;
30910003;3118220006744;CUILLERE INEDIT FRANCE+GENCOD;;;13118220006741;23118220006748;;
420970;3257981026964;OFFICE 9CM BOIS BACK/ FRX CORA;;;13257981026961;23257981026968;;
314390;3118223143903;OFFICE 9CM  LAG EXPRESSION MANCHE BOIS NOIR;;;;;;
10010105;3118220010413;COFFRET 3 CERAMIQUE METALLISE BRONZE STEAK+C15+EP LAME BLANC;;;13118220010410;23118220010417;;
446540;3118224465400;FOURCHETTE POIS INEDIT ROSE 7424C;;;13118224465407;23118224465404;;
10960019;3118220016989;A SUP COUTEAU AUGUSTE NATUREL EBENE LAME INOX MAT BERLINGOT;;;13118220016986;23118220016983;;
448250;3118224482506;BLOC MAGNETIQUE 3 CX CUISINE ACIDULE BEE ROUGE 185C LAME TIT;;;13118224482503;23118224482500;;
445731;3118224457313;EMINCEUR LAG EXPRESSION MANCHE BOIS NOIR FX  COUTEAU DU CHEF;;;13118224457310;23118224457317;;
449210;3118224492109;CUILLERE SENS  BLEU 7700C+GENCOD;;;13118224492106;23118224492103;;
20110037;3118220049390;MOKA HERITAGE BRILLANT + GENCOD;;;13118220049397;23118220049394;;
CCA52;3118220007963;CAISSE AME. C20  235X145X170;;;13118220007960;23118220007967;;
426740;3118224267400;PAIN CHALET VRAC+GENCOD;;;13118224267407;23118224267404;;
Comp0740005;3118220013841;CASSETTE INCLINE MENAGERES;;;13118220013848;23118220013845;;
10010110;3118220010703;COFFRET 1 CHEF 155 CERAMIQUE LAME BLANCHE MANCHE ROUGE 185C;;;13118220010700;23118220010707;;
10210015;3118220010192;PAIN LAG LASURE MANCHE BOIS BLANCHI BOITE CADEAU;;;13118220010199;23118220010196;;
10020085;3118220014220;Z BLOC BLANC 6 USTENSILE TITANE CUISINE ACIDULE ROUG 185 VPC;;;13118220014227;23118220014224;;
442196;3118224421963;LOT DE 6 ASSIETTES DESSERT 20CM TERRACOTA MAT;;;13118224421960;23118224421967;;
Kit0750009;3118220005372;DISPLAY 135 CERAMIQUE 1/4 PALETTE 60*40 LC LAME BLANCHE;;;13118220005379;23118220005376;;
423750;3390509945986;JAMBON PP BASIC EXP;;;13390509945983;23390509945980;;
435375;3118224353752;FOURCHETTE BOLERO CELADON VERT+GENCOD;;;13118224353759;23118224353756;;
Kit0740025;3118220043756;KIT MISE A JOUR COUVERTS CORA S1 2022;;;13118220043753;23118220043750;;
431430;3118224314302;CAFE TROQUET LAVANDE PS+GENCOD;;;13118224314309;23118224314306;;
30090004;3118220002203;M16 EVOLUTION CUIR TANGERINE 166C;;;13118220002200;23118220002207;;
603036;3118226030361;PRESENTOIR QUATRE GRILLES 100*40 AVEC ROULETTES BROCHE NON C;;;13118226030368;23118226030365;;
21530004;3118220029675;COUTEAU BOBINE REVETEMENT PVD NOIR MAT SUR CARTE PREMIUM;;;13118220029672;23118220029679;;
30020259;3118220031395;CAFE MOKA ACIDULE ROUGE 185C VRAC;;;13118220031392;23118220031399;;
10050001;3118220004511;HUITRE EVOLUTION SENS LASURE FONCE +GENCOD;;;13118220004518;23118220004515;;
20390004;3118220011274;CUILLERE NEW TRANSITION+GENCOD;;;13118220011271;23118220011278;;
31100016;3118220017351;CAFE CALICOT SCANDINAVE NOIR VRAC GENCOD;;;13118220017358;23118220017355;;
30970028;3118220016408;CUILLERE ECUME OLIVE GREEN 5763C VRAC GENCOD;;;13118220016405;23118220016402;;
Kit0750052;3118220045538;KIT PLV MAGASIN HYPER L OP FIDELITE TOP CHEF 2024;;;13118220045535;23118220045532;;
443866;3118224438664;COFFRET 3 CX CERAMIQUE OFFICE- STEAK-CUISINE13 LAME BLANCHE;;;13118224438661;23118224438668;;
447195;3118224471951;OFFICE URBAN BOITE GRISE;;;13118224471958;23118224471955;;
10020117;3118220026636;6 FOURCHETTES LAGUIOLE INTUITION METAL COFFRET BOIS ENCOCHE;;;13118220026633;23118220026630;;
Comp0300001;3118220026063;BOITE VIDE 16*11.5*26.5 POUR BLOC REF443940;;;13118220026060;23118220026067;;
41000012;3118220022102;OFFICE SILICONE BEC OISEAU COUL PANACHE +GENCOD;;;13118220022109;23118220022106;;
Comp0740214;3118220047815;TABLETTE MONOBLOC EP25MM P500MM LGR1330MM  NOIR RAL 9005;;;13118220047812;23118220047819;;
10500009;3118220022133;COUTEAU ARMEE FRANCAISE 5 FONCTIONS SOUS COQUE BLISTER CRF;;;13118220022130;23118220022137;;
441561;3118224415610;SPATULE TETE POLYAMIDE EXPRESSION /CARTE;;;13118224415617;23118224415614;;
10120184;3118220040809;SET 2 COUTEAUX (OFFICE SANTOKU) MAESTRO EN BOITE;;;13118220040806;23118220040803;;
446545;3118224465455;FOURCHETTE POIS INEDIT JAUNE 3965C;;;13118224465452;23118224465459;;
Kit0103;3118220013995;KIT DISPLAY 156 CERAMIQUE MANGO 1/4PALETTE LC;;;;;;
404851;3118224048511;CT STEAK LAGUIOLE BOIS+GENCOD;;;13118224048518;23118224048515;;
EmbaNoirCof10001;3118220008489;COFFRET VIDE MEMBRANE TB NOIR FORMAT 265*60*25;;;;;;
423010;3390509945870;FUSIL A AIGUISER MECHE RONDE;;;13390509945877;23390509945874;;
312040;3118223120409;FOURCHETTE SELECT VRAC;;;13118223120406;23118223120403;;
10010071;3061006449412;COFFRET 1 OFFICE CERAMIQUE USA  LAME BLANCHE EURODIF;;;13061006449419;23061006449416;;
21330006;3118220028210;CAFE GUERANDE FINITION SABLEE 18/0 CARTE PEGBORDABLE;;;13118220028217;23118220028214;;
123738;3118221237383;COFFRET CARTON VIDE POUR 6 COUT LAG TRADITION MANCHE NOIR;;;13118221237380;23118221237387;;
302053;3118223020532;CUILL CAFE BACCARAT NOIR;;;;;;
422032;3118224220320;LOT 1 OFFI + 1 EPLU ERGO COULEUR (VENDU EN BOX PROMO) PCB48;;;13118224220327;23118224220324;;
30686874;3061006449450;CAFE INEDIT UNION JACK+ GENCOD EURODIF;;;13061006449457;23061006449454;;
425510;3118224255100;M24 MORPHING CHARME;;;13118224255107;23118224255104;;
30020284;3118220011304;CAFE ACIDULE TURQUOISE 3135C  VRAC NO BEE;;;13118220011301;23118220011308;;
Kit0010030;3118220025585;DISPLAY 80 CERAMIQUE SILICONE PREMIUM ET 4 BLOCS 1/8 60*40;;;13118220025582;23118220025589;;
448552;3118224485521;CAFE BASTILLE BOUTON D'OR 7405C+GENCOD;;;13118224485528;23118224485525;;
10010049;3118220005297;COFFRET 2 CERAMIQUE CUISINE13+OFFICE USA LAME BLANCHE;;;13118220005294;23118220005291;;
448212;3118224482124;CUISINE 19 LAG LASURE MANCHE BOIS NATUREL SOUS FX TB T3;;;13118224482121;23118224482128;;
30230003;3118220002289;CUILLERE INEDIT CANADA+GENCOD;;;13118220002286;23118220002283;;
143836;3118221438360;POTEAU DISPLAY PALETTE 80*1200*180 ET 1/2 PALETTE 80*60*180;;;;;;
Kit0096;3118220012745;DISPLAY BOX PROMO 24 CERAMIQUE LAME BLANCHE COUT DU CHEF;;;13118220012742;23118220012749;;
446602;3118224466025;CAFE MANGO CHOCOLAT 7533C;;;13118224466022;23118224466029;;
444760;3118224447604;COFFRET 2 CERAMIQUE 125MM ET 75MM MANCHE ORANGE LAME BLANCHE;;;13118224447601;23118224447608;;
31570010;3118220034457;M16 INEDIT BAMBOU VERT EN BOITE TB COLLECTION;;;13118220034454;23118220034451;;
440932;3118224409329;M16 WHITE DOTS BOITE LISA INOX;;;13118224409326;23118224409323;;
10960010;3118220013803;COUTEAU AUGUSTE ABS  MARRON GLACE SOUS BERLINGOT;;;13118220013800;23118220013807;;
30020301;3118220019782;M16 ACIDULE ROUGE 185C BOITE DECO SS ABEILLE;;;13118220019789;23118220019786;;
123748;3118221237482;COFFRET CARTON VIDE POUR 6 CAFES INEDITS;;;;;;
30222282;3118220004115;M16 INEDIT BRETAGNE VRAC;;;13118220004112;23118220004119;;
20840001;3118220021624;CUILLERE A CONFITURE INOX;;;13118220021621;23118220021628;;
445920;3118224459201;OFFICE 9 LAME ANTI ADH ORANGE 1505C MANCHE GRIS 7530C-ORANG;;;13118224459208;23118224459205;;
445783;3118224457832;COFFRET BORDEAU A FENETRE 6 CAFES LAG ROUGE NACRE;;;13118224457839;23118224457836;;
442130;3118224421307;ASSIETTE PLATE 26CM TERRACOTA MAT;;;13118224421304;23118224421301;;
142823;3118221428231;DOCUMENTATION EVERCUT POUR PRESENTOIR VERSION FLAMAND;;;13118221428238;23118221428235;;
41400004;3118220027671;FOURCHETTE SPAGHETI PENDERIE LAG HERITAGE SENS OLIVIER SUR C;;;13118220027678;23118220027675;;
447920;3118224479209;COFFRET STEAK URBAN LAME CERAMIQUE BLANCHE;;;13118224479206;23118224479203;;
31260019;3118220028388;COUTEAU COTTAGE EBENE VRAC;;;13118220028385;23118220028382;;
445250;3609231691833;BLOC MAGNETIQUE 5 CX GAMME EQUILIBRE JAPONAIS CDF  X46CR13;;;13609231691830;23609231691837;;
Comp0970001;3118220030602;POT PET VIDE POUR M24 ECUME + BANDEAU TB COLLECTION;;;13118220030609;23118220030606;;
30140003;3010006034029;COFFRET 6 FOURCHETTES MANGO COUL ASSORTIES EURODIF;;;13010006034026;23010006034023;;
Comp0740006;3118220014671;PORTE VERRE INCLINE 1200 TIROIR;;;13118220014678;23118220014675;;
Emba0013;3118220008458;COFFRET BI MAT M16 VIDE POUR ACIDULE ROUGE 185C THERMO BLANC;;;13118220008455;23118220008452;;
445150;5414663285783;LOT 6 CAFES CLEO WINNY;;;15414663285780;25414663285787;;
142907;3118221429078;KIT PLV LINEAIRE COUTEAUX FLY 100 LANGUE ALLEMANDE;;;13118221429075;23118221429072;;
433571;3010005419681;FOURCHETTE BAROQUE +GENCOD EURODIF;;;13010005419688;23010005419685;;
20160027;3118220023871;M16 OSLO BLEUE EN BOITE TB COLLECTION;;;13118220023878;23118220023875;;
440862;3118224408629;OFFICE EXPRESSION POM LAG EVOLUTION BOITE AIMANTEE GRISE EXP;;;13118224408626;23118224408623;;
30050039;3118220052291;M16 SENS ANIS EN BOITE LAGUIOLE;;;13118220052298;23118220052295;;
446831;3118224468319;SANTUKO 18.5CM FORGE BOIS BACKELISE NOIR BOITE GRISE;;;13118224468316;23118224468313;;
40020007;3118220021655;PINCEAU SILICONE LAGUIOLE INTUITION METAL +GENCOD;;;13118220021652;23118220021659;;
312080;3118223120805;FOURCHETTE OSLO;;;13118223120802;23118223120809;;
403422;3118224034224;OFFICE 9CM SENSIO FX TB;;;13118224034221;23118224034228;;
422470;3390509952335;COUTEAU CUISINE 17 CM BASIC;;;13390509952332;23390509952339;;
446081;3118224460818;EPLUCHEUR LAG EVOLUTION LASURE NATUREL+GENCOD;;;13118224460815;23118224460812;;
Kit0740033;3118220047556;KIT IMPLANTATION COUTELLERIE CARREFOUR BELGIQUE 2023;;;13118220047553;23118220047550;;
Div0850003;3118220031876;BROCHURE PRESENTATION TB HAUTE COUTELLERIE VERSION ANGLAISE;;;13118220031873;23118220031870;;
Kit0097;3118220012752;DISPLAY BOX PROMO 27 CERAMIQUE LAME NOIRE COUT DU CHEF;;;13118220012759;23118220012756;;
436170;3118224361702;PAIN BAMBOO STICK FX CDF;;;13118224361709;23118224361706;;
447030;3118224470305;CUISINE 21CM FURTIF CLASSIC MANCHE NOIR LAME NOIR BERLINGOT;;;13118224470302;23118224470309;;
450002;3118224500026;POLYVALENT EVERCUT MANCHE BLANC LAME 20CM EN ECRIN;;;13118224500023;23118224500020;;
444655;3118224446553;BLOC 6 STEAKS RECORD TAUPE M157978;;;13118224446550;23118224446557;;
440882;3118224408827;EMINCEUR  EXPRESSION POM LAG EVOLUTION BOITE AIMANTEE GRISE;;;13118224408824;23118224408821;;
21160015;3118220027312;A UTILISER POUR IMPERIAL;;;13118220027319;23118220027316;;
Cons0016;3118220004009;KAKEMONO DROIT DISPLAY SYSTEME U;;;13118220004006;23118220004003;;
Emba0015;3118220002852;VISUEL VITRINE VERALEC 133 COUTEAUX GONDOLE HAUTE;;;;;;
50020005;3118220003460;ASSIETTE CALOTTE 20CM ACIDULE NOIR CARBONE;;;13118220003467;23118220003464;;
10960031;3118220018150;COUTEAU AUGUSTE NATUREL NOYER LAME INOX BRILLANTE BERLINGOT;;;13118220018157;23118220018154;;
422820;3390509945689;FOURCHETTE DECOUPER CHEF;;;13390509945686;23390509945683;;
31100034;3118220018105;M16 CALICOT PIXEL BOITE DECO;;;13118220018102;23118220018109;;
10400012;3118220047983;BLOC MAGNETIQUE 3 COUTEAUX ABSOLU EBENE;;;13118220047980;23118220047987;;
445170;3118224451700;BOITE DE 12 STEAKS HERITAGE;;;13118224451707;23118224451704;;
31050003;3118220015654;M16 FURTIF 417C GREEN ETAIN COFFRET BI MAT;;;13118220015651;23118220015658;;
Comp0500008;3118223039701;ETUI CUIR VERITABLE LUXE;;;13118223039708;23118223039705;;
Emba0002;3118220008366;COFFRET CARTON VIDE 6 CUILLERES ACIDULE;;;;;;
307010;3118223070100;CUILL DE TABLE MISTRAL BORDEAU;;;13118223070107;23118223070104;;
435374;3118224353745;FOURCHETTE BOLERO CHOCOLAT+GENCOD;;;13118224353742;23118224353749;;
40020008;3118220021662;ROULETTE A PIZZA LAGUIOLE INTUITION METAL +GENCOD;;;13118220021669;23118220021666;;
446591;3118224465912;CUILLERE MANGO ANTHRACITE 446C;;;13118224465919;23118224465916;;
10424279;3118220004320;MAESTRO TB N°8 SANTUKO 18CM EVERCUT COFFRET BI MAT;;;13118220004327;23118220004324;;
441580;3118224415801;FOURCHETTE A SERVIR TETE INOX EXPRESSION /CARTE;;;13118224415808;23118224415805;;
Comp0110003;3118220026377;BOITE LAG HERITAGE VIDE BLEUE+FACADE ROUGE POUR M16 HERITAGE;;;13118220026374;23118220026371;;
11060025;3118220023093;COUTEAU PASSE-EN-S MICARTA COTON + ETUI AFFUTAGE + BOITE;;;13118220023090;23118220023097;;
445721;3118224457214;STEAK LAG EXPRESSION MANCHE BOIS NOIR FX COUTEAU DU CHEF T1;;;13118224457211;23118224457218;;
304950;3118223049502;COUTEAU DESSERT VIEUX PARIS SAT.;;;;;;
404700;3118224047002;CT HUITRE PROFESS. BOIS;;;13118224047009;23118224047006;;
31100001;3118220017207;COUTEAU CALICOT UNION JACK VRAC GENCOD;;;13118220017204;23118220017201;;
31020026;3118220032828;CUILLERE NUANCE BRUYERE VRAC GENCOD;;;13118220032825;23118220032822;;
428020;3118224280201;COUTEAU TABLE  ISLANDE+GENCOD;;;13118224280208;23118224280205;;
Kit0740035;3118220050402;KIT MISE A JOUR COUTELLERIE GIFI 2024;;;13118220050409;23118220050406;;
10050028;3118220020238;CUISINE 17 LAGUIOLE SENS BOIS CLAIR IMPORT FX CDF;;;13118220020235;23118220020232;;
Comp0020;3118220008175;REGLETTE PORTE ETIQUETTE PLATE TRANSPARENTE ADHESIVE 4*132CM;;;;;;
11000029;3118220042148;BLOC 4 COUTEAUX  CERAMIQUE SILICONE MANCHE ET LAME BLANCHE;;;13118220042145;23118220042142;;
448410;3118224484104;COFFRET FROMAGE 3 PCES ACIDULE ROUGE 185C;;;13118224484101;23118224484108;;
Kit0007;3118220001701;KIT GRILLE CERAMIQUE 80P H150 MANCHE COUL LAME NOIRE BLANC;;;;;;
Comp0035;3118220006157;SUPPORT TABLETTE INVERSEE;;;;;;
433830;3118224338308;CUILLERE SAN REMO+GENCOD;;;13118224338305;23118224338302;;
10070004;3118220015579;BLOC NOIR +6 STEAKS FURTIF NOIR;;;13118220015576;23118220015573;;
447330;3118224473306;M16 PAILLE TAUPE BOITE DECO;;;13118224473303;23118224473300;;
10320020;3118220022737;COUTEAU HUITRE GALET MULTIFORME ANTHRACITE COOL GRAY 8C;;;13118220022734;23118220022731;;
10010168;3118220014749;COFFRET 1 STEAK CERAMIQUE METALLISE BRONZE LAME BLANCHE;;;13118220014746;23118220014743;;
Acce1060030;3118220028562;"DOMING ADHESIF AVEC RESINE 10 X 4 ""TB OUTDOOR""";;;13118220028569;23118220028566;;
21180003;3118220022775;FOURCHETTE COLLIOURE 18/10 + GENCOD;;;13118220022772;23118220022779;;
448612;3118224486122;COUTEAU INEDIT ECOSSAIS ROUGE +GENCOD;;;13118224486129;23118224486126;;
444140;3118224441404;4 COUTEAUX ACIDULE BEE GRIS 430C EN BTE PEGBORDABLE;;;13118224441401;23118224441408;;
Comp1490056;3118220050853;BOITE CARTON VIDE BLOC MAGNTIQ 3 CTX ABSOLU EBENE;;;13118220050850;23118220050857;;
11500014_Sylob;3118220042193;SANTUKO 19 CM POLYMERE EN BERLINGOT;;;13118220042190;23118220042197;;
238941;3222472389415;CT CHEF 21 CM BOIS BACKELISE;;;13222472389412;23222472389419;;
21020004;3605756631132;M16 NUANCE BLANC 7527C BOITE ALINEA;;;13605756631139;23605756631136;;
30303045;3118220015036;CAFE EXPRESSION MANCHE BOIS NOIR VRAC;;;;;;
444352;3118224443521;FOURCHETTE VICHY NOIR 6C;;;13118224443528;23118224443525;;
11290001;3118220038325;COUTEAU MAZARIN MIROIR VRAC + GENCOD;;;13118220038322;23118220038329;;
431580;3118224315804;CUILLERE TROQUET NOIRE PS+GENCOD;;;13118224315801;23118224315808;;
445761;3118224457610;TRANCHER 22 LAG EXPRESSION MANCHE BOIS NOIR FX COUTEAU DU CH;;;13118224457617;23118224457614;;
Div0860012;3118220038066;OUTIL DE DECOUPE;;;13118220038063;23118220038060;;
136052;3118221360524;STICKER ROUGE POUR LA GAMME EXPRESSION POM;;;13118221360521;23118221360528;;
Comp0031;3118220006096;ETIQUETTE ADHESIVE M16 COMMUNE;;;;;;
423690;3390509945924;STEAK PP BASIC EXP;;;13390509945921;23390509945928;;
445990;3118224459904;DISPLAY 180 PCES ACIDULE BEE 6 COULEURS PANACHES;;;13118224459901;23118224459908;;
435391;3118224353912;CAFE BOLERO IVOIRE+GENCOD;;;13118224353919;23118224353916;;
10430019;3118220021617;BLOC PIN 6 STEAKS RECORD COULEUR GRIS ROUGE ET BLEU;;;13118220021614;23118220021611;;
30020265;3118220029095;FOURCHETTE GATEAU ACIDULE NOIR CARBONE VRAC;;;13118220029092;23118220029099;;
143609;3118221436090;PLATEAU SUPPORT 2 ECHANTILLONS;;;13118221436097;23118221436094;;
21170007;3118220024861;COUTEAU BRUME AUBERGINE + GENCOD;;;13118220024868;23118220024865;;
446422;3118224464229;COUTEAU ESCAPADE GRENAT +GENCOD;;;13118224464226;23118224464223;;
30650021;3118220006829;CUILLERE HECTOR ROUGE 1935C VRAC GENCOD;;;13118220006826;23118220006823;;
430273;3118224302736;6 STEAKS ORANGE BLOC INCLINE;;;13118224302733;23118224302730;;
436720;3118224367209;SACOCHE 9 PCES COUTEAUX METAL ANTI-GLISSE;;;13118224367206;23118224367203;;
301680;3118223016801;CUILLERE TABLE MC GREGOR VERT;;;;;;
10020063;3118220011557;FROMAGE ACIDULE BEE PANACHE ROUGE-BLANC-NOIR-TURQUOISE VRAC;;;13118220011554;23118220011551;;
403690;3118224036907;FETTE MC GREGOR VERT+GENCOD;;;;;;
Acce1060004;3118220021082;LAME DE REMPLACEMENT MOX PVD NOIR LISSE COUTEAU C.A.C.;;;13118220021089;23118220021086;;
137650;3118221376501;PLEXI DU LINEAIRE COUTEAUX FLY SETAM 480*428*60MM;;;;;;
137355;3118221373555;BARRE CENTRALE JANUEL DISPLAY PALETTE 80*120*180;;;;;;
143365;3118221433655;VISUEL+STICKER LINEAIRE  133 CRF ESPAGNE;;;;;;
30222281;3118220003972;M16 INEDIT BRETAGNE BOITE DECO;;;13118220003978;23118220003975;;
431578;3118224315781;FOURCHETTE TROQUET IVOIRE PS+GENCOD;;;;;;
10120003;3760061252929;OFFICE FORGE MAESTRO IDEAL EN BOITE CADEAU BAUMSTAL;;;13760061252926;23760061252923;;
424700;3118224247006;M24 ALIZE CHARME;;;13118224247003;23118224247000;;
302134;3118223021348;CUILLERE CAFE TROQUET ROUGE PS;;;13118223021345;23118223021342;;
446620;3118224466209;FOURCHETTE LAG EVOLUTION MIROIR;;;13118224466206;23118224466203;;
442383;3118224423837;LOT DE 3 ASSIETTES CARREES DESSERT 21CM IVOIRE MAT;;;13118224423834;23118224423831;;
419390;3118224193907;CUISINE OXYGENE/FX CDF;;;13118224193904;23118224193901;;
436275;3118224362754;CUISINE 19 TRANSITION FX COUTEAU DU CHEF SUISSE;;;13118224362751;23118224362758;;
441630;3118224416303;POLYVALENT ABSOLU PALISSANDRE DES INDES BOITE GRISE;;;13118224416300;23118224416307;;
Kit0040;3118221439145;KIT PLV LINEAIRE COUVERTS FLY SETAM Allemagne;;;13118221439142;23118221439149;;
446820;3118224468203;BOUCHER 21CM FORGE BOIS BACKELISE NOIR FX TB;;;13118224468200;23118224468207;;
407360;3118224073605;M24 CONTOUR BTE CADEAU LISA D'A;;;13118224073602;23118224073609;;
30020235;3118220007840;CAFE MOKA ACIDULE VIOLET 2597C VRAC;;;13118220007847;23118220007844;;
31000003;3118220017962;CUILLERE TABLE SILICONE GALET 429C VRAC GENCOD;;;13118220017969;23118220017966;;
11060057;3118220027626;MARAUDEUR AEROFRAME SERRATION + ETUI KIDEX EN BOITE TECHNIQU;;;13118220027623;23118220027620;;
306670;3118223066707;CUILLERE CAFE ZEPHIR BLEU;;;;;;
Comp0166;3118220016217;DISPLAY 1/4 PALETTE LOW COST 22 BROCHES+1 ETAG 7 INTERCALAIR;;;;;;
446100;3118224461006;DOUBLE AIGUISEUR POIGNEE 7664C PRUNE-NOIR;;;13118224461003;23118224461000;;
21470006;3118220027367;MAZAGRAN PICNIC;;;13118220027364;23118220027361;;
Comp0094;3118220011014;GEOBOX PALETTE ALLIBERT 260L REF 27250 1000*600*662MM;;;;;;
11060018;3118220022904;CAC S100 LISSE MANCHE G10 TOXIFIÉ ROUGE EN BOITE TECHNIQUE;;;13118220022901;23118220022908;;
10080004;3118220023796;SET DE 4 COUTEAUX FURTIF EVERCUT CLASSIC MANCHE NOIR;;;13118220023793;23118220023790;;
30070001;3118220015579;BLOC POLI MIROIR +6 STEAKS FURTIF;;;;;;
438071;3118224380710;M24 INFINITY ORANGE BOITE COLLECTION DECO;;;13118224380717;23118224380714;;
Comp0210;3118220018747;COFFRET BI MAT NOIR VIDE GM SANS THERMO 380*87*30;;;13118220018744;23118220018741;;
10300055;3118220055728;COFFRET 6 CTX LAG EXPRESSION METAL SATINE BTE LH;;;13118220055725;23118220055722;;
442366;3118224423660;LOT DE 6 ASSIETTES CARREES 25CM ARDOISE MAT;;;13118224423667;23118224423664;;
442492;3118224424926;6 STEAK TROQUET IVOIRE POT PET;;;13118224424923;23118224424920;;
30650019;3118220006805;COUTEAU HECTOR ROUGE 1935C VRAC GENCOD;;;13118220006802;23118220006809;;
10080012;3118220038585;COFFRET 2 PIECES FURTIF EVERCUT POLY 11CM + CHEF 19CM;;;13118220038582;23118220038589;;
10320019;3118220022720;COUTEAU HUITRE GALET MULTIFORME MASTIC WARM GRAY 4C;;;13118220022727;23118220022724;;
447210;3118224472101;TABLE URBAN + BERLINGOT;;;13118224472108;23118224472105;;
30140011;3010006033879;FOURCHETTE MANGO FRAMBOISE 220C EURODIF;;;13010006033876;23010006033873;;
11730008;3118220043411;COUTEAU OFFICE 9CM TOP CHEF France  CARTONNETTE TB;;;13118220043418;23118220043415;;
446360;3118224463604;COFFRET CERAMIQUE 2CX 125MM ET 75 LAME TITANE OR;;;13118224463601;23118224463608;;
Comp0740215;3118220047822;TABLETTE MONOBLOC EP25MM P400MM LGR1000MM  NOIR RAL 9005;;;13118220047829;23118220047826;;
30240006;3118220005693;M16 INEDIT ITALIE VRAC;;;13118220005690;23118220005697;;
448194;3118224481943;STEAK PS LAG LASURE MANCHE BOIS BLANCHI SOU FX COUTEAU DU CH;;;13118224481940;23118224481947;;
10020099;3118220020559;CISEAU UNIVERSEL ACIDULE TURQUOISE SUR CARTE;;;13118220020556;23118220020553;;
419190;3118220106635;COUTEAU HUITRE A GARDE POLYPRO;;;13118220106632;23118220106639;;
447625;3118224476253;M24 MANGO TAUPE 7531C EN PANIER FIL ACIER EN PCB4;;;13118224476250;23118224476257;;
429550;3118224295502;CUILLERE BAGUETTE CHARME;;;;;;
430190;3118224301906;CUILLERE BAGUETTE M;;;13118224301903;23118224301900;;
20830001;3614610047309;M16 DIANE BOITE MDD CARREFOUR;;;13614610047306;23614610047303;;
10010115;3118220010758;COFFRET 2 CERAMIQUE 1CUIS125+1OF LAME BLANC MANCHE ROSE 213C;;;13118220010755;23118220010752;;
30020273;3118220031371;CUILLERE A SERVIR ACIDULE BLANC VRAC;;;13118220031378;23118220031375;;
Div0010;3118220014602;KDO 25;;;13118220014609;23118220014606;;
Kit0105;3118220014169;DISPLAY 154 CERAMIQUE BASQUE 1/4 PALETTE 60*40 LC;;;13118220014166;23118220014163;;
10010059;3118220006027;COFFRET 4 CERAMIQUE BLANCHE OF+STEAK+C13+EPL MANCHE USA;;;13118220006024;23118220006021;;
Comp0740153;3118220040175;BANDEAU ADHESIF PRIX OP LAGUIOLE HERITAGE;;;13118220040172;23118220040179;;
442143;3118224421437;LOT DE 3 CALOTTES 20.5CM IVOIRE MAT;;;13118224421434;23118224421431;;
443941;3118224439418;Z BLOC MAGNETIQUE 6 STEAKS EXPRESSION POM UNIT REDOUTE;;;13118224439415;23118224439412;;
423940;3390509946174;STEAK METAL INOX EXP;;;13390509946171;23390509946178;;
448832;3118224488324;FOURCHETTE FORGE POM FX TB;;;13118224488321;23118224488328;;
30650013;3118220006355;CUILLERE HECTOR NOIR BLACK 6 VRAC GENCOD;;;13118220006352;23118220006359;;
400660;3118224006603;COUTEAU LACET+GENCOD;;;;;;
10340008;3118220017597;1 OFFICE+1 EPLUCHEUR BOIS NATUREL SUR SKIN LCDC;;;13118220017594;23118220017591;;
Acce1060015;3118220021563;PAIRE DE PLAQUETTES CUSTOM G10 TOXIFIEE ROUGE MARAUDEUR;;;13118220021560;23118220021567;;
10010046;3118220005150;COFFRET 1 CHEF 15 CERAMIQUE MANCHE USA LAME BLANCHE;;;13118220005157;23118220005154;;
10650007;3118220008670;CUISINE 17 HECTOR 2 BLANC GLACIER RAL9010 BERLINGOT;;;13118220008677;23118220008674;;
31000005;3118220021037;M16 SILICONE GALET 429C BOITE LISA;;;13118220021034;23118220021031;;
Comp0061;3118220009417;DISPLAY VIDE POUR 24 ROULETTES A PIZZA;;;;;;
10020027;3118220003798;UNIVERSEL LISSE13 ACIDULE COUL PANACHE FX T2 COUT CHEF;;;13118220003795;23118220003792;;
303041;3118223030418;COUTEAUX STEAK LAGUIOLE  BOIS THIERS FRANCE;;;;;;
Comp0740258;3118220057371;BAC BOIS 6 CASES CLEO 536*300*380MM;;;13118220057378;23118220057375;;
443400;3118224434000;M16 ESCAPADE FRAMBOISE BTE LISA DECO;;;13118224434007;23118224434004;;
30790010;3118220032873;CAFE BOLERO TAUPE GENCOD;;;13118220032870;23118220032877;;
437613;3118224376133;LAG EVOLUTION CORNE+BTE DETAILLANT;;;13118224376130;23118224376137;;
1FurESant008TbCof10001;3118220022263;OFFICE 9 FURTIF EVERCUT CLASSIC MANCHE NOIR;;;13118220022260;23118220022267;;
435650;3118224356500;CUIS19 FORGE OLIVIER+BTE DETAILLANT TB CLASSIC;;;13118224356507;23118224356504;;
10010180;3118220019454;COFFRET STEAK CERAMIQUE DENTE LAME NOIRE;;;13118220019451;23118220019458;;
448431;3118224484319;COFFRET HUITRE 7 PCES ACIDULE NOIR CARBONE;;;13118224484316;23118224484313;;
10020036;3118220006706;LOT DE 3 ACIDULE BEE OFF-EPL-EPL TOMATE COULEUR PANACHE;;;13118220006703;23118220006700;;
Comp0740023;3118220018327;PORTE VERRE PLAT 650X500 DRLX;;;13118220018324;23118220018321;;
Div0950003;9782081248670;LIVRE SAVOURER LA VIE;;;13118220020518;23118220020515;;
Div0860024;3118220038189;DIVERS MECANISATION;;;13118220038186;23118220038183;;
423960;3390509946198;VIANDE METAL INOX EXP;;;13390509946195;23390509946192;;
10020093;3118220017672;COFFRET BI MAT CRUSTACES 13PCES ACIDULE ROUGE;;;13118220017679;23118220017676;;
11510009;3118220030046;CUISINE 17 CM BOIS STABILISE TOP CHEF FRANCAIS FLAMAND;;;13118220030043;23118220030040;;
Emba0038;3118220003392;VISUEL DEMI ELEMENT VERALEC 2014 64.5*5CM;;;;;;
20110039;3118220049413;MAZAGRAN HERITAGE BRILLANT + GENCOD;;;13118220049410;23118220049417;;
80020005;3118220028319;LOT 6 VERRES GM 36 ACIDULE NOIR CARBONE;;;13118220028316;23118220028313;;
445741;3118224457412;CUISINE LAG EXPRESSION MANCHE BOIS NOIR FX COUTEAU DU CHEF T;;;13118224457419;23118224457416;;
446821;3118224468210;BOUCHER 21CM FORGE BOIS BACKELISE NOIR BOITE GRISE;;;13118224468217;23118224468214;;
30222284;3010006755191;FOURCHETTE BRETAGNE GENCOD EURODIF;;;13010006755198;23010006755195;;
30540004;3118220032712;COUTEAU ZEPHIR TAUPE+GENCOD;;;13118220032719;23118220032716;;
Kit0057;3118220004696;KIT PLV LINEAIRE COUTEAUX L133 VERALEC AVEC POTS PLANCHE133;;;13118220004693;23118220004690;;
10430010;3118220019386;BLOC 6 STEAK RECORD CAMAIEU NEUTRE;;;13118220019383;23118220019380;;
21370004;3118220028241;FOURCHETTE BREGANÇON FINITION SABLEE 18/0 CARTE PEGBORDABLE;;;13118220028248;23118220028245;;
10424302;3118220012424;MAESTRO TB N°4 POLYVALENT MICRO 13CM FOURREAU TB;;;13118220012421;23118220012428;;
123857;3118221238571;PLEXI DU LINEAIRE COUVERTS 100 COMPOSE DE 2 VITRINES 495MM*2;;;;;;
Comp0220;3118220021464;ETIQUETTE POUR PANIERE VIDE + TUBE PVC M24 CANDIES CRF;;;13118220021461;23118220021468;;
31010012;3614613272814;M16 REFLET METALLISE ARGENT BOITE CARREFOUR;;;13614613272811;23614613272818;;
30020256;3118220008618;BOITE DE 6 COUTEAUX ACIDULE BEE ROUGE 185C VPC;;;13118220008615;23118220008612;;
Comp0740089;3118220029323;ENSEMBLE VISUEL MAGNET COUTEAUX 100 CENTRAKOR STA0387;;;13118220029320;23118220029327;;
442316;3118224423165;LOT DE 6 BOLS TALON 14CM 40CL TERRACOTA MAT;;;13118224423162;23118224423169;;
50020009;3118220003507;ASSIETTE DESSERT 20CM ACIDULE TURQUOISE 3135C;;;13118220003504;23118220003501;;
11000027;3118220035843;OFFICE SILICONE GALET 429C TB PROFESSIONNEL PACK ECOLOGIQUE;;;13118220035840;23118220035847;;
446850;3118224468500;CHEF 19CM FORGE BOIS BACKELISE NOIR FX TB;;;13118224468507;23118224468504;;
11700010;3118220037199;CHEF 20CM BRIGADE TB COLLECTION;;;13118220037196;23118220037193;;
142872;3118221428729;SUPPORT ECRAN REF 142841;;;;;;
10960050;3118220018815;COFFRET BI MAT 6 COUTEAUX AUGUSTE ABS GRIS POIVRE;;;13118220018812;23118220018819;;
40050012;3118220057234;COFFRET  LAGUIOLE HERITAGE FOIE GRAS 2P SENS INOX;;;13118220057231;23118220057238;;
403682;3118224036822;COUT MC GREGOR BLEU+GENCOD;;;13118224036829;23118224036826;;
143605;3118221436052;EQUERRE DE LA TABLETTE 1300MM;;;13118221436059;23118221436056;;
433700;3118224337004;M24 ALIZE BTE FORGE;;;13118224337001;23118224337008;;
30880009;3118220011953;M16 CANDY TURQUOISE 7697C VRAC;;;13118220011950;23118220011957;;
10645;3118220106451;COUTEAU DESSERT INOX VIEUX PARIS;;;;;;
443865;3118224438657;COFFRET 3 CX CERAMIQUE OFFICE- STEAK-CUISINE13 LAME NOIRE;;;13118224438654;23118224438651;;
402710;3118224027103;COUTEAU DE POCHE COUL/ COQUE CDF;;;13118224027100;23118224027107;;
Comp0064;3118220009523;TABLETTE SUPPORT 130;;;;;;
433914;3118224339145;M24 BOLERO VERT CELA BTE LISA(F);;;13118224339142;23118224339149;;
442930;3118224429303;COFFRET 1 SANTUKO CERAMIQUE LAME BLANCHE;;;13118224429300;23118224429307;;
10020123;3118220031005;COFFRET SERVICE A DÉCOUPER 3 PIÈCES ACIDULE ROUGE;;;13118220031002;23118220031009;;
Kit0137;3118220019478;KIT DISPLAY 24 CERAMIQUE MANGO LAME BLANCHE LISSE PANACHE;;;13118220019475;23118220019472;;
448170;3257984139913;PIERRE A AIGUISER CARTE CORA;;;13257984139910;23257984139917;;
Acce1070005;3118220041288;ENSEMBLE BAIONETTE ETUI ARMEE;;;13118220041285;23118220041282;;
10070006;3118220015968;BLOC NOIR +6 STEAKS FURTIF COULEURS ASSORTIES;;;13118220015965;23118220015962;;
40010003;3118220005921;ROULETTE PIZZA CERAMIQUE BLANCHE UNION JACK SOUS BLISTER PEG;;;13118220005928;23118220005925;;
313325;3118223133256;COUTEAU AMANDE BLEU VRAC;;;;;;
30020244;3118220005907;BOITE 12 MOKA ACIDULE COUL ASSORTIES VRAC;;;13118220005904;23118220005901;;
427563;3118224275634;CT LAG NACRE BLEU MI+GENCOD;;;13118224275631;23118224275638;;
10010094;3118220009561;LOT 3 COFFRETS TRANSITION CERAMIQUE LAME BLANCHE OF+CUIS+CHE;;;13118220009568;23118220009565;;
315260;3118223152608;GRILLADE BOIS NATUREL;;;;;;
Comp0039;3118220007284;PORTE VERRE 1210 BOUTIQUE LAGUIOLE PARIS;;;;;;
445790;3118224457900;COFFRET CERAMIQUE 1 COUT LAG TABLE LAME NOIRE MANCHE BLANC N;;;13118224457907;23118224457904;;
Comp0050006;3118220033092;PAIRE DE RIVETS INOX LAGUIOLE SENS MARQUAGE O;;;13118220033099;23118220033096;;
Comp0219;3118220021457;PANIERE VIDE + TUBE PVC M24 CANDIES CRF;;;13118220021454;23118220021451;;
Comp0750007;3118220019218;DISPLAY 1/4 PALETTE REPAS DE FETES 2017;;;13118220019215;23118220019212;;
30980001;3118220013469;STEAK POINTU INEDIT TIE AND DYE COUL ASSORTIES+GENCOD;;;13118220013466;23118220013463;;
30656611;3118220034358;TUBO 6 STEAK HECTOR TAUPE;;;13118220034355;23118220034352;;
446393;3118224463932;COFFRET CERAMIQUE 3 STEAKS 95MM LAME TITANE MULTICOLOR;;;13118224463939;23118224463936;;
10840010;3118220021884;CHEF 19 ALLIANCE SOUS FOUREAUX;;;13118220021881;23118220021888;;
Comp0750021;3118220029811;ENSEMBLE AFFICHE+KAKEMONO TOP CHEF FRANCAIS 1/8 PALETTE;;;13118220029818;23118220029815;;
422310;3222472842057;CT JAMBON FORGE 3 GROS/FX;;;13222472842054;23222472842051;;
AS6140;3011230061409;CX GRILLADE MICRO DENTE NOIR;;;13011230061406;23011230061403;;
419240;3118224192405;M24 PCES UMEA BOITE FORGEE;;;13118224192402;23118224192409;;
30970001;3118220012882;M24 ECUME OLIVE GREEN 5763C POT PET;;;13118220012889;23118220012886;;
404400;3118224044001;1 TB +1 DECAP LAG METAL COF.BOIS;;;13118224044008;23118224044005;;
448063;3118224480632;UNIVERSEL LAME LISSE 13 ACIDULE MANCHE NOIR CARBONE FX TB T2;;;13118224480639;23118224480636;;
31020024;3118220032804;COUTEAU NUANCE BRUYERE VRAC GENCOD;;;13118220032801;23118220032808;;
124250;3118221242509;VISUEL+STICKER LINEAIRE CARREFOUR L266;;;;;;
10600003;3118220011168;BLOC PLEXI + 3 PIECES COUTELLERIE LAME COULEUR;;;13118220011165;23118220011162;;
445070;3118224450703;CHEF 21CM URBAN FX  COUTEAU DU CHEF T3;;;13118224450700;23118224450707;;
Cons0033;3118220008311;LOT DE 100 SACS POUBELLE NOIR 160L 60µ REF JET980352;;;13118220008318;23118220008315;;
Acce0590018;3118220049840;LE GRILL DE TABLE EN PIERRE DE VOLVIC;;;13118220049847;23118220049844;;
445640;3118224456408;BLOC BLANC 6CX ACIDULE BEE ROUGE;;;13118224456405;23118224456402;;
428000;3118224280003;CAFE TOSCANE NE + UTILISER;;;13118224280000;23118224280007;;
445410;3118224454107;BLOC BOIS BLANC 6 STEAKS LAG EVOL DUO ROUGE 185C;;;13118224454104;23118224454101;;
Kit0055;3118220004467;KIT PLV LINEAIRE COUTEAUX L133 VERALEC AVEC POTS;;;13118220004464;23118220004461;;
422990;3390509945856;BARRE MAGNETIQUE;;;13390509945853;23390509945850;;
30650022;3118220006836;CAFE HECTOR ROUGE 1935C VRAC GENCOD;;;13118220006833;23118220006830;;
416461;3118224164617;TUBO 6 COUTEAUX LAGUIOLE GRIS;;;13118224164614;23118224164611;;
436283;3118224362839;SANTUKO 17CM 12 TRANSITION  FX TB;;;13118224362836;23118224362833;;
30880006;3118220011922;M16 CANDY TURQUOISE 7697C BOITE TB COLLECTION;;;13118220011929;23118220011926;;
440730;26082288;BLOC 6 STEAKS IMPORT COUL ASSORTI ALDI;;;1260822889;2260822886;;
30170017;3118220004863;FOURCHETTE LAG DUO TAUPE WARM GREY 8+ GENCOD;;;13118220004860;23118220004867;;
10010163;3118220014237;Z COFFRET 2 CX CERAMIQUE 125MM ET 75MM LAME NOIRE VPC;;;13118220014234;23118220014231;;
10960055;3118220018860;TUBO NOIR 6 COUTEAUX AUGUSTE ABS BLANC CHANTILLY;;;13118220018867;23118220018864;;
30970013;3614613272371;M24 ECUME CURACAO TURQUOISE 313C POT PET CARREFOUR;;;13614613272378;23614613272375;;
441740;3118224417409;CUISINE16 EXPRESSION LAG EVOLUTION MANCHE BOIS NOIR BOITE GR;;;13118224417406;23118224417403;;
416480;3118224164808;TUBO 6 CAFES LAGUIOLE ABS GRIS;;;13118224164805;23118224164802;;
Kit0750035;3118220040045;PALETTE COUTELLERIE + ACC OP FIDELITE TOP CHEF 2022;;;13118220040042;23118220040049;;
444420;3118224444207;CUISINE INOX FX CDF;;;13118224444204;23118224444201;;
Kit0750029;3118220036901;KIT TETE DE GONDOLE TOP CHEF COUTELLERIE DE 195 COUTEAUX;;;13118220036908;23118220036905;;
447580;3118224475805;GRILLE 84 CERAMIQUE BLANCHE ET NOIRE TB+TV;;;13118224475802;23118224475809;;
20870007;3118220038240;M16 MAZARIN MIROIR TB COLLECTION;;;13118220038247;23118220038244;;
30970039;3118220047242;ASSORTIMENT PANACHE 36* M24 ECUME POT PET;;;13118220047249;23118220047246;;
444020;3118224440209;LOT 4 COUVERTS EN BTE INEDITS PEGBORDABLE GREEN GRASS;;;13118224440206;23118224440203;;
443280;3118224432808;COFFRET BORDEAU A FENETRE 6 STEAK LAG NACRE MARRON;;;13118224432805;23118224432802;;
404523;3222475201356;OFFICE BOIS  RIVET+ SLEEVE CASINO;;;13222475201353;23222475201350;;
444362;3118224443620;CUILL VICHY NOIR 6C;;;13118224443627;23118224443624;;
307024;3118223070247;CUILLERE A CAFE MISTRAL GRIS;;;13118223070244;23118223070241;;
Comp0186;3118220033344;BOITE VIDE M16 NUANCE OPALE VERT MDD CRF;;;13118220033341;23118220033348;;
Comp0169;3118221360098;ETIQ 40*22 GM FURTIF EVERCUT MASSE ENLEVABLE;;;;;;
10120130;3118220032187;SANTUKO 19CM FORGE BOIS NOYER MADE IN FRANCE PACK ECOLOGIQUE;;;13118220032184;23118220032181;;
Comp0740243;3118220054073;VIS CHC M6*45 BRUT CLASSE 8.8;;;13118220054070;23118220054077;;
436531;3118224365311;BOUCHER FORGE+BERLINGOT TB CLASSICS;;;13118224365318;23118224365315;;
Kit0126;3118220015739;PLV LINEAIRE VIDE COUTEAUX CARREFOUR 2016 L133;;;;;;
10424294;3118220012240;MAESTRO TB N°9 SLICER 21CM EVERCUT BERLINGOT;;;13118220012247;23118220012244;;
10020048;3118220009042;EPLUCHEUR FIL Y ACIDULE BLANC SOUS BLISTER;;;13118220009049;23118220009046;;
430640;3118224306406;LAGUIOLE EVOLUTION CORNE /BLISTE;;;13118224306403;23118224306400;;
10960022;3118220017016;COUTEAU AUGUSTE NATUREL CHENE VERT LAME INOX MAT BERLINGOT;;;13118220017013;23118220017010;;
445400;3118224454008;BLOC BOIS BLANC 6 STEAKS LAG EVOL DUO NOIR;;;13118224454005;23118224454002;;
10120005;3760061252820;PAIN MAESRTO IDEAL EN BOITE CADEAU BAUMSTAL;;;13760061252827;23760061252824;;
449121;3118224491218;COFFRET OFFICE TRANSITION LAME NOIRE CERAMIQUE;;;13118224491215;23118224491212;;
11500008;3118220029897;OFFICE POLYMERE LAME MICRODENTE TOP CHEF FRANCAIS FLAMAND;;;13118220029894;23118220029891;;
143604;3118221436045;TABLETTE SUPPORT CAISSON DE 4 CASIERS 270*1300MM;;;13118221436042;23118221436049;;
30190005;3118220005266;COUTEAU STEAK POINTU INEDIT USA+GENCOD;;;13118220005263;23118220005260;;
Comp0750009;3118220019539;DISPLAY 1/4 PALETTE LOW COST 16 BROCHES SIMPLES PE;;;13118220019536;23118220019533;;
Kit0051;3118221428903;KIT PLV LINEAIRE COUTEAUX H220 LINEAIRE L133 CRF FRANCE;;;13118221428900;23118221428907;;
Comp0029;3118220006072;ETIQUETTE ADHESIVE M16 HERITAGE AVEC GENCOD;;;13118220006079;23118220006076;;
10300037;3118220035980;CUISINE 16CM LAG EXPRESSION POM TB PROFESSIONNEL PACK ECOLOG;;;13118220035987;2311822003594;;
30050018;3118220010475;COUTEAU STEAK SENS ROUGE 185C VRAC;;;13118220010472;23118220010479;;
30140025;3010006034005;CAFE MANGO ANTHRACITE 446C EURODIF;;;13010006034002;23010006034009;;
Cons0089;3118220033832;ADHESIF FRAGILE 48MM*100M PP;;;13118220033839;23118220033836;;
448543;3118224485439;CUILLERE BASTILLE VIOLETTE 2415C+GENCOD;;;13118224485436;23118224485433;;
312050;3118223120508;CUILLERE SELECT VRAC;;;13118223120505;23118223120502;;
21040003;3118220023246;CUILLERE DROP METAL VRAC + GENCOD;;;13118220023243;23118220023240;;
119430;3118221194303;POCHETTE PLASTIQUE 4 PLACES REF CPP4P;;;13118221194300;23118221194307;;
10020078;3118220013896;CISAILLE A CRUSTACES ACIDULE ANIS SUR CARTE;;;13118220013893;23118220013890;;
Emba0039;3118220008472;FICHE 21*29.7 RV ASILE COLIS CHOMETTE;;;13118220008479;23118220008476;;
445791;3118224457917;COFFRET CERAMIQUE 1 COUT LAG TABLE LAME NOIRE MANCHE GRIS;;;13118224457914;23118224457911;;
Cons0068;3118220033658;LOT DE 20 PAQUETS ESSUIE- MAINS 22.5*24 REF NOV864043;;;13118220033655;23118220033652;;
448411;3118224484111;COFFRET FROMAGE 3 PCES ACIDULE NOIR CARBONE;;;13118224484118;23118224484115;;
446002;3118224460023;COUTEAU ACIDULE BEE BLEU ACIER 5405C +GENCOD;;;13118224460020;23118224460027;;
30140035;3118220007390;M24 MANGO ROUGE 185C VRAC;;;13118220007397;23118220007394;;
447570;3118224475706;3 GRILLES CERAMIQUES ASSORT240 PCES LAME BLANCHE-NOIRE-TITAN;;;13118224475703;23118224475700;;
Comp0740182;3118220044593;ENSEMBLE DE 14 COUTEAUX  IMPLANTATION  VITRINE GIFI 2022;;;13118220044590;23118220044597;;
21450011;3118220031715;CUILLERE RIVAGE BOITE DE 12;;;13118220031712;23118220031719;;
301681;3118223016818;CUILLERE TABLE MC GREGOR VX ROSE;;;;;;
10010087;3118220009295;COFFRET 2 CERAMIQUE C13 ET OFF MANCHE BASQUE LAME BLANCHE;;;13118220009292;23118220009299;;
10010113;3118220010734;COFFRET 1 CHEF 155 CERAMIQUE LAME BLANCHE MANCHE VERT 3175C;;;13118220010731;23118220010738;;
30020339;3118220049581;ASSORTIMENT PANACHE 36 *  M16 ACIDULE BEE  BTE LAGUIOLE;;;13118220049588;23118220049585;;
10010104;3118220010406;COFFRET 3 STEAK CERAMIQUE METALLISE BRONZE LAME BLANCHE;;;13118220010403;23118220010400;;
000245;3118220002456;INTERIM DESIGN;;;;;;
448893;3118224488935;LOT 3 CAFES MANGO TURQUOISE 7467C;;;13118224488932;23118224488939;;
Comp0137;3118220015227;PLAQUE POLYSTYRENE MIROIR ARGENT DOS BLANC 650*1260*1MM;;;;;;
405101;3118224051016;SOMM. LAG PALISSAND. MI COF.BOIS;;;13118224051013;23118224051010;;
446430;3118224464304;FOURCHETTE ESCAPADE ANIS +GENCOD;;;13118224464301;23118224464308;;
30020262;3118223153230;CAFE ACIDULE BEE NOIR CARBONE VRAC;;;13118223153237;23118223153234;;
412980;3596710211609;M24 AMANDE JAUNE BTE AUCHAN;;;13596710211606;23596710211603;;
40020001;3118220004665;COFFRET BI MAT 2 PIECES A SERVIR LAG ACIDULE ROUGE;;;13118220004662;23118220004669;;
446120;3118224461204;LOT 4 STEAK RECORD NOIR;;;13118224461201;23118224461208;;
448720;3118224487204;STEAK MANCHE CREME P7499C LAME MOTIF MOULE SOUS BERLINGOT;;;13118224487201;23118224487208;;
442497;3118224424971;6 STEAK TROQUET MULTICOLOR POT PET;;;13118224424978;23118224424975;;
427430;3118224274309;GRILLADIN GRAPHIC / BTE;;;13118224274306;23118224274303;;
20110022;3118220029613;MOKA HERITAGE FINITION SABLE SUR CARTE PEGBORDABLE;;;13118220029610;23118220029617;;
426640;3118224266403;OFFICE SENSIO VRAC+GENCOD;;;13118224266400;23118224266407;;
416260;3523670153724;COUTEAU STEAK POLYPRO GRANDJURY;;;13523670153721;23523670153728;;
442320;3118224423202;EXPRESSO IVOIRE MAT;;;13118224423209;23118224423206;;
10310001;3118220002081;COFFRET 6STEAK 6FETTES BARBECUE MAISON ETE RGE-VER-BLE BELGI;;;13118220002088;23118220002085;;
136503;3118221365031;MEUBLE LINEAIRE L76CM CX PROMOCASH JANUEL;;;;;;
21430007;3118220026810;FOURCHETTE DESSERT CAPITOL 18/0 EN BOITE PEGBOARDABLE;;;13118220026817;23118220026814;;
315923;3118223159232;CAFE LAG EVOLUTION MIROIR VRAC;;;13118223159239;23118223159236;;
30020289;3118220013063;4 MOKA ACIDULE COUL ASSORTIES BLISTER;;;13118220013060;23118220013067;;
Cons0026;3118220004498;ETIQUETTE 40*80MM 6 STEAKS RECORD TUBO REF 448780;;;;;;
430403;3118224304037;SET 3 USTENSILES MANCHE METAL BOITE VPC OUVRE BTE-FOUET-RASO;;;13118224304034;23118224304031;;
446021;3118224460214;CUILLERE ACIDULE BEE VIOLET LILAS 5145C +GENCOD;;;13118224460211;23118224460218;;
21190005;3118220022836;CAFE PAIMPOL 18/10 + GENCOD;;;13118220022833;23118220022830;;
10020084;3118220014213;Z BLOC BLANC 6 USTENSIL TITANE CUISINE ACIDULE BRUM 430 VPC;;;13118220014210;23118220014217;;
Comp1230002;3118220000094;BOITE MONTAGE RAPIDE 301X38X20 CBMR12;;;13118220000091;23118220000098;;
444766;3118224447666;COFFRET 2 CERAMIQUE 125MM ET 75MM MANCHE VIOLET LAME BLANCHE;;;13118224447663;23118224447660;;
10424273;3118220004269;MAESTRO TB N°2 OFFICE 11CM EVERCUT COFFRET BI MAT;;;13118220004266;23118220004263;;
10840007;3118224489741;SANTOKU  GRAPHIC SOUS BERLINGOT;;;13118224489748;23118224489745;;
445003;3118224450031;CUISINE 18 MEMORY BOITE GRISE;;;13118224450038;23118224450035;;
10010171;3118220015388;COFFRET 1 OFFICE MANGO ANIS 382C CERAMIQUE LAME BLANCHE;;;13118220015385;23118220015382;;
20160014;3222476922052;M16 OSLO DECOR ETOILE NOIR FINLANDEK;;;13222476922059;13222476922059;;
10120185;3118220041264;SANTUKO 18CM FORGE MAESTRO LAME LISSE EN BOITE RETAIL;;;13118220041261;23118220041268;;
Comp0140012;3118220033290;MANCHE GM MANGO ROUGE 185C POUR CERAMIQUE;;;13118220033297;23118220033294;;
20160016;3118220023277;FOURCHETTE OSLO DECOR ETOILE ANTHRACITE VRAC + GENCOD;;;13118220023274;23118220023271;;
30970008;3118220013506;M24 ECUME KIR 221C POT PET;;;13118220013503;23118220013500;;
432640;3254564484180;M16 PYRAMIDE BLEU AUCHAN;;;;;;
Cons0040;3118220007697;VELCRO ADHESIF 50MM BOITE DE 25M BOUCLE ET CROCHET;;;13118220007694;23118220007691;;
301060;3118223010601;CUILLERE TABLE LACET;;;;;;
310005;3118223100050;EPLUCHEUR BOIS BAK. ROUGE RIVET;;;;;;
435371;3118224353714;FOURCHETTE BOLERO IVOIRE+GENCOD;;;13118224353711;23118224353718;;
31260003;3615005728384;M24 COTTAGE RUBIS CARREFOUR;;;13615005728381;23615005728388;;
423670;3390509945900;OFFICE PP BASIC EXP;;;13390509945907;23390509945904;;
447480;3118224474808;EPLUCHEUR FIL Y ACIDULE COUL PANACHE SOUS BLISTER;;;13118224474805;23118224474802;;
Kit0740007;3118220025929;PLV LINEAIRE USTENSILES GIFI;;;13118220025926;23118220025923;;
445340;3609231250016;M16 ACIDULE TURQUOISE 3135C CRF SS ABEILLE;;;13609231250013;23609231250010;;
Div0860017;3118220038110;OUTIL RIVETAGE;;;13118220038117;23118220038114;;
10210011;3118220010154;CUISINE 17 LAG LASURE MANCHE BOIS GRIS BOITE CADEAU;;;13118220010151;23118220010158;;
10960044;3118220018280;COUTEAU AUGUSTE NATUREL PISTACHIER LAME INOX MAT BERLINGOT;;;13118220018287;23118220018284;;
30140014;3010006033817;COUTEAU MANGO TURQUOISE 7467C EURODIF;;;13010006033814;23010006033811;;
446760;3118224467602;OFFICE FORGE BOIS BACKELISE NOIR FX TB;;;13118224467609;23118224467606;;
Comp0740245;3118220054097;RONDELLE DIA 6 L ZINGUEE;;;13118220054094;23118220054091;;
315211;3118223152110;OFFICE BOIS FOUGERE 7746C;;;13118223152117;23118223152114;;
Comp0028;3118220008205;COIFFE EN CARTON DISPLAY DOUBLE 1/4 PALETTE 120.5*47*170 C20;;;;;;
603190;3118226031900;FIXATION GRILLE TUBE DIAM25MM;;;;;;
142880;3118221428804;DOCUMENTATION ABSOLU MODELE EN 4 PAGES;;;;;;
30101090;3118220022621;M24 LAGUIOLE NEUTRE TON SUR TON GRAND COFFRET;;;13118220022628;23118220022625;;
71590018;3118220036406;MARMITE 24CM AVEC COUVERCLE CUISSON TOP CHEF NEVERSTICK1;;;13118220036403;23118220036400;;
308860;3118223088600;FETTE TABLE BAROQUE;;;13118223088607;23118223088604;;
445960;3118224459607;OFFICE 9 LAME TITANE MANCHE GRIS 444C-NOIR 426C EN BTE;;;13118224459604;23118224459601;;
Comp0015;3118220008144;COFFRET BI MAT ROUGE VIDE SERVICE DESSERT ACIDULE 33*14*4.43;;;;;;
410590;3118224105900;M24 ZEPHIR FRAMBOISE DS POT PET;;;13118224105907;23118224105904;;
442216;3118224422168;LOT DE 6 TASSE CAFE 12CL ARDOISE MAT;;;13118224422165;23118224422162;;
441829;3222475234408;COFFRET 1 EPLUCHEUR CERAMIQUE CASINO LAME BLANCHE;;;13222475234405;23222475234402;;
Kit0320002;3118220025936;BOURRICHE MIXTE 96 HUITRES CARREFOUR;;;13118220025933;23118220025930;;
60001;3118220015463;SOMMELIER DESIGN AVEC MARQUAGE SOUS SACHET;;;;;;
442750;3605752058155;M16 GRENOBLE BOIS/ NOBLEO BTE ALINEA;;;13605752058152;23605752058159;;
441551;3118224415511;FOURCHETTE A SPAGHETTIS TETE POLYAMIDE EXPRESSION/CARTE;;;13118224415518;23118224415515;;
Cons0027;3118220004504;COUVERCLE DES TUBOS DIAM 60 X H 225;;;13118220004501;23118220004508;;
Kit0750046;3118220043336;DISPLAY BOIS LE MAREYEUR VIDE POUR POINT DE VENTE;;;13118220043333;23118220043330;;
30140031;3118220007352;M24 MANGO CHOCOLAT 7533C VRAC;;;13118220007359;23118220007356;;
31050004;3118220015661;M16 FURTIF WARM GREY 4 GRIS CRAIE COFFRET BI MAT;;;13118220015668;23118220015665;;
10320016;3118220020306;CX HUITRE GARDE MULTICOLOR EN BOURRICHE X 90;;;13118220020303;23118220020300;;
10590007;3118220016255;CISAILLE A VOLAILLE BI MATIERE;;;13118220016252;23118220016259;;
Comp0080005;3118220022393;CUISINE 21 FURTIF EVERCUT CLASSIC MANCHE NOIR;;;13118220022390;23118220022397;;
Kit0039;3118221439138;KIT PLV LINEAIRE COUTVERTS FLY SETAM FRANCE;;;13118221439135;23118221439132;;
10424288;3118220007567;STEAK 12MAESTRO ALL-CLAD N°13 25/10 Z20C13 EVERCUT BERLINGOT;;;13118220007564;23118220007561;;
304420;3118223044200;CUILL TABLE GRENOBLE INOX;;;13118223044207;23118223044204;;
31020015;3118220020108;COUTEAU NUANCE ORANGE PASTEL PANTONE 475U;;;13118220020105;23118220020102;;
436051;3118224360514;CUISINIER SEDUCTION BERLINGOT;;;13118224360511;23118224360518;;
Comp0156;3118220015814;DISPLAY 1/4 PALETTE LOW COST 11 BROCHES SIMPLES CERAMIQUE;;;;;;
10270010;3118220035911;COUTEAU VIANDE BACKELISE TB PROFESSIONNEL EN PACK ECOLOGIQUE;;;13118220035918;23118220035915;;
Kit0100003;3118220049857;DISPLAY 1/2  PALETTE 54 PIECES M16 LAGUIOLE HERITAGE;;;13118220049854;23118220049851;;
30790007_SYLOB;3118220014374;M16 BOLERO METALLISE CUIVRE BOITE DECO;;;13118220014371;23118220014378;;
Emba0010;3118220008434;COFFRET BI MATIERE ROUGE 185C VIDE POUR 6 CUILLERES ACIDULE;;;13118220008431;23118220008438;;
10020058;3118220010109;CHEF 19 ACIDULE LAME INOX MANCHE NOIR BOITE CADEAU;;;13118220010106;23118220010103;;
30020334;3118220034808;CAFE ACIDULE BEE ROUGE COQUELICOT RED032 VRAC;;;13118220034805;23118220034802;;
Emba0020;3118220002890;VISUEL PLV COUTEAUX 133 CARREFOUR DOM TOM 130*7.5CM;;;;;;
124241;3118221242417;BARRE DE FORCE 100 FNAC;;;13118221242414;23118221242411;;
11060076;3118220031807;C.A.C. DOUANE LAME LISSE PEACOAT 19-3920 TPX + HOUSSE NOIRE;;;13118220031804;23118220031801;;
424020;3390509946259;CUISINE FORGE CHEF EXP;;;13390509946256;23390509946253;;
439904;3118224399040;M16 LAG HERITAGE ITALIE;;;13118224399047;23118224399044;;
30050028;4260361287052;COFFRET BI MAT 6 STEAK LAG SENS ORANGE 021C MARQUAGE BORK;;;;24260361287056;;
10010134;3118220011397;COFFRET 2 CERAMIQUE DENTE CUISINE13+OFFICE LAME NOIRE;;;13118220011394;23118220011391;;
441752;3118224417522;TRANCHER  EXPRESSION LAG EVOL MANCHE BOIS NOIR BOITE GRISE E;;;13118224417529;23118224417526;;
Emba0036;3118220003378;ETAGERE A POTS DE 50 USTENSILES;;;13118220003375;23118220003372;;
441910;3118224419106;BOITE CADEAU 1BEURRE-1CUIL CONFITURE-1PAIN LAG METAL;;;13118224419103;23118224419100;;
Kit0065;3118220005990;DISPLAY 188 CERAMIQUE UNION JACK-USA 1/4 PALETTE 60*40 LC;;;13118220005997;23118220005994;;
447470;3118224474709;RAPE ACIDULE COUL PANACHE SOUS BLISTER;;;13118224474706;23118224474703;;
Kit0095;3118220012455;KIT DISPLAY 83 CERAMIQUE METALLISE ARGENT BRONZE 1/4 PALETTE;;;13118220012452;23118220012459;;
21530001;3118220029644;M16 BOBINE REVETEMENT PVD NOIR BRILLANT BOITE PREMIUM;;;13118220029641;23118220029648;;
30020008;3118220001275;COFFRET BI MAT 6 CAFES ACIDULE COUL ASSORTIE;;;13118220001272;23118220001279;;
Acce0590007;3118223059006;PLANCHE POLYPRO BLANCHE AVEC ANSE METAL 34.5*24.5*0.8 CM;;;13118223059003;23118223059000;;
10450001;3118220019553;JAMBON/SAUMON ADFLEX FX COUTEAU DU CHEF;;;13118220019550;23118220019557;;
19525;3118220016712;COFFRET DE 2 COUTEAUX JAPONAIS SANTOKU INOX MANCHE BOIS BLAN;;;;;;
122960;3118221229609;ECRIN PLASTIQUE+SUREMBALLAGE POLYVALENT 20 EVERCUT 400*110*2;;;13118221229606;23118221229603;;
446860;3118224468609;CUISINE 22CM FORGE BOIS BACKELISE NOIR FX TB;;;13118224468606;23118224468603;;
Comp0400001;3118220022324;STICKER PM GAMME ABSOLU;;;13118220022321;23118220022328;;
30020335;3118220034815;COUTEAU ACIDULE BEE TURQUOISE 7715C VRAC;;;13118220034812;23118220034819;;
432270;3118224322703;POLYVALENT ABSOLU MANCHE EBENE EN BERLINGOT;;;13118224322700;23118224322707;;
448632;3118224486320;CUILLERE INEDIT ECOSSAIS ROUGE +GENCOD;;;13118224486327;23118224486324;;
436750;3118224367506;TABLE 12 OMEGA FX CDF;;;13118224367503;23118224367500;;
Comp0110005;3118220038493;BOITE PM LAGUIOLE HERITAGE STEAK 12CM;;;13118220038490;23118220038497;;
10100024;3118220048621;COFFRET BOIS 6 COUTEAUX LAGUIOLE TABLE METAL;;;13118220048628;23118220048625;;
30020260;3118220031357;CAFE MOKA ACIDULE BLANC PUR VRAC;;;13118220031354;23118220031351;;
Comp0740002;3118220012622;PORTE VERRES INCLINE 1330 TIROIR;;;13118220012629;23118220012626;;
30810002;3118220025271;M16 BASTILLE BOUTON D'OR BOITE LISA DECO;;;13118220025278;23118220025275;;
238934;3222472389347;CT STEAK 13 CM FORGE;;;13222472389344;23222472389341;;
447950;3118224479506;COFFRET SANTOKU  12 URBAN LAME CERAMIQUE BLANCHE;;;13118224479503;23118224479500;;
Comp0009;3118220008106;VISUEL + STICKER LINEAIRE CARREFOUR L133 COUTEAUX PROTO 2014;;;;;;
30101071;3118220008663;COUPERET LAG FROMAGE METAL 12/10+GENCOD;;;13118220008660;23118220008667;;
445231;3118224452318;COFFRET CERAMIQUE 2CX LAG TABLE LAME BLANCHE MANCHE GRIS;;;13118224452315;23118224452312;;
Kit0750071;3118220053755;KIT PLV SUPERMARCHE  800*600 OP FIDELITE TOP CHEF 2026;;;13118220053752;23118220053759;;
11280003;3367305228100;STEAK 12 FUSION/ADFLEX FX PRADEL HERITAGE 522810;;;13367305228107;23367305228104;;
10010189;3118220027534;COFFRET 3 CERAMIQUES OFF STEAK EPL LAME NOIRE MANCHE NOIR;;;13118220027531;23118220027538;;
32110001;3118220055759;M16 OREE BOITE TB COLLECTION;;;13118220055756;23118220055753;;
120810;3118221208109;SUPPORT VAISSELLE 400 MM + SUPPORT ETIQ 60X40MM REF VIFL.011;;;13118221208106;23118221208103;;
20390002;3118220011250;COUTEAU NEW TRANSITION+GENCOD;;;13118220011257;23118220011254;;
410670;3118224106709;M24 ECLOSION BTE VPC;;;13118224106706;23118224106703;;
403372;3118224033722;BOUCHER 21CM SENSIO FX TB;;;13118224033729;23118224033726;;
448251;3118224482513;BLOC MAGNETIQUE 3 CX CUISINE ACIDULE BEE BRUME 430C LAME TIT;;;13118224482510;23118224482517;;
Kit1520002;3118220056435;DISPLAY 1/4 PALETTE 48 * M24 LAG HERITAGE FUSION PANACHE;;;13118220056432;23118220056439;;
10010098;3118220010338;COFFRET 2 CERAMIQUE METALLISE ARGENT 1 OF+1 C13 LAME BLANCHE;;;13118220010335;23118220010332;;
442204;3118224422045;LOT DE 4 TASSES CAFE 12CL IVOIRE MAT;;;13118224422042;23118224422049;;
Acce0001;3118220002739;FUSIL A AIGUISER MECHE OVALE PROMO;;;;;;
10010190;3118220027541;COFFRET 2 CERAMIQUES 125MM + 75MM LAME BLANCHE MANCHE GRIS;;;13118220027548;23118220027545;;
304430;3118223044309;CUILL CAFE GRENOBLE INOX;;;13118223044306;23118223044303;;
Comp0023;3118220005815;DISPLAY PALETTE LAG 80*120 COUTEAUX COUVERTS USTENSILES;;;;;;
136193;3118221361934;BOITE DECOUPEE OFFICE EVERCUT DD30 285*125*42;;;13118221361931;23118221361938;;
30020318;3118220032637;COUTEAU ACIDULE ROUGE WB+GENCOD;;;13118220032634;23118220032631;;
20110031;3118220032583;SET DE 4 CTX 4 FTTES 4 CAFES LAGUIOLE HERITAGE BOITE VPC;;;13118220032580;23118220032587;;
142842;3118221428422;PORTE DOCUMENTATION EVERCUT POUR PRESENTOIR;;;13118221428429;23118221428426;;
11000018;3118220029972;OFFICE CERAMIQUE SILICONE LAME BLANCHE TOP CHEF FR FLAMAND;;;13118220029979;23118220029976;;
30101089;3118220022614;M24 LAGUIOLE BLEU VERT TON SUR TON GRAND COFFRET;;;13118220022611;23118220022618;;
10120085;3118220027954;COUTEAU TOP CHEF 25;;;13118220027951;23118220027958;;
50020010;3118220004030;VERRE PM 34 ACIDULE ROUGE 185C;;;13118220004037;23118220004034;;
10010186;3118220022492;COFFRET 1 COUTEAU CERAM 155MM LAME NOIRE FINLANDEK ITALIEN;;;13118220022499;23118220022496;;
30040015;3118220006485;COUTEAU POIS GRAPHIK INEDIT MULTICOLOR VRAC GENCOD;;;13118220006482;23118220006489;;
30020330;3118220034761;CAFE ACIDULE BEE JAUNE CUMIN 7752C VRAC;;;13118220034768;23118220034765;;
447360;3118224473603;STEAK 11 ACIDULE  BEE BRUME 430C LAME TITANE NOIRE SOUS BERL;;;13118224473600;23118224473607;;
431760;3118224317600;CUISINE 16CM FUSION/ADFLEX FX CDF;;;13118224317607;23118224317604;;
404670;3118224046708;TARTINEUR 6CM RECORD + SLEEVE;;;13118224046705;23118224046702;;
124282;3118221242820;VISUEL+STICKER LINEAIRE COUTEAUX VERALEC L266;;;;;;
Comp0042;3118220007413;MEUBLE PALETTE CERAMIQUE 80*120 48 BROCHES SANS LES VISUEL;;;;;;
10020101;3118220020573;CISEAU UNIVERSEL ACIDULE BLANC SUR CARTE;;;13118220020570;23118220020577;;
Kit0100002;3118220038202;DISPLAY PALETTE 108 PIECES M16 LAGUIOLE HERITAGE;;;13118220038209;23118220038206;;
30020271;3118220031425;CUILLERE A SERVIR ACIDULE ROUGE 185C VRAC;;;13118220031422;23118220031429;;
Comp1120001;3118220026629;BOITE TB COLLECTION VIDE + FACADE POUR M24 PERLE;;;13118220026626;23118220026623;;
438570;3118224385708;BLOC BAMBOU DE 5 CX METAL;;;13118224385705;23118224385702;;
440270;3254565371915;PIERRE AUCHAN;;;13254565371912;23254565371919;;
30020337;3118220034839;CUILLERE ACIDULE BEE TURQUOISE 7715C VRAC;;;13118220034836;23118220034833;;
11700009;3118220037182;CUISINE 15CM BRIGADE TB COLLECTION;;;13118220037189;23118220037186;;
314418;3118223144184;STEAK 11CM  LAG EXPRESSION MANCHE BOIS NOIR LAG EVOLUTION;;;13118223144181;23118223144188;;
10100002;3118220014954;BLOC ARGENT 6 COUTEAUX LAG METAL;;;13118220014951;23118220014958;;
124283;3118221242837;VISUEL BAC CLEO TYPO1 AVEC MAZAGRAN ET MOKA;;;13118221242834;23118221242831;;
315215;3118223152158;OFFICE BOIS NATUREL;;;13118223152155;23118223152152;;
21160010;3118220027251;COUTEAU DESSERT IMPERIAL;;;13118220027258;23118220027255;;
10010066;3118220007598;COFFRET 4 STEAK CERAMIQUE METALLISE 4 COUL METAL LAME BLANCH;;;13118220007595;23118220007592;;
443355;3605753705751;M16 ESCAPADE CAFE AU LAIT ALINEA;;;13605753705758;23605753705755;;
40020010;3118220021686;EPLUCHEUR FIL Y LAGUIOLE INTUITION METAL +GENCOD;;;13118220021683;23118220021680;;
31100024;3118220017436;CAFE CALICOT GEOMETRIX SQUARE VRAC GENCOD;;;13118220017433;23118220017430;;
10350004;3367305228223;OFFICE 9 CHALET FX PRADEL HERITAGE 522822;;;13367305228220;23367305228227;;
436150;3118224361504;FRUIT/LEG BAMBOO STICK FX CDF;;;13118224361501;23118224361508;;
441760;3118224417607;LAG BOIS NOIR DE POCHE EVOLUTION BOITE GRISE PM;;;13118224417604;23118224417601;;
311851;3118223118512;FETTE A SERVIR OSLO VRAC;;;13118223118519;23118223118516;;
441400;3118224414002;TIRE-BOUCHON LAITON BELLE EPOQUE COFFRET BOIS;;;13118224414009;23118224414006;;
000238;3118220002388;INTERIM ENCADREMENT;;;;;;
30020013;3118220003101;COFFRET BI MAT 6 CUILLERES ACIDULE BEE LAG ROUGE 185C;;;13118220003108;23118220003105;;
10680;3118220106802;CUILLERE TABLE INOX LACET;;;;;;
435290;3118224352908;COUTEAU OSLO+GENCOD;;;13118224352905;23118224352902;;
143796;3118221437967;PLATEAU SUPPORT ECHANTILLON COUVERTS FLY SETAM 960*294MM;;;13118221437964;;;
10650016;3118220012189;STEAK HECTOR NOIR REGLISSE SOUS FOURREAU COUTEAU DU CHEF;;;13118220012186;23118220012183;;
30040032;3118220019164;M16 INEDIT SCANDINAVE NOIR BOITE DECO;;;13118220019161;23118220019168;;
Kit0034;3118220003569;KIT BOX 360 STEAKS LAGUIOLE+24 STEAKS SENS ROUGE GRATUITS;;;13118220003566;23118220003563;;
000239;3118220002395;INTERIM ADMINISTRATIF;;;;;;
311505;3118223115054;CAFE LAG LUXE BOIS NOIR;;;13118223115051;23118223115058;;
30880005;3118220011915;M16 CANDY ROSE 218C BOITE TB COLLECTION;;;13118220011912;23118220011919;;
446355;3118224463550;DEBA EQUILIBRE JAPONAIS CDF EN BOITE CADEAU;;;13118224463557;23118224463554;;
446521;3118224465219;M16 VIRGULE TURQUOISE 2718C EN BOITE LISA;;;13118224465216;23118224465213;;
311504;3118223115047;CUIL LAG LUXE BOIS NOIR;;;13118223115044;23118223115041;;
432520;3118224325209;POELE AXIO 24CM+BANDEAU;;;13118224325206;23118224325203;;
32070025;3616957761870;COUTEAU OPEN DECOR GUINGUETTE BLEU CARREFOUR HOME;;;03616955895515;03616954320582;;
10020030;3118220003828;CHEF 19 ACIDULE COUL PANACHE FX T3 COUT DU CHEF;;;13118220003825;23118220003822;;
314310;3118223143101;FETTE VRAC SAN REMO;;;;;;
448330;3118224483305;RASOIR A LEGUMES TRANSITION SACHET+GENCOD;;;13118224483302;23118224483309;;
304710;3118223047102;CUILLERE TABLE AMANDE VERT;;;;;;
10960069;3118220019003;COFFRET BI MAT 6 COUT AUGUSTE NATUREL EBENE L INOX MAT;;;13118220019000;23118220019007;;
128790;3118221287906;ETIQ CARTONNEE DIAM14CM M6 CAPITAL POUR GRILLE CERAMIQUE;;;;;;
143792;3118221437929;VISUEL COUVERTS FLY L100 ALLEMAGNE;;;;;;
304300;3118223043005;LAG DES CIMES 12 CM BUB RGE;;;13118223043002;23118223043009;;
450040;3118224500408;SET DE 1OFF LISSE+1SANTUKO+1POLYVALENT EVERCUT;;;13118224500405;23118224500402;;
304042;3118223040424;SOMMELIER DESIGN NOIR;;;;;;
448602;3118224486023;BAC NOIR 5 CASES VIDE POUR GAMME CLEO COUVERTS ALINEA;;;13118224486020;23118224486027;;
Kit0750003;3118220004221;DISPLAY 134 CERAMIQUE 1/4PAL 60*40LAME NOIR-BLANC MANCH COUL;;;13118220004228;23118220004225;;
439821;3118224398210;OFFICE 9CM LAG EXPRESSION POM FX T1 ESPAGNOL;;;13118224398217;23118224398214;;
442264;3118224422649;LOT DE 4 MUG IVOIRE MAT;;;13118224422646;23118224422643;;
402982;3118224029824;BOUCHER 21 CM FORGE POM  FX TB;;;13118224029821;23118224029828;;
31100003;3118220017221;CUILLERE CALICOT UNION JACK VRAC GENCOD;;;13118220017228;23118220017225;;
403401;3118224034019;FRUIT/LEG SENSIO FX COUTEAU DU CHEF;;;13118224034016;23118224034013;;
302030;3118223020303;FETTE TABLE BACCARAT BLEU ROI;;;;;;
51740007;3118220044838;SET DE 6 ASSIETTES A SOUPE TOP CHEF;;;13118220044835;23118220044832;;
Comp0120;3118221358903;BOITE VIDE ROUGE 1 PCE PM LAG EXPRESSION 290*70*23MM;;;13118221358900;23118221358907;;
10320024;3367305242113;COUTEAU OFFICE PRO TOP CHEF + SLEEVE 524211;;;13367305242110;23367305242117;;
30170013;3118220004825;FOURCHETTE LAG DUO VERT 381C+ GENCOD;;;13118220004822;23118220004829;;
Cons0057;3118220033566;PALETTE EXPEDITION LOURDE 150 X 100 CM PLANCHER PLEIN;;;13118220033563;23118220033560;;
000234;3118220002340;INTERIM MECANIQUE;;;;;;
446060;3118224460603;Z OFFICE LAG EVOLUTION LASURE COULEUR PANACHEE;;;13118224460600;23118224460607;;
444773;3118224447734;COFFRET 1 OFFICE CERAMIQUE 75MM MANCHE BLEU LAME BLANCHE;;;13118224447731;23118224447738;;
Pres0043;3118220010239;TEST LAVE VAISSELLE INDUS 10 CYCLES;;;;;;
434230;3118224342305;PLATEAU FROMAGE ROND + 3PCES LAG;;;13118224342302;23118224342309;;
40020033;3118220025813;EPLUCHEUR A TOMATE ACIDULE COLLECTION COULEUR 2.9 + GENCOD;;;13118220025810;23118220025817;;
Comp0100001;3118220020993;FRONTON 430*460 LAG EVOLUTION 3 COMPARTIMENTS 124271;;;13118220020990;23118220020997;;
443205;3245672220975;LOT 6 CX CLEO AUCHAN RUSSIE CODE OIA383733;;;13245672220972;23245672220979;;
448440;3118224484401;COFFRET FRUIT DE MER ACIDULE ROUGE 185C 14 PIECES;;;13118224484408;23118224484405;;
449101;3118224491010;COFFRET SERVICE DECOUPER C16+FETTE LAG ACIDULE NOIR CARBONE;;;13118224491017;23118224491014;;
449193;3118224491935;COUTEAU SENS ROUGE 185C+GENCOD;;;13118224491932;23118224491939;;
10960049;3118220018808;COFFRET BI MAT 6 COUTEAUX AUGUSTE ABS BLEU D'AUVERGNE;;;13118220018805;23118220018802;;
30790002;3118220011892;M16 BOLERO IVOIRE BOITE DECO;;;13118220011899;23118220011896;;
445125;5414663330216;LOT 2 COUTEAUX CLEO WINNY;;;15414663330213;25414663330210;;
411570;3118224115701;COUT BULLE TRANSP+GENCOD;;;13118224115708;23118224115705;;
30050011;3118220002913;M16 EVOLUTION SENS BLANC COFFRET BI MAT;;;13118220002910;23118220002917;;
40010007;3118220009325;ROULETTE PIZZA CERAMIQUE BLANCHE BASQUE SOUS BLISTER PEG;;;13118220009322;23118220009329;;
447340;3118224473405;EPLUCHEUR 5 ACIDULE  BEE BRUME 430C LAME TITANE NOIRE SOUS B;;;13118224473402;23118224473409;;
435640;3118224356401;BOUCHER FORGE OLIVIER+ BTE DETAILLANT TB CLASSIC;;;13118224356408;23118224356405;;
315225;3118223152257;STEAK BOIS NATUREL;;;13118223152254;23118223152251;;
312060;3118223120607;CAFE SELECT VRAC;;;13118223120604;23118223120601;;
436541;3118224365410;PAIN FORGE+BERLINGOT TB CLASSICS;;;13118224365417;23118224365414;;
446590;3118224465905;CUILLERE MANGO ANIS 382C;;;13118224465902;23118224465909;;
10010055;3118220005952;COFFRET 1 CHEF 15 CERAMIQUE BLANCHE MANCHE BRETAGNE;;;13118220005959;23118220005956;;
444170;3118224441701;4 COUTEAUX ACIDULE BEE BLEU 286C EN BTE PEGBORDABLE;;;13118224441708;23118224441705;;
428210;3118224282106;CAFE BACCARAT NOIR+GENCOD;;;;;;
437723;3118224377239;M16 SAN REMO/ORELLE BOITE HABITAT;;;;;;
Pres0860021;3118220034129;GRAVURE LASER TYPO SIMPLE PORTE CLEF UNCOVID;;;13118220034126;23118220034123;;
11980024;3118220053366;STEAK LAG HERITAGE MEDIUM MIF BOIS CLAIR VRAC;;;13118220053363;23118220053360;;
302061;3118223020617;COUTEAU TABLE BACCARAT METAL BRILLANT;;;;;;
10020022;3118220003699;POCHE ACIDULE BLANC LAME TITANE AVEC ETUI COFFRET BI MAT;;;13118220003696;23118220003693;;
30050031;3118220026155;FOURCHETTE SENS BOIS D'OLIVIER + GENCOD;;;13118220026152;23118220026159;;
431280;3118224312803;COUTEAU ZEPHIR JAUNE CITRON+GENCOD;;;13118224312800;23118224312807;;
Comp0080003;3118220022300;SANTUKO 19 FURTIF EVERCUT CLASSIC MANCHE NOIR;;;13118220022307;23118220022304;;
444570;3118224445709;COFFRET CERAMIQUE SANTUKO LAME NOIRE;;;13118224445706;23118224445703;;
124289;3118221242899;"VISUEL DU BAC COUTEAU "" LES INDISPENSABLES""";;;13118221242896;23118221242893;;
135820;3118221358200;BOITE VIDE LAGUIOLE HERITAGE M16 3118224399002;;;13118221358207;23118221358204;;
10010106;3118220010666;COFFRET 1 OFFICE CERAMIQUE LAME BLANCHE MANCHE ROUGE 185C;;;13118220010663;23118220010660;;
313072;3118223130729;COUTEAU BOLERO BLEU VRAC;;;;;;
30170002;3118220001657;M24 DUO ROUGE 200C EN PANIER FIL ACIER;;;13118220001654;23118220001651;;
136582;3118221365826;VISUEL 99*20CM CONFORAMA COUT DU CHEF CERAMIC;;;;;;
30170033;3118220013179;COUTEAU LAG DUO MARINE + GENCOD;;;13118220013176;23118220013173;;
446667;3118224466674;M24 MANGO PRUNE 7650C EN PANIER FIL ACIER;;;13118224466671;23118224466678;;
31100039;3222476922045;M16 CALICOT PIXEL FINLANDEK;;;13222476922042;13222476922042;;
10140002;3118220015296;SANTUKO 16 MANGO BLEU FOURREAU T3 COUT DU CHEF;;;13118220015293;23118220015290;;
30656599;3118220016484;FOURCHETTE HECTOR WARM GREY 11C VRAC GENCOD;;;13118220016481;23118220016488;;
445690;3118224456903;6 COUTEAUX STEAK 6 FOURCHETTES BARBECUE VERT;;;13118224456900;23118224456907;;
446424;3118224464243;COUTEAU ESCAPADE TURQUOISE +GENCOD;;;13118224464240;23118224464247;;
Comp0060;3118220009240;ETAGERE A POTS DE 100 A POSER SUR EQUERRE;;;;;;
10270003;3118220001992;COUTEAU BOUCHER BACKELISE FX COUT DU CHEF SUISSE;;;13118220001999;23118220001996;;
447400;3118224474006;CHEF 19 ACIDULE  BEE BRUME 430C LAME TITANE NOIRE SOUS FX;;;13118224474003;23118224474000;;
30170022;3118220004917;CUILLERE LAG DUO ROSE 226C+ GENCOD;;;13118220004914;23118220004911;;
313741;3118223137414;CUILLERE INFINITY LAVANDE;;;13118223137411;23118223137418;;
443272;3118224432723;COFFRET BORDEAU A FENETRE 6 CUILLERES LAG ROUGE ABS MARBRE;;;13118224432720;23118224432727;;
30140026;3118220007017;COUTEAU MANGO TAUPE 7531C VRAC;;;13118220007014;23118220007011;;
302022;3118223020228;COUTEAU TABLE BACCARAT GRIS;;;;;;
30020237;3118220004436;COFFRET BI MAT 8 PCES ESCARGOTS ACIDULE ROUGE 185C;;;13118220004433;23118220004430;;
403691;3118224036914;FETTE MC GREGOR ROSE+GENCOD;;;;;;
436580;3118224365809;FOURCHETTE FORGE+BTE GRISE+STICKER;;;13118224365806;23118224365803;;
Comp1230012;3118220048669;BANDEAU LAGUIOLE EVOLUTION 340*28MM POUR COFFRET COUTEAUX;;;13118220048666;23118220048663;;
31580010;3118220034471;M16 INEDIT CANNAGE BISTROT ROUGE EN BOITE TB COLLECTION;;;13118220034478;23118220034475;;
448061;3118224480618;UNIVERSEL LAME LISSE 13 ACIDULE MANCHE ROUGE 185C FX T2 COUT;;;13118224480615;23118224480612;;
10320005;3118223031897;CT HUITRE POLYPRO SS GARDE BLEU GITANE MM2885 REF303189 VRAC;;;13118223031894;23118223031891;;
Kit0024;3118220002814;KIT PLV LINEAIRE COUTEAU GONDOLE HAUTE CRF BELGIQUE;;;;;;
41000001;3118220021198;EPLUCHEUR FIL Y SILICONE COUL PANACHE +GENCOD;;;13118220021195;23118220021192;;
11980038;3118220056206;JAMBON LAGUIOLE HERITAGE  MIF CARTONNETTE LH;;;13118220056203;23118220056200;;
412820;3118224128206;6 COUTEAUX BANQUISE TUBO PVC;;;13118224128203;23118224128200;;
445620;3118224456200;M16 LAG EVOLUTION MIROIR;;;13118224456207;23118224456204;;
446940;3010005419582;FOURCHETTE TROQUET ANIS VIF 382C GENCOD EURODIF;;;13010005419589;23010005419586;;
436180;3118224361801;SANTUKO BAMBOO STICK FX CDF;;;13118224361808;23118224361805;;
Comp0016;3118220005648;VISUEL 37.5*7.5CM BAC MENAGERE COUVERTS COULEUR;;;;;;
446750;3118224467503;FILET DE SOLE FORGE+BTE GRISE+STICKER;;;13118224467500;23118224467507;;
430930;3118224309308;COF. LUXE 6 CX LAG BOIS ROUGE GS;;;13118224309305;23118224309302;;
000138;3118220001381;PRESTATION D'ENCADREMENT;;;;;;
Comp0053;3118220008908;COFFRET BI MAT 255 VIDE POUR 6 COUTEAUX LAGUIOLE TRADITION;;;13118220008905;23118220008902;;
446454;3118224464540;CAFE ESCAPADE TURQUOISE +GENCOD;;;13118224464547;23118224464544;;
446391;3118224463918;COFFRET CERAMIQUE CX 75MM LAME TITANE MULTICOLOR;;;13118224463915;23118224463912;;
Pres0009;3118220000285;ANALYSE CHIMIQUE ECHAUFFEMENT;;;;;;
424890;3118224248904;M24 CABOCHON VERT BTE LISA;;;13118224248901;23118224248908;;
20200002;3118220011847;COUTEAU KOS (TOSCANE) BRILLANT+GENCOD;;;13118220011844;23118220011841;;
000143;3118220001435;PRESTATION INFORMATIQUE;;;;;;
30020004;3118220001237;M16 ACIDULE BEE ROUGE 185C SPCB3;;;13118220001234;23118220001231;;
446601;3118224466018;CAFE MANGO ANTHRACITE 446C;;;13118224466015;23118224466012;;
Comp0155;3118220021419;ENSEMBLE VISUEL MAGNET ET PASTILLE LINEAIRE GIFI 2XL100;;;13118220021416;23118220021413;;
Comp0050002;3118220033054;DECOUPE LAME COUTEAU TABLE SENS;;;13118220033051;23118220033058;;
442290;3118224422908;BOL TALON 14CM 40CL IVOIRE MAT;;;13118224422905;23118224422902;;
10600002;3118220011151;BLOC PLEXI + 3 PIECES COUTELLERIE LAME TITANIUM;;;13118220011158;23118220011155;;
302052;3118223020525;CUILL CAFE BACCARAT GRIS;;;;;;
311810;3118223118109;FETTE POISSON OSLO VRAC;;;13118223118106;23118223118103;;
448530;3118224485309;FOURCHETTE BASTILLE TOMATE 485C+GENCOD;;;13118224485306;23118224485303;;
440608;3118224406083;COFFRET 6 COUTEAUX LAG TABLE BOIS FDS;;;13118224406080;23118224406087;;
420150;3118224201503;PAIN 20 BOIS ROUGE TRADITION FX COUTEAU DU CHEF;;;13118224201500;23118224201507;;
CoutPrecSteaBerl0001;3118220001510;UTILITY 12CM PRECISION SOUS BERLINGOT;;;;;;
11980036;3118220056183;CHEF 21 LAGUIOLE HERITAGE  MIF CARTONNETTE LH;;;13118220056180;23118220056187;;
10010002;3118220001084;COFFRET 1 OFFICE CERAMIQUE LAME BLANCHE PANACHE 4 COULEURS;;;13118220001081;23118220001088;;
448532;3118224485323;FOURCHETTE BASTILLE BOUTON D'OR 7405C+GENCOD;;;13118224485320;23118224485327;;
Comp1060003;3118220031241;ETUI POUR COUTEAU TIOR;;;13118220031248;23118220031245;;
445300;3605753706550;M16 BOLERO ARDOISE ALINEA;;;13605753706557;23605753706554;;
310060;3118223100609;COUTEAU TABLE AMANDE JAUNE;;;13118223100606;23118223100603;;
431540;3118224315408;CUILLERE TROQUET ROUGE PS+GENCOD;;;13118224315405;23118224315402;;
436273;3118224362730;CUISINE 19CM TRANSITION  FX TB;;;13118224362737;23118224362734;;
427231;3118224272312;DESOSSER FORGE BOIS+BERLINGOT TB CLASSICS;;;13118224272319;23118224272316;;
Kit0740038;3118220052901;CAISSON BOIS VITRINE COUTEAUX TARRERIAS BONJEAN SUR MESURE;;;13118220052908;23118220052905;;
Comp0590005;3118220049956;STRUCTURE ET PLATEAU AVEC UN BRULEUR POUR GRILL DE TABLE;;;13118220049953;23118220049950;;
408971;3118224089712;PLANCHE DEC + 3 PCS ERGO BLEUE;;;13118224089719;23118224089716;;
441310;3118224413104;M24 LAG ABS ROUGE MI;;;13118224413101;23118224413108;;
142891;3118221428910;KIT PLV LINEAIRE COUTEAUX H153 GONDOLE BASSE  CRF;;;13118221428917;23118221428914;;
Acce1060058;3118220051782;ETUI CAC COYOTE MIF AVEC POCHETTE INTERIEUR EN SACHET;;;13118220051789;23118220051786;;
447215;3118224472156;TABLE URBAN BOITE GRISE;;;13118224472153;23118224472150;;
30190008;3061006449375;FOURCHETTE INEDIT USA+GENCOD EURODIF;;;13061006449372;23061006449379;;
315320;3118223153209;COUTEAU ACIDULE BEE NOIR CARBONE VRAC;;;13118223153206;23118223153203;;
423740;3390509945979;PAIN PP BASIC EXP;;;13390509945976;23390509945973;;
Emba0037;3118220003385;VISUEL COUTEAUX CARREFOUR BELGIQUE GONDOLE BASSE OU HAUTE133;;;;;;
431598;3118224315989;CAFE TROQUET IVOIRE PS+GENCOD;;;;;;
603038;3118226030385;ROULETTE DIA 80MM ACIER;;;;;;
10424291;3118220012219;MAESTRO TB N°3 SANTUKO 13CM EVERCUT BERLINGOT;;;13118220012216;23118220012213;;
31020019;3118220020207;M16 NUANCE NUANCE ORANGE PASTEL PANTONE 475U BOITE LISA;;;13118220020204;23118220020201;;
444335;3118224443354;M16 ACIDULE BEE BLANC GLACIER CORA;;;13118224443351;23118224443358;;
11060040;3118220024663;CAC S100 SERRATION MANCHE G10 TOXIFIÉ ROUGE EN BOITE TECHNIQ;;;13118220024660;23118220024667;;
302114;3118223021140;FOURCHETTE TROQUET ROUGE PS;;;13118223021147;23118223021144;;
313290;3118223132907;LOUCHE OSLO VRAC;;;13118223132904;23118223132901;;
430533;3118224305331;FETTE AMANDE PRUNE+GENCOD;;;;;;
137433;3118221374330;KIT PLV LINEAIRE USTENSILES LAG L130;;;13118221374337;23118221374334;;
416220;3390509975372;6 CUIL CAFE CLEO 18%  NUMERO 1;;;13390509975379;23390509975376;;
10320012;3118220019171;SERVICE DECOUPE ERGO 4 PCS ORANGE;;;13118220019178;23118220019175;;
30190009;3061006464538;CUILLERE INEDIT USA+GENCOD EURODIF;;;13061006464535;23061006464532;;
32210033;3617703024256;COUTEAU OPEN UNI COLOR VERT SAUGE CARREFOUR HOME;;;03617704528760;03617701359763;;
000135;3118220001350;PRESTATION DE MECANIQUE MATERIEL;;;;;;
407050;3118224070505;M24 BACCARAT GRIS POT PET;;;13118224070502;23118224070509;;
314195;3118223141954;COUTEAU OPERA;;;;;;
Comp0740078;3118220025912;VISUEL GIFI USTENSILES STA0337;;;13118220025919;23118220025916;;
302041;3118223020419;CUILL TABLE BACCARAT JAUNE TENDR;;;;;;
20110019;3118220028524;CAFE LAGUIOLE HERITAGE FINITION SABLE CARTE PEGB GENCOD;;;13118220028521;23118220028528;;
Div0860020;3118220038141;TAS DE FRAPPE;;;13118220038148;23118220038145;;
433080;3254564698143;JAMBON FORGE AUCHAN/FRX;;;13254564698140;23254564698147;;
30170023;3118220004924;CAFE LAG DUO ROSE 226C+ GENCOD;;;13118220004921;23118220004928;;
417670;3118224176702;M24 CABOCHON VERT POT PET;;;13118224176709;23118224176706;;
30363718;3118220034983;LOT 3 CAFE TROQUET PANACHE ANIS-TURQ-AUBERG-ORANGE;;;13118220034980;23118220034987;;
407390;3118224073902;M24 COQUILLE BTE CADEAU LISA D'A;;;13118224073909;23118224073906;;
445621;3118224456217;M16 LAG EVOLUTION MIROIR  VRAC;;;13118224456214;23118224456211;;
123730;3118221237307;COFFRET CARTON VIDE POUR 6 STEAKS FURTIF;;;;;;
446350;3118224463505;YANAGIBA 21 EQUILIBRE JAPONAIS CDF EN BOITE CADEAU;;;13118224463502;23118224463509;;
Kit0110;3118220014725;DISPLAY 24 COFFRETS CERAMIQUE METALLISE BRONZE LAME BLANCHE;;;13118220014722;23118220014729;;
20300002;3118220011731;CUILLERE TABLE EXPRESSION METAL SATINE BERLINGOT;;;13118220011738;23118220011735;;
10010053;3118220005938;COFFRET 1 RASE LEGUME CERAMIQUE BLANCHE MANCHE BRETAGNE;;;13118220005935;23118220005932;;
448753;3118224487532;CUILLERE EVOLUTION CUIR TAUPE WARM GREY 11C+GENCOD;;;13118224487539;23118224487536;;
Comp0017;3118220005662;DISPLAY 1/4 PALETTE LAGUIOLE;;;13118220005669;23118220005666;;
Div0850011;3118220056572;ECUSSON CARRE PVC 2D + VELCRO  TB OUTDOOR;;;13118220056579;23118220056576;;
Comp0100023;3118220050631;CARTON VIDE DISPLAY PALETTE LAGUIOLE  800*600*400 + COIFFE;;;13118220050638;23118220050635;;
446385;3118224463857;COFFRET CERAMIQUE 3CX EPL-95-155MM LAME TITANE BLEU;;;13118224463854;23118224463851;;
137659;3118221376594;VISUEL+STICKER COUTEAUX FLY SETAM Italie;;;;;;
Emba0033;3118220003279;STICKER VITRINE INT LINEAIRE VERALEC 133 MIXTE COUT COUVERTS;;;;;;
31020022;3118220032781;CUILLERE NUANCE BLANC VRAC GENCOD;;;13118220032788;23118220032785;;
402672;3118224026724;6 CTX LAG ABS IVOIRE BLOC DROIT;;;13118224026721;23118224026728;;
436280;3118224362808;SANTOKU  17 TRANSITION FX COUTEAU DU CHEF;;;13118224362805;23118224362802;;
435361;3118224353615;COUTEAU BOLERO IVOIRE+GENCOD;;;13118224353612;23118224353619;;
421110;3257981027145;STEAK 12CM INOX / FRX CORA;;;13257981027142;23257981027149;;
306650;3118223066509;FOURCHETTE TABLE ZEPHIR BLEU;;;;;;
Kit0072;3118220007642;KIT DISPLAY PALETTE MIXTE 375 LAG CERAMIC NOEL 2015 FLOCON;;;13118220007649;23118220007646;;
10010132;3118220011373;COFFRET 2 CERAMIQUE 2 STEAK DENTE LAME NOIRE;;;13118220011370;23118220011377;;
136161;3118221361613;BOITE VIDE GRISE 1 PCE GM TB 410*76*31MM;;;13118221361610;23118221361617;;
10020066;3118220012493;BARRE AIMANTEE ACIDULE NOIR SOUS BLISTER;;;13118220012490;23118220012497;;
443282;3118224432822;COFFRET BORDEAU A FENETRE 6 CUILLERES LAG NACRE MARRON;;;13118224432829;23118224432826;;
10500006;3118220019508;COUTEAU BAROUDEUR 5 FONCTIONS SOUS COQUE BLISTER;;;13118220019505;23118220019502;;
10960076;3118220019072;TUBO NOIR 6 COUT AUGUSTE NATUREL PALISSANDRE LAME INOX MAT;;;13118220019079;23118220019076;;
436253;3118224362532;STEAK 12 TRANSITION  FX TB;;;13118224362539;23118224362536;;
Comp1760001;3118220040465;ETIQUETTE VRAC 40*14MM COUVERTS SAINT GERMAIN;;;13118220040462;23118220040469;;
448735;3118224487358;COUTEAU EVOLUTION CUIR CAMEL 7407C+GENCOD;;;13118224487355;23118224487352;;
440460;3118224404607;SUPPORT 10 USTENSILES CUISINE METAL;;;13118224404604;23118224404601;;
427200;3118224272008;CHEF 19CM FORGE BOIS+BTE DETAILLANT TB CLASSIC;;;13118224272005;23118224272002;;
306070;3118223060705;CUILLERE CAFE MOKA OSAKA BRILLANT;;;13118223060702;23118223060709;;
10020053;3118220010055;FRUIT LEG 14 ACIDULE LAME INOX MANCHE ROUGE 185C BOITE CADEA;;;13118220010052;23118220010059;;
Comp0140008;3118220033252;MANCHE GM MANGO TAUPE 7531C POUR CERAMIQUE;;;13118220033259;23118220033256;;
Kit0750028;3118220036321;DISPLAY 30 PCES COUTEAUX ET CUISSONS 1/8PAL TOP CHEF;;;13118220036328;23118220036325;;
314890;3118223148908;CUISINE 18CM METAL 20/10 URBAN;;;;;;
445330;3609231250009;M16 ACIDULE ROUGE 185C CRF SS ABEILLE;;;13609231250006;23609231250003;;
Kit0117;3118220015081;ROULETTES PIZZA CERA BLANCHE ITALIE SOUS BLISTER SUR CRAVATE;;;13118220015088;23118220015085;;
10300015;3118220013940;SANTOKU  EXPRESSION METAL SATINE SOUS BERLINGOT;;;13118220013947;23118220013944;;
400560;3118224005606;COUT DESSERT VIEUX PARIS+GENCOD;;;;;;
406470;3118224064702;6 FTTES LAG BOIS BAKELISE DS BTE;;;13118224064709;23118224064706;;
Div0860036;3118220041462;OPERATION FIDELITE TOP CHEF -40%;;;;;;
Comp0181;3118220033313;MANCHE TABLE SILICONE GALET 429C POUR FOURCHETTE OU CUILLERE;;;13118220033310;23118220033317;;
Comp0140011;3118220033283;MANCHE GM MANGO FRAMBOISE 220C POUR CERAMIQUE;;;13118220033280;23118220033287;;
446421;3118224464212;COUTEAU ESCAPADE FRAMBOISE +GENCOD;;;13118224464219;23118224464216;;
20020001;3118220020849;M16 LAGUIOLE INTUITION METAL COFFRET BI MAT ROUGE;;;13118220020846;23118220020843;;
Acce1060022;3118220022232;KIT PLAQUETTES CUSTOM MICARTA TOXIFIEE NOIR MARAUDEUR;;;13118220022239;23118220022236;;
11700007;3118220037168;OFFICE 9CM BRIGADE TB COLLECTION;;;13118220037165;23118220037162;;
442283;3118224422830;LOT DE 3 MUG TERRACOTA MAT;;;13118224422837;23118224422834;;
30101094;3118223003085;FTTE LAG TBLE NACRE CHAMP15/10MM 300308;;;13118223003082;23118223003089;;
Comp0740053;3118220022478;ENSEMBLE VISUEL COUTEAUX 100 TATI STA0310;;;13118220022475;23118220022472;;
Comp0167;3118221428309;GARANTIE EVERCUT FRANCAIS/ANGLAIS;;;13118221428306;23118221428303;;
Div0850001;3118220033986;AMPOULE A VIS 0.5WATTS 23*54MM;;;13118220033983;23118220033980;;
Comp0740056;3118220023154;ENSEMBLE DE 16 COUTEAUX VRAC POUR LE COMP0740055;;;13118220023151;23118220023158;;
10300035;3118220035966;TRANCHER 22CM LAG EXPRESSION POM TB PROFESSIONNEL PACK ECOLO;;;13118220035963;23118220035960;;
439210;3118224392102;STEAK BOIS ELAN FX COUTEAU DU CHEF;;;13118224392109;23118224392106;;
142899;3118221428996;KIT PLV LINEAIRE COUTEAUX H140 L100 CONFORAMA;;;13118221428993;23118221428990;;
444130;3118224441305;4 COUTEAUX ACIDULE BEE VIOLET 2597C EN BTE PEGBORDABLE;;;13118224441302;23118224441309;;
306160;3118223061603;CUILLERE CAFE CURVING SATINE;;;13118223061600;23118223061607;;
10140005;3118220015326;STEAK MANGO COULEUR PANACHE FOURREAU T1 COUT DU CHEF;;;13118220015323;23118220015320;;
420140;3118224201404;BOUCHER BOIS ROUGE TRADITION FX COUTEAU DU CHEF;;;13118224201401;23118224201408;;
446365;3118224463659;COFFRET CERAMIQUE 3CX EPL-95-155MM LAME TITANE OR;;;13118224463656;23118224463653;;
Kit0086;3118220009455;DISPLAY 24 ROULETTES A PIZZA CERAMIQUE USA+UNION JACK;;;13118220009452;23118220009459;;
446531;3118224465318;COUTEAU POIS INEDIT BLEU 5415C;;;13118224465315;23118224465312;;
10010120;3118220010802;COFFRET 3 STEAK CERAMIQUE LAME BLANCHE MANCHE BLEU 072C;;;13118220010809;23118220010806;;
441110;3257983102543;STEAK 12CM BI MAT SOFT FX CORA;;;13257983102540;23257983102547;;
31090014;3118220020153;COUTEAU STEAK POINTU INEDIT SCANDINAVE ROUGE + GENCOD;;;13118220020150;23118220020157;;
10100010;3118220022676;PELLE A TARTE LAG NOIR ML;;;13118220022673;23118220022670;;
444040;3118224440407;M24 STOCKHOLM STYLE BOX;;;13118224440404;23118224440401;;
430170;3118224301708;COUTEAU BAGUETTE M;;;;;;
30020226;3118220003835;M16 ACIDULE BEE MULTICOLOR COFFRET BI MAT;;;13118220003832;23118220003839;;
Kit0066;3118220006010;DISPLAY 166 CERAMIQUE BRETAGNE 1/4 PALETTE 60*40 LC;;;13118220006017;23118220006014;;
449201;3118224492017;FOURCHETTE SENS ANIS 583C+GENCOD;;;13118224492014;23118224492011;;
Comp0290002;3118220022379;THERMO GM GAMME JAPONAIS;;;13118220022376;23118220022373;;
Comp0025;3118221121408;CAISSETTE HUITRE 15  KGS 44*32CM+ COUVERCLE 112140;;;13118221121405;23118221121402;;
422910;3390509945771;OFFICE POLYPRO VRAC;;;13390509945778;23390509945775;;
448611;3118224486115;COUTEAU INEDIT ECOSSAIS BLEU +GENCOD;;;13118224486112;23118224486119;;
Comp0870001;3118221241830;COFFRET CARTON VIDE 6 STEAKS LAG EVOLUTION MIROIR 124183;;;13118221241837;23118221241834;;
71590046;3118220044869;LOT FAITOUT 24-SAUTOIR 28CM AVEC COUVERCL TOP CHEF ALU FORGE;;;13118220044866;23118220044863;;
30910001;3118220006720;COUTEAU INEDIT FRANCE+GENCOD;;;13118220006727;23118220006724;;
433910;3118224339107;M24 BOLERO BRIQUE BTE LISA(F);;;13118224339104;23118224339101;;
444930;3118224449301;OFFICE GAMME JAPONAISE FX  COUTEAU DU CHEF T1;;;13118224449308;23118224449305;;
446930;3010005419537;COUTEAU TROQUET ANIS VIF 382C GENCOD EURODIF;;;13010005419534;23010005419531;;
20870001;3118220005709;COUTEAU LAG EVOLUTION MIROIR SATINE GENCOD;;;13118220005706;23118220005703;;
10020019;3118220003668;POCHE ACIDULE BLANC LAME INOX BOITE NEUTRE;;;13118220003665;23118220003662;;
10020026;3118220003736;POCHE ACIDULE NOIR CARBONE LAME TITANE BOITE NEUTRE;;;13118220003733;23118220003730;;
10650012;3118220008779;DECOUPER 21 HECTOR GRIS CLAIR M217431 FOURREAU COUT DU CHEF;;;13118220008776;23118220008773;;
444785;3118224447857;COFFRET 1 COUTEAU CERAMIQUE 155MM PANACHE LAME BLANCHE;;;13118224447854;23118224447851;;
445792;3118224457924;COFFRET CERAMIQUE 1 COUT LAG TABLE LAME NOIRE MANCHE ROUGE;;;13118224457921;23118224457928;;
11690001;3118220036970;OFFICE 9CM FUSION POLYPRO TB COLLECTION EN PACK ECOLOGIQUE;;;13118220036977;23118220036974;;
439570;3118224395707;M24 CLASSICO BORDEAUX;;;13118224395704;23118224395701;;
315300;3118223153001;CAFE VICHY ROSE 214C VRAC;;;;;;
Comp0206;3118221372671;SLEEVE 60*80 DOUBLE PERFORATION VERTICALE PET 50µ 137267;;;13118221372678;23118221372675;;
123741;3118221237413;COFFRET CARTON VIDE POUR 6 STEAKS SENS ENCOCHES DIF;;;13118221237410;23118221237417;;
10300019;3118220017788;BLOC MAGNETIQUE 5 COUTEAUX EXPRESSION METAL SATINE VPC;;;13118220017785;23118220017782;;
431380;3118224313800;CUILLERE ZEPHIR BLEU+GENCOD;;;13118224313807;23118224313804;;
600070;3118226000708;SEPARATEUR VERRES MEUBLE ETABOIS 27.7*11*0.4 BORDS RODES;;;13118226000705;23118226000702;;
30650029;3118220006904;CUILLERE HECTOR MASTIC 7536C VRAC GENCOD;;;13118220006901;23118220006908;;
440930;3605752059763;M16 WHITE DOTS/ PITS BTE ALINEA;;;13605752059760;23605752059767;;
6009;3118220060098;CX CUISINE MASTER 21 CM;;;13118220060095;23118220060092;;
445233;3118224452332;COFFRET CERAMIQUE 2CX LAG TABLE LAME BLANCHE MANCHE PRUNE;;;13118224452339;23118224452336;;
312090;3118223120904;CUILLERE OSLO;;;13118223120901;23118223120908;;
10010010;3118220001169;COFFRET 3 CERAMIQUE STEAK+CHEF155+EPL LAME BLANCHE PANACHE 4;;;13118220001166;23118220001163;;
Kit0750016;3118220029262;DISPLAY 189 COUTEAUX PROFESSIONNELS TOP CHEF 1/4 PAL SYST U;;;13118220029269;23118220029266;;
Comp0109;3118220012349;COFFRET BI MAT 255 VIDE POUR 6 STEAKS ACIDULE OU SENS;;;13118220012346;23118220012343;;
448211;3118224482117;CUISINE 19 LAG LASURE MANCHE BOIS BLANCHI SOUS FX TB T3;;;13118224482114;23118224482111;;
447361;3118224473610;STEAK 11 ACIDULE  BEE ROUGE LAME TITANE NOIRE SOUS BERLINGOT;;;13118224473617;23118224473614;;
437490;3118224374900;COUTEAU POISSON OSLO +GENCOD;;;13118224374907;23118224374904;;
435362;3118224353622;COUTEAU BOLERO BLEU+GENCOD;;;13118224353629;23118224353626;;
11980025;3118220053373;STEAK LAG HERITAGE MEDIUM MIF BOIS FONCE VRAC;;;13118220053370;23118220053377;;
304970;3118223049700;FOURCHT GATEAU VIEUX PARIS SAT.;;;;;;
Cons0030;3118221140522;ADHESIF AVEC FILS POUR DEROULEUR 50M*19MM ref 114052;;;13118221140529;23118221140526;;
448522;3118224485224;COUTEAU BASTILLE BOUTON D'OR 7405C+GENCOD;;;13118224485221;23118224485228;;
Cons0046;3118220008595;CHAUSSURE ARON CUIR REF FAB ARONS30NR;;;13118220008592;23118220008599;;
Cons0079;3118220033733;REF FJS900691 LOT 6PH ROULEAUX PAPIER WCSMARTONE 2PLIS 1150F;;;13118220033730;23118220033737;;
603039;3118226030392;ROULETTE FREIN DIA 80MM ACIER;;;13118226030399;23118226030396;;
108780;3118221087803;POT PET VIDE POUR M24 BISTROT;;;13118221087800;23118221087807;;
10020018;3118220003651;POCHE ACIDULE ROUGE 185C LAME INOX BOITE NEUTRE;;;13118220003658;23118220003655;;
10010149;3118220013384;COFFRET 3 STEAK CERAMIQUE ASSORTI METALLISE TIE AND DYE;;;13118220013381;23118220013388;;
30970005;3118220013476;M24 ECUME CHAMPAGNE 2005C POT PET;;;13118220013473;23118220013470;;
447225;3118224472255;CUISINE 18CM URBAN BOITE GRISE;;;13118224472252;23118224472259;;
Comp0140003;3118220033207;MANCHE PM MANGO ANTHRACITE 446C POUR CERAMIQUE;;;13118220033204;23118220033201;;
436241;3118224362419;Z OFFICE 9 TRANSITION FX CDF UNITAIRE REDOUTE;;;13118224362416;23118224362413;;
446997;3118224469972;M24 MANGO PRUNE 7650C BOITE COULEUR;;;13118224469979;23118224469976;;
10010137;3118220012721;COFFRET CERAMIQUE  6 STEAK LAME BLANCHE;;;13118220012728;23118220012725;;
439823;3118224398234;OFFICE 9CM LAG EXPRESSION POM FX TB T1;;;13118224398231;23118224398238;;
314713;3118223147130;CAFE ACIDULE BEE TURQUOISE 3135C  VRAC;;;;;;
446870;3118224468708;CUISINE 25CM FORGE BOIS BACKELISE NOIR FX TB;;;13118224468705;23118224468702;;
Emba0025;3118220003194;ETAGERE A POTS COUVERTS ALINEA 120;;;13118220003191;23118220003198;;
10960060;3118220018914;TUBO NOIR 6 COUTEAUX AUGUSTE ABS VERT PISTACHE;;;13118220018911;23118220018918;;
446435;3118224464359;FOURCHETTE ESCAPADE MANDARINE +GENCOD;;;13118224464356;23118224464353;;
442902;3118224429020;COFFRET 1 COUTEAU CERAMIQUE 75MM LAME NOIRE SUISSE;;;13118224429027;23118224429024;;
446512;3118224465127;COFFRET 6 STEAKS LAG EVOLUTION LASURE NATUREL;;;13118224465124;23118224465121;;
21170002;3222476922069;M16 BRUME NOIR FINLANDEK;;;13222476922066;13222476922066;;
Kit0500002;3118220057272;DISPLAY 24 SURICATES SS BLISTER BLEU-VERT-OCRE-TERRACOTTA;;;13118220057279;23118220057276;;
448513;3118224485132;LOT 1BEURRE+1FROMAGE LAG ACIDULE TURQUOISE 3135C SOUS SACHET;;;13118224485139;23118224485136;;
445631;3118224456316;BLOC BLANC 6CX ACIDULE BEE MULTICOLORS UNIT REDOUTE;;;13118224456313;23118224456310;;
10340022;3118220034525;CTX A HUITRE BOIS A GARDE MIF + GENCOD;;;13118220034522;23118220034529;;
20110016;3118220028494;COUTEAU LAGUIOLE HERITAGE FINITION SABLE CARTE PEGB GENCOD;;;13118220028491;23118220028498;;
Cons0021;3118220008267;COFFRET BI MAT NOIR VIDE 12 PCES COKTAIL TAPAS ACIDULE;;;;;;
10120100;3118220028791;CUISINE 17 CM FORGE EN BERLINGOT TOP CHEF AMAZON;;;13118220028798;23118220028795;;
441570;3118224415702;CUILLERE A SERVIR TETE INOX EXPRESSION /CARTE;;;13118224415709;23118224415706;;
315231;3118223152318;EPLUCHEUR BOIS FOUGERE 7746C;;;;;;
Comp0110004;3118220038486;BOITE PM LAGUIOLE HERITAGE OFFICE 9CM;;;13118220038483;23118220038480;;
10500033;3118220057319;COUTEAU DE POCHE SURICATE BOIS BLEU GRIS  MIF EN BTE TB;;;13118220057316;23118220057313;;
EmbaNoirCof10002;3118220008496;COFFRET VIDE MEMBRANE TB NOIR FORMAT 400*90*25;;;;;;
11700004;3118220037052;CUISINE 15CM BRIGADE TB COLLECTION PACK ECOLOGIQUE;;;13118220037059;23118220037056;;
449250;3118224492505;COFFRET 6 CAFES SENS MULTICOLOR;;;13118224492502;23118224492509;;
Comp0191;3118220021518;ENSEMBLE VISUEL MAGNET LINEAIRE POTS 133 VERALEC 2017STA0290;;;13118220021515;23118220021512;;
31260027;3118220042988;FOURCHETTE COTTAGE IVOIRE + GENCOD;;;13118220042985;23118220042982;;
Kit0740037;3118220052895;MEUBLE BOIS COUVERTS TARRERIAS BONJEAN  SUR MESURE;;;13118220052892;23118220052899;;
444361;3118224443613;CUILL VICHY BLEU TURQUOISE 321C;;;13118224443610;23118224443617;;
11400003;3118220026513;PAIN 20CM TRADITION BOIS D'OLIVIER EN FX TB;;;13118220026510;23118220026517;;
20160026;3118220023376;Z CAFE OSLO DECOR KIMONO BLEU VRAC + GENCOD;;;13118220023373;23118220023370;;
143367;3118221433679;VISUEL ROUGE LINEAIRE COUVERT CORA L133;;;;;;
403700;3118224037003;CUILL  MC GREGOR VERT+GENCOD;;;;;;
Kit0133;3118220017085;KIT PLV LINEAIRE 279 EXPRESSION LAG EVOLUTION HYPER BELGIQU;;;13118220017082;23118220017089;;
Kit0017;3118220002708;KIT PLV LINEAIRE 1M COUVERT CONFORAMA DECO SUISSE;;;;;;
11010001;3118220014961;BLOC ARGENT 6 COUTEAUX REFLET METALLISE PLOMB;;;13118220014968;23118220014965;;
446436;3118224464366;FOURCHETTE ESCAPADE FICELLE +GENCOD;;;13118224464363;23118224464360;;
431588;3118224315880;CUILLERE TROQUET IVOIRE PS+GENCOD;;;;;;
306030;3118223060309;CUILLERE CAFE SOHO;;;13118223060306;23118223060303;;
425170;3118224251706;CAFE BAROQUE+GENCOD DESH;;;13118224251703;23118224251700;;
Kit0590002;3118220055001;KIT MON 1ER APPART XXL BY TB;;;13118220055008;23118220055005;;
304171;3118223041728;CT LAG FROMAGE PALISS 12/10 MI;;;13118223041725;23118223041722;;
427583;3118224275832;CUILL LAG NACRE BLEU MI+GENCOD;;;13118224275839;23118224275836;;
403042;3118224030424;OFFICE 9CM FORGE POM FX TB;;;13118224030421;23118224030428;;
123739;3118221237390;COFFRET CARTON VIDE POUR 6 COUT LAG TRADITION MANCHE CLAIR;;;13118221237397;23118221237394;;
426490;3118224264904;M24 ROUGE HOKKAIDO CHARME;;;13118224264901;23118224264908;;
10010166;3118220014282;Z COFFRET 4CERAMIQ OF+ST+C13+EP METALLISE ARGEN LAME BL VP;;;13118220014289;23118220014283;;
30140015;3010006033886;FOURCHETTE MANGO TURQUOISE 7467C EURODIF;;;13010006033883;23010006033880;;
10500030;3118220057258;COUTEAU SURICATE EN HETRE MIF SS BLISTER TB EN DISPLAY  24P;;;13118220057255;23118220057252;;
447350;3118224473504;OFFICE 9 ACIDULE  BEE BRUME 430C LAME TITANE NOIRE SOUS BERL;;;13118224473501;23118224473508;;
444380;3118224443804;OFFICE INOX FX CDF;;;13118224443801;23118224443808;;
403680;3118224036808;COUT MC GREGOR VERT+GENCOD;;;;;;
10000001;3118220001299;Z BLOC NOIR 5 COUTEAUX MANCHE NOIR LAME NOIRE EN TUBE PVC;;;13118220001296;23118220001293;;
10020122;3118220029798;Z BLOC MAGNETIQUE 3 CUISINE ACIDULES BRUME 430C;;;13118220029795;23118220029792;;
Comp0750099;3118220046238;HABILLAGE GAUCHE FOREX 1000*1800MM DISPLAY LAG HERITAGE 2023;;;13118220046235;23118220046232;;
442625;3118224426258;SANTUKO 19CM FURTIF BASIC MANCHE NOIR LAME INOX EN BOITE CAD;;;13118224426255;23118224426252;;
448882;3118224488829;CUISINE 15 FORGE POM FX TB;;;13118224488826;23118224488823;;
448140;3257984139876;CHEF 21 FORGE POM FX CORA;;;13257984139873;23257984139870;;
316025;3118223160252;EMINCEUR 13 ACIDULE BEE MANCHE ROUGE LAME INOX;;;13118223160259;23118223160256;;
143613;3118221436137;ETAGERE A POTS DE 100;;;13118221436134;23118221436131;;
10430022;3118220023635;COFFRET 6 STEAK RECORD CAMAIEU ROSE;;;13118220023632;23118220023639;;
446082;3118224460825;EPLUCHEUR LAG EVOLUTION LASURE BLANCHI+GENCOD;;;13118224460822;23118224460829;;
307270;3118223072708;FOURCHETTE TABLE DIANE NOIRE;;;13118223072705;23118223072702;;
446594;3118224465943;CUILLERE MANGO ROUGE 185C;;;13118224465940;23118224465947;;
Acce0590008;3118220024779;PLANCHE BOIS HETRE AVEC RIGOLE ET RECUPERE JUS 38X24X1.5 CM;;;13118220024776;23118220024773;;
40020032;3118220025806;OUVRE BOUTEILLE ACIDULE COLLECTION COULEUR 2.9 + GENCOD;;;13118220025803;23118220025800;;
30650018;3118220006799;CAFE HECTOR BLEU 534C VRAC GENCOD;;;13118220006796;23118220006793;;
30840001;3118220036598;TOUT VENANT COULEUR;;;13118220036595;23118220036592;;
Comp0001;3118220006041;COFFRET BI MAT M16 VIDE POUR MIROIR ROUGE 185C THERMO NOIR;;;13118220006048;23118220006045;;
40610002;3118220013445;FUSIL A AIGUISER ACIDULE ROUGE SUR CARTE PEGB;;;13118220013442;23118220013449;;
442920;3118224429204;COFFRET 1 MANDOLINE LAME BLANCHE CERAMIQUE+ACCESSOIRE DE PRO;;;13118224429201;23118224429208;;
41000008;3118220021266;FOUET SILICONE COUL PANACHE +GENCOD;;;13118220021263;23118220021260;;
Kit0740015;3118220035065;KIT CORA 2020 2 ELEMENTS;;;13118220035062;23118220035069;;
10340017;3367305242182;EPLUCHEUR LUXE M.OLIVIER + SLEEVE 524218;;;13367305242189;23367305242186;;
Kit0750070;3118220053748;KIT PLV HYPERMARCHE 1200*800  OP FIDELITE TOP CHEF 2026;;;13118220053745;23118220053742;;
416250;3523670153700;COUTEAU OFFICE POLYPRO GRANDJURY;;;13523670153707;23523670153704;;
440660;3118224406601;CUILLERE TABLE ALLIANCE SACHET+GENCOD;;;13118224406608;23118224406605;;
Comp0740076;3118220025851;EQUERRE 30 GIFI CTX 25/10;;;13118220025858;23118220025855;;
448872;3118224488720;CUISINE 22 FORGE POM FX TB;;;13118224488727;23118224488724;;
440609;3118224406090;COFFRET 6 COUTEAUX LAG TABLE PLEXI  ROSE;;;13118224406097;23118224406094;;
Comp0740093;3118220030084;ENSEMBLE VISUEL MAGNET TOP CHEF CRF MARKET BEL STA0392 GSS;;;13118220030081;23118220030088;;
315982;3118223159829;FRUIT/LEG 14 ACIDULE BEE MANCHE NOIR CARBONE LAME INOX;;;13118223159826;23118223159823;;
448922;3118224489222;LOT 3 CUILLERES MANGO FRAMBOISE 220C;;;13118224489229;23118224489226;;
10080011;3118220036352;SET FURTIF EVERCUT 4 PCES OFFICE POLYVALENT CHEF CUISINE;;;13118220036359;23118220036356;;
10010060;3118220006034;COFFRET 4 CERAMIQUE BLANCHE OF+STEAK+C13+EPL UNION JACK;;;13118220006031;23118220006038;;
10020007;3118220001855;COFFRET BI MAT 3 EPLUCHEURS ACIDULE NOIR CARBONE;;;13118220001852;23118220001859;;
446668;3118224466681;M24 MANGO NOIR OPAQUE EN PANIER FIL ACIER;;;13118224466688;23118224466685;;
Div0860011;3118220038059;OUTIL CONTROLE;;;13118220038056;23118220038053;;
400011;3118224000113;M24 LAG GRIS NACRE COF CADEAU;;;13118224000110;23118224000117;;
444980;3118224449806;OFFICE MEMORY FX COUTEAU DU CHEF T1;;;13118224449803;23118224449800;;
Comp0140004;3118220033214;MANCHE PM MANGO ANIS 382C POUR CERAMIQUE;;;13118220033211;23118220033218;;
136560;3118221365604;POT PRESENTATION COUVERTS POUR LINEAIRE H14.6*D8.8CM;;;13118221365601;23118221365608;;
443210;3245672220845;LOT 6 FETTES CLEO AUCHAN CODE OIA383731;;;13245672220842;23245672220849;;
306570;3118223065700;FOURCHETTE TABLE ZEPHIR PARME;;;;;;
10140006;3118220015333;A UTILISER POUR MANGO;;;13118220015330;23118220015337;;
11500009;3118220029903;OFFICE POLYMERE LAME LISSE TOP CHEF FRANCAIS FLAMAND;;;13118220029900;23118220029907;;
Outi1940001;3118220043664;Moule brigade plastique PM;;;;;;
30190006;3118220005433;M16 INEDIT USA BOITE DECO;;;13118220005430;23118220005437;;
Kit0740004;3118220022454;PLV LINEAIRE VIDE 3 ELEMENTS TATI;;;13118220022451;23118220022458;;
Comp0044;3118220007529;PANIERE VIDE + TUBE PVC POUR M24 LAGUIOLE EVOL;;;13118220007526;23118220007523;;
443831;3118224438312;PAQUET DE 20 SERVIETTES RSOFT BETON 40*40 LAG;;;13118224438319;23118224438316;;
418790;3118224187906;SET CAVISTE 4 PIECES COFT BOIS;;;13118224187903;23118224187900;;
19522;3118220008649;SET DE 3 COUTEAUX LAME TITANE 445940+445950+445960 VPC;;;13118220008649;23118220008643;;
21190003;3118220022812;FOURCHETTE PAIMPOL 18/10 + GENCOD;;;13118220022819;23118220022816;;
308910;3118223089102;FETTE LAG  ABS ORANGE ML;;;13118223089109;23118223089106;;
314216;3118223142166;CAFE OPERA;;;;;;
428850;3118224288504;CUILLERE TABLE SOHO +GENCOD;;;13118224288501;23118224288508;;
404561;3118224045619;OFFICE 8CM RECORD +GENCOD;;;13118224045616;23118224045613;;
136586;3118221365864;VISUEL+KAKEMONO DISPLAY PALETTE EXPRESSION SYST U;;;;;;
31040012;3118220023512;CUILLERE DROP VERT 5487C VRAC + GENCOD;;;13118220023519;23118220023516;;
415390;3118224153901;CUIL ZEPHIR ANIS+GENCOD;;;13118224153908;23118224153905;;
436390;3118224363904;BLOC BOIS INCLINE 6 CX LAG +RHODO;;;13118224363901;23118224363908;;
440630;3118224406304;BLOC BAMBOU/METAL 5 CX MANCHE BAMBOU;;;13118224406301;23118224406308;;
435730;3118224357309;CUISINE 17 SENSIO+BTE DETAILLANT TB CLASSIC;;;13118224357306;23118224357303;;
60020004;3118220009844;SOMMELIER ACIDULE COUL ASSORTI EN COFFRET BI MAT PEGBORDABLE;;;13118220009841;23118220009848;;
440640;3118224406403;COUTEAU TABLE ALLIANCE SACHET+GENCOD;;;13118224406400;23118224406407;;
41400003;3118220027664;ECUMOIRE PENDERIE LAGUIOLE HERITAGE SENS OLIVIER SUR CARTE;;;13118220027661;23118220027668;;
431920;3118224319208;COFFRET 6 CX LAGUIOLE BOIS BOITE BLEU;;;13118224319205;23118224319202;;
21380001;3118220026025;M16 NOIRMOUTIER  FINITION MIROIR 18/10 BOITE PREMIUM;;;13118220026022;23118220026029;;
Div0860008;3118220038028;MORD RESSORT;;;13118220038025;23118220038022;;
448071;3118224480717;FRUIT LEG 14 ACIDULE MANCHE ROUGE 185C SOUS FX T2 COUT DU CH;;;13118224480714;23118224480711;;
Comp0175;3118220016910;ETUI NOIR POUR COFFRET BI MAT PM FURTIF-MAESTRO EVERCUT;;;13118220016917;23118220016914;;
304670;3118223046709;CUILLERE TABLE AMANDE BLEU CIEL;;;;;;
403291;3118224032916;STEAK 12CM CHALET FX CDF;;;13118224032913;23118224032910;;
311852;3118223118529;CUIL A SERVIR OSLO VRAC;;;13118223118526;23118223118523;;
439350;3118224393505;M24 PYRAMIDE TRANSPARENT;;;13118224393502;23118224393509;;
Outi1940006;3118220048690;MOULE ETUI COUTEAU MONOBLOC IMPACT 127;;;;;;
30140010;3010006033848;COUTEAU MANGO FRAMBOISE 220C EURODIF;;;13010006033845;23010006033842;;
40020030;3118220025783;ROULETTE A PATE ACIDULE COLLECTION COULEUR 2.9 + GENCOD;;;13118220025780;23118220025787;;
436252;3257984128184;STEAK 12 TRANSITION FX CORA;;;13257984128181;23257984128188;;
11400005;3118220026537;VIANDE 21CM TRADITION BOIS D'OLIVIER EN FX TB;;;13118220026534;23118220026531;;
448620;3118224486207;FOURCHETTE INEDIT ECOSSAIS JAUNE +GENCOD;;;13118224486204;23118224486201;;
238936;3222472389361;CT CHEF 21 CM BI MATIERE;;;13222472389368;23222472389365;;
10110028;3661075341015;LAG HERIT CTX 11 FONCTIONS BOIS DE ROSE ÉTUI CUIR POLYFLAME;;;;3661075341022;;
10020091;3118220017641;CISEAUX 22.5CM ACIDULE CARTE COUL ASSORTIE SUR CRAVATE;;;13118220017648;23118220017645;;
404671;3118224046715;TARTINEUR 6CM RECORD + GENCOD;;;13118224046712;23118224046719;;
30656600;3118220016491;CUILLERE HECTOR WARM GREY 11C VRAC GENCOD;;;13118220016498;23118220016495;;
434515;3118224345153;COF 6 CX  LAG ABS MI MULTICOLOR FONCE AVEC RHODO;;;13118224345150;23118224345157;;
Comp0020008;3118220020177;BLOC BLANC SERIGRAPHIE VIDE POUR 6 STEAK RECORD;;;13118220020174;23118220020171;;
430400;3118224304006;SUPPORT 12 USTENSILES METAL;;;13118224304003;23118224304000;;
30170032;3118220009219;M24 DUO ROUGE OU NOIR EN PANIER FIL ACIER GENCOD UNIQUE;;;13118220009216;23118220009213;;
443795;3118224437957;COFFRET BI MAT DE 6 STEAKS FORGE BOIS BACKELISE TB;;;13118224437954;23118224437951;;
31260021;3118220028401;COUTEAU COTTAGE CUIR VRAC;;;13118220028408;23118220028405;;
431290;3118224312902;FETTE ZEPHIR JAUNE CITRON+GENCOD;;;13118224312909;23118224312906;;
443870;3118224438701;COFFRET BI MAT DE 6 STEAKS LAG SENS BRUME (VIOLET);;;13118224438708;23118224438705;;
10020056;3118220010086;CUISINE 17 ACIDULE LAME INOX MANCHE NOIR BOITE CADEAU;;;13118220010083;23118220010080;;
000243;3118220002432;INTERIM INFORMATIQUE;;;;;;
430272;3118224302729;6 STEAKS SOLEIL  BLOC INCLINE;;;13118224302726;23118224302723;;
435352;3118224353523;2 PIECES SERVIR OSLO CHARME;;;13118224353520;23118224353527;;
41400005;3118220027688;SPATULE PENDERIE LAGUIOLE HERITAGE SENS OLIVIER SUR CARTE;;;13118220027685;23118220027682;;
314860;3118223148601;OFFICE 9CM METAL 15/10 URBAN;;;;;;
Kit0061;3118220005549;KIT PLV LINEAIRE MIXTE COUTEAUX COUVERTS CRF MARKET BELGIQUE;;;13118220005546;23118220005543;;
416270;3523670153717;COUTEAU TABLE POLYPRO GRANDJURY;;;13523670153714;23523670153711;;
123854;3118221238540;PLEXI DU LINEAIRE CTX 266  COMPOSE DE 3 VITRINES 76*114,2 RE;;;13118221238547;23118221238544;;
448400;3118224484005;M48 MANGO TAUPE 7531C EN BOITE;;;13118224484002;23118224484009;;
446640;3118224466407;CAFE LAG EVOLUTION MIROIR;;;13118224466404;23118224466401;;
Kit0027;3118220001053;KIT PLV LINEAIRE MIXTE COUTEAU-COUVERT SYSTEME U L133;;;;;;
10020072;3118220013292;SECATEUR A VOLAILLE ACIDULE BLANC CARTE PEGB;;;13118220013299;23118220013296;;
Emba0001;3118220008359;COFFRET CARTON VIDE 6 FOURCHETTES ACIDULE;;;;;;
447450;3118224474501;COFFRET 3 PCES EMINCEUR-SANTUK-UTILITY M NOIR DECOR DAMAS;;;13118224474508;23118224474505;;
260444;3222472604440;EPLUCHEUR BOIS RIVETS;;;13222472604447;23222472604444;;
32070013;3616957761856;COUTEAU OPEN DECOR NATURE CARREFOUR HOME;;;03616955895492;03616954320568;;
433100;3254564698150;FETTE FORGE AUCHAN/CARTE;;;13254564698157;23254564698154;;
30050037;3118220050181;CUILLERE SENS  MULTICOLOR +GENCOD;;;13118220050188;23118220050185;;
30790006;3118220011991;M16 BOLERO TAUPE VRAC;;;13118220011998;23118220011995;;
11060067;3118220029385;PLV COMPTOIR 9 COUTEAUX FERMANT UNBOXER VERT FONCE;;;13118220029382;23118220029389;;
Kit0090;3118220010635;KIT PLV LINEAIRE 690 LAGUIOLE VAISSELLE+VERRE+COUVERTS;;;13118220010632;23118220010639;;
10960062;3118220018938;COFFRET BI MAT 6 COUT AUGUSTE PREMIUM POM GRIS PAVOT L MAT;;;13118220018935;23118220018932;;
20820002;3118220043923;FOURCHETTE SAN REMO EN BOITE KRAFT PEGBOARDABLE;;;13118220043920;23118220043927;;
Comp0078;3118220000261;BOITE FOND AUTO 45 X 45 X 235 CBFA01;;;13118220000268;23118220000265;;
445430;3118224454305;STEAK MEMORY FX COUTEAU DU CHEF EXPORT T1;;;13118224454302;23118224454309;;
111540;3118221115407;EQUERRE MM 739MM  155 EXTER DD11 10/10 VERSION BASSE;;;13118221115404;23118221115401;;
Cons0014;3118220003989;PORTE BROCHURE DISPLAY VITRINE REF VPB0357;;;13118220003986;23118220003983;;
30880007;3118220011939;M16 CANDY JAUNE 7758C BOITE TB COLLECTION;;;13118220011936;23118220011933;;
10010150;3118220013391;COFFRET STEAK+C15+EP CERAMIQUE ASSORTI METALLISE TIE AND DYE;;;13118220013398;23118220013395;;
10300009;3118220011786;JAMBON EXPRESSION METAL SATINE FOURREAU;;;13118220011783;23118220011780;;
30150005;3118224213995;M24 AMANDE LILAS  EN POT PET TB;;;13118224213992;23118224213999;;
435380;3118224353806;CUILLERE BOLERO BRIQUE+GENCOD;;;13118224353803;23118224353800;;
Comp0740084;3118220028661;BLOC VERRES INCLINE DRLX 450 FABRIQUE DE STYLES;;;13118220028668;23118220028665;;
301682;3118223016825;CUILLERE TABLE MC GREGOR BLEU;;;;;;
21190006;3118220024007;COUTEAU PAIMPOL SUR CARTE PEGB GENCOD;;;13118220024004;23118220024001;;
11980022;3118220053342;STEAK LAG HERITAGE MEDIUM MIF GRIS VRAC;;;13118220053349;23118220053346;;
446321;3118224463215;OFFICE 10 EQUILIBRE JAPONAIS CDF + BERLINGOT;;;13118224463212;23118224463219;;
Outi1940040;3118220050761;OUTIL FORGE 100/100 FRANCE GM;;;;;;
10020067;3118220012509;BARRE AIMANTEE ACIDULE ROUGE SOUS BLISTER;;;13118220012506;23118220012503;;
425610;3118224256107;M24 MARINE HOKKAIDO CHARME;;;13118224256104;23118224256101;;
11000030;3118220042155;BLOC 4 COUTEAUX  CERAMIQUE SILICONE MANCHE ET LAME NOIRE;;;13118220042152;23118220042159;;
Cons0041;3118220007703;ADHESIF DOUBLE FACE MOUSSE 19MM*33M REF 4026;;;13118220007700;23118220007707;;
10010073;3118220009158;COFFRET 1 CHEF 15 CERAMIQUE MANCHE CORSE LAME BLANCHE;;;13118220009155;23118220009152;;
10960023;3118220017023;COUTEAU AUGUSTE NATUREL NOYER LAME INOX MAT BERLINGOT;;;13118220017020;23118220017027;;
428990;3118224289907;STEAK 11CM PRADEL+GENCOD;;;13118224289904;23118224289901;;
20390005;3118220011281;CAFE NEW TRANSITION+GENCOD;;;13118220011288;23118220011285;;
426720;3118224267202;CUISINE CHALET VRAC+GENCOD;;;13118224267209;23118224267206;;
Comp0207;3118221372688;SLEEVE 50*90 DOUBLE PERFORATION VERTICALE PET 50µ 137268;;;13118221372685;23118221372682;;
10424290;3118220012202;MAESTRO TB N°2 OFFICE 11CM EVERCUT BERLINGOT;;;13118220012209;23118220012206;;
307004;3118223070049;FTTE DE TABLE MISTRAL GRIS;;;13118223070046;23118223070043;;
450020;3118224500200;2 OFFICES EVERCUT EN ECRIN;;;13118224500207;23118224500204;;
10643;3118220106437;CUILLERE TABLE INOX VIEUX PARIS;;;;;;
410630;3118224106303;M24 AMANDE JAUNE BTE CAD LISA;;;13118224106300;23118224106307;;
406843;3118224068434;LOT 6 CTX STEAK ECO NOIRS EN DISPLAY;;;13118224068431;23118224068438;;
10010034;3118220004122;COFFRET 2 CERAMIQUE CUISINE ET OFF MANCHE BLANC LAME BLANCHE;;;13118220004129;23118220004126;;
Kit0750054;3118220045552;KIT PLV MAGASIN HYPER S OP FIDELITE TOP CHEF 2024;;;13118220045559;23118220045556;;
Acce0590009;3118220031203;PLANCHE HETRE HUILEE RIGOLE RECUP JUS ANSE METAL 40X25X2.8CM;;;13118220031200;23118220031207;;
10424304;3118220012448;MAESTRO TB N°10 PAIN 21CM FOURREAU TB;;;13118220012445;23118220012442;;
315270;3118223152707;COUTEAU VICHY ROSE 214C VRAC;;;;;;
10120040;3118220020818;CUISINE 25CM FORGE MAESTRO IDEAL EN COFFRET BI-MAT;;;13118220020815;23118220020812;;
448940;3118224489406;M24 TROQUET POT PET COUL PANACHE ROSE-ANIS-TURQ-PRUN-IV-MARI;;;13118224489403;23118224489400;;
439902;3118224399026;M16 LAG HERITAGE PCB4;;;13118224399023;23118224399020;;
307290;3118223072906;CUILLERE CAFE DIANE NOIRE;;;13118223072903;23118223072900;;
603193;3118226031931;GRILLE DOUBLE FACE AVEC PIEDS ET ROULETTES BROCHE NON COMPRI;;;13118226031938;23118226031935;;
10640002;3118220009547;STEAK BI MAT SOFT ROUGE 200C GRIS ANTHRACITE FX COUT DU CHEF;;;13118220009544;23118220009541;;
11500010;3118220029910;FILET DE SOLE POLYMERE TOP CHEF FRANCAIS FLAMAND;;;13118220029917;23118220029914;;
30050024;3118220013568;COUTEAU STEAK SENS STEPPE EN BERLINGOT;;;13118220013565;23118220013562;;
40950002;8003299399215;PIQUE AMUSE BOUCHE ACIER POLI MIR COLLECTION HUMAN GUY SAVOY;;;13118220020426;23118220020423;;
50020012;3118220004054;VERRE PM 34 ACIDULE TURQUOISE 3135C;;;13118220004051;23118220004058;;
443100;3118224431009;COFFRET BORDEAUX 6 CX METAL LAG;;;13118224431006;23118224431003;;
446456;3118224464564;CAFE ESCAPADE FICELLE +GENCOD;;;13118224464561;23118224464568;;
443830;3118224438305;PAQUET DE 20 SERVIETTES RSOFT BLANC 40*40 LAG;;;13118224438302;23118224438309;;
10010072;3118220009141;COFFRET 1 OFFICE CERAMIQUE MANCHE CORSE LAME BLANCHE;;;13118220009148;23118220009145;;
440771;3118224407714;BTE SIMPLE 1 PELLE A TARTE LAG MANCHE COUL BLEU;;;13118224407711;23118224407718;;
Kit0062;3118220005624;BAC NOIR VIDE 5 CASES POUR COUVERTS COULEUR;;;13118220005621;23118220005628;;
30140013;3010006033978;CAFE MANGO FRAMBOISE 220C EURODIF;;;13010006033975;23010006033972;;
445950;3118224459508;CHEF 16 LAME TITANE MANCHE GRIS 444C-NOIR 426C EN BTE;;;13118224459505;23118224459502;;
403681;3118224036815;COUT MC GREGOR ROSE+GENCOD;;;;;;
31100009;3118220017283;COUTEAU CALICOT PIXEL VRAC GENCOD;;;13118220017280;23118220017287;;
10960079;3118220019102;TUBO NOIR 6 COUT AUGUSTE NATUREL NOYER LAME INOX MAT;;;13118220019109;23118220019106;;
441622;3118224416228;EMINCEUR ABSOLU BOIS FX TB;;;13118224416225;23118224416222;;
443886;3118224438862;COFFRET BI MAT 6 STEAKS ACIDULE BEE LAG NOIR CARBONE;;;13118224438869;23118224438866;;
30101087;3118223002880;CT LAG TABLE NACRE CHAMP 12/10MI 300288;;;13118223002887;23118223002884;;
30222285;3010006755214;CUILLERE BRETAGNE GENCOD EURODIF;;;13010006755211;23010006755218;;
Div0860005;3118220037991;MOLETTE TAILLAGE;;;13118220037998;23118220037995;;
30140047;3614613272234;M24 CANDIES ROUGE 185C PANIER CARREFOUR;;;13614613272231;23614613272238;;
Comp0750040;3118220039957;MEUBLE DE PRESENTATION OP FIDELITE TOP CHEF 2022;;;13118220039954;23118220039951;;
20160018;3118220023291;CAFE OSLO DECOR ETOILE ANTHRACITE VRAC + GENCOD;;;13118220023298;23118220023295;;
21520056;3118220050136;FOURCHETTE POISSON LAGUIOLE INTUITION SATINE + GENCOD;;;13118220050133;23118220050130;;
71590039;3118220043213;FAITOUT 24CM AVEC COUVERCLE TOP CHEF EN FONTE D'ALUMINIUM;;;13118220043210;23118220043217;;
10647;3118220106475;FOURCHETTE GATEAUX VIEUX PARIS;;;;;;
Kit0008;3118220003552;KIT GRILLE CERAMIQUE URBAN 84P MANCHE METAL LAME NOIR BLANCH;;;13118220003555;;;
10010167;3118220014299;Z COFFRET 9 CERAMIQUE MANCHE COUL ASSORTIE LAME BLANC VPC;;;13118220014296;23118220014293;;
142902;3118221429023;KIT PLV LINEAIRE PROMOCASH L76CM H220;;;13118221429020;23118221429027;;
446480;3118224464809;UNIVERSEL 15CM JAPONAIS TB EN BOITE GRISE;;;13118224464806;23118224464803;;
445780;3118224457801;COFFRET BORDEAU A FENETRE 6 STEAKS LAG ROUGE NACRE;;;13118224457808;23118224457805;;
304179;3118223041711;CT LAG FROMAGE PALISS 15/10 MI;;;13118223041718;23118223041715;;
446450;3118224464502;CAFE ESCAPADE ANIS +GENCOD;;;13118224464509;23118224464506;;
446443;3118224464434;CUILLERE ESCAPADE PRUNE +GENCOD;;;13118224464431;23118224464438;;
31220001;3118220023673;M16 PANAME GRIS 427C BOITE TB COLLECTION;;;13118220023670;23118220023677;;
400680;3118224006801;CUIL LACET+GENCOD;;;;;;
Comp0080;3118220010543;COFFRET BI MAT VIDE PM FURTIF EVERCUT+ETUI+STICKER;;;;;;
30140036;3118220011441;COUTEAU MANGO CHOCOLAT 7533C VRAC;;;;;;
11060083;3118220034211;MARAUDEUR PARACORD 550 NOIR SERRATION+ETUI KIDEX EN BLISTER;;;13118220034218;23118220034215;;
440916;3118224409169;JAMBON 25 EXPRESSION POM LAG EVOLUTION BOITE AIMANTEE GRISE;;;13118224409166;23118224409163;;
10500001;3118220009820;FERMANT EXPRESSION BOIS NOIR EN COFFRET BI MAT;;;13118220009827;23118220009824;;
Kit0750014;3118220022645;DISPLAY USTENSILES + COUTELLERIE 1/4 PALETTE 60*40;;;13118220022642;23118220022649;;
30100003;3118223115009;COUTEAU LAG BOIS NOIR  TRADITION VRAC SACHET;;;13118223115006;23118223115003;;
Kit0750039;3118220040731;TG TOP CHEF COUTELLERIE VERSION 1;;;13118220040738;23118220040735;;
CCA42;3118220007949;CAISSE AME. GC20 370X370X200;;;13118220007946;23118220007943;;
449170;3118224491706;COFFRET SANTOKU TRANSITION LAME BLANCHE CERAMIQUE;;;13118224491703;23118224491700;;
423890;3390509946129;VIANDE BACKELISE CLASSIC EXP;;;13390509946126;23390509946123;;
10120128;3118220032163;CUISINE 17CM FORGE BOIS NOYER MADE IN FRANCE PACK ECOLOGIQUE;;;13118220032160;23118220032167;;
315280;3118223152806;FOURCHETTE VICHY ROSE VRAC;;;;;;
10340015;3367305242168;STEAK LUXE M.OLIVIER + SLEEVE 524216;;;13367305242165;23367305242162;;
415410;3118224154106;COUT ZEPHIR FRAMB+GENCOD;;;13118224154103;23118224154100;;
10120006;3760061252769;CUISINE LARGE 25CM MAESTRO IDEAL EN BOITE CADEAU BAUMSTAL;;;13760061252766;23760061252763;;
31010008;3118220016675;COUTEAU REFLET METALLISE CUIVRE VRAC GENCOD;;;13118220016672;23118220016679;;
442144;3118224421444;LOT DE 4 CALOTTES 20.5CM IVOIRE MAT;;;13118224421441;23118224421448;;
Cons0039;3118220008335;KIT BOX PALETTE MODELE GALIA C1C 1200*1000*1000;;;;;;
30910002;3118220006737;FOURCHETTE INEDIT FRANCE+GENCOD;;;13118220006734;23118220006731;;
30900010;3118220011625;CAFE INEDIT DECOR BOIS FONCE VRAC GENCOD;;;13118220011622;23118220011629;;
4181;3118220041813;TIRE BOUCHON LAG ABS BLEU ML;;;13118220041810;23118220041817;;
442230;3118224422304;SOUCOUPE CAFE 12CL IVOIRE MAT;;;13118224422301;23118224422308;;
435390;3118224353905;CAFE BOLERO BRIQUE+GENCOD;;;13118224353902;23118224353909;;
21520055;3118220050112;COUTEAU POISSON LAGUIOLE INTUITION SATINE + GENCOD;;;13118220050119;23118220050116;;
10010061;3118220006287;COFFRET 9 CERAMIQUE MANCHES COUL ASSORTIES LAME BLANCHE;;;13118220006284;23118220006281;;
447411;3118224474112;PAIN 19 ACIDULE  BEE ROUGE LAME TITANE NOIRE SOUS FX;;;13118224474119;23118224474116;;
143361;3118221433617;VISUEL+STICKER LINEAIRE ALINEA L133;;;;;;
446581;3118224465813;FOURCHETTE MANGO ANTHRACITE 446C;;;13118224465810;23118224465817;;
Comp0850003;3118221168304;BOITE DINER CHARME 4 COMPARTIMENT;;;13118221168301;23118221168308;;
435350;3118224353509;2 PIECES SERVICE OSLO;;;13118224353506;23118224353503;;
10960099;3118220055988;COFFRET BOIS 6 CTX AUGUSTE PREMIUM POM BLANC SUCRE L NOIRE;;;13118220055985;23118220055982;;
10050012;3118220004627;EPLUCHEUR EVOLUTION SENS LASURE CLAIR +GENCOD;;;13118220004624;23118220004621;;
434510;3118224345108;COFF 6 CX LAG ABS MI  MULTICOLOR CLAIR;;;13118224345105;23118224345102;;
10120007;3760061252790;FILET DE SOLE MAESTRO IDEAL EN BOITE CADEAU BAUMSTAL;;;13760061252797;23760061252794;;
Kit0028;3118220001695;KIT GRILLE CERAMIQUE 80P H200 MANCHE COUL LAME NOIRE  BLANC;;;13118220001692;;;
10020040;3118220008960;CISEAU 22.5CM ACIDULE ANIS SUR CARTE;;;13118220008967;23118220008964;;
448741;3118224487419;FOURCHETTE EVOLUTION CUIR TANGERINE 166C+GENCOD;;;13118224487416;23118224487413;;
Kit0010037;3118220052277;DISPLAY CERAMIQUE 32P  FINLANDEK LAME BLANCHE;;;13118220052274;23118220052271;;
315223;3118223152233;STEAK BOIS CORAIL 485C;;;13118223152230;23118223152237;;
431562;3118224315620;COUTEAU TROQUET ABRICOT PS+GENCOD;;;13118224315627;23118224315624;;
11000024;3118220035812;CUISINE 19 SILICONE TB PROFESSIONNEL PACK ECOLOGIQUE;;;13118220035819;23118220035816;;
20300003;3118220011748;CAFE EXPRESSION METAL SATINE BERLINGOT;;;13118220011745;23118220011742;;
Kit0003;3118220000445;BAC NOIR VIDE 5 CASES POUR COUTEAUX LES INDISPENSABLES;;;;;;
30970032;3118220016446;CUILLERE ECUME TITANE BLUE 5405C VRAC GENCOD;;;13118220016443;23118220016440;;
445000;3118224450000;CUISINE MEMORY FX COUTEAU DU CHEF T3;;;13118224450007;23118224450004;;
10010001;3118220003156;COFFRET 9 CERAMIQUE LAME BLANCHE;;;13118220003153;23118220003150;;
446952;3010005419520;CUILLERE TROQUET GRIS TAUPE GENCOD EURODIF;;;13010005419527;23010005419524;;
30020228;3118220004412;COFFRET BI MAT 12 PCES COCKTAIL TAPAS ACIDULE COUL PANACHE;;;13118220004419;23118220004416;;
10020010;3118220001893;COFFRET BI MAT 3 PIECES ENFANT ACIDULE BLEU TURQUOISE 3135C;;;13118220001890;23118220001897;;
440952;3118224409527;M16 BLACK DOTS BOITE LISA INOX;;;13118224409524;23118224409521;;
446300;3118224463000;PAIN EXPRESSION LAG EVOLUTION MANCHE BOIS NOIR BOITE GRISE;;;13118224463007;23118224463004;;
30180005;3118220005426;M16 INEDIT BRESIL BOITE DECO;;;13118220005423;23118220005420;;
Comp0740055;3118220023147;ENSEMBLE DE 19 COUTEAUX VRAC POUR LA VITRINE KIT0740004;;;13118220023144;23118220023141;;
309840;3118223098401;LAG FERMANT 11CM CORNE;;;13118223098408;23118223098405;;
428840;3118224288405;FETTE TABLE SOHO +GENCOD;;;13118224288402;23118224288409;;
11980020;3118220053328;STEAK LAG HERITAGE MEDIUM MIF NOIR VRAC;;;13118220053325;23118220053322;;
407010;3118224070109;M24 SOLEIL MANDARINE POT PET;;;13118224070106;23118224070103;;
Cons0850027;3118220044005;COUVERCLE 800*560*300 C25R;;;13118220044002;23118220044009;;
Comp0500005;3118220033436;LAG FERMANT 10 CM +TIRE BOUCHON BOIS NOIR VRAC;;;13118220033433;23118220033430;;
401730;3118224017302;FUSIL A AIGUISER;;;13118224017309;23118224017306;;
442150;3118224421505;CALOTTE 20.5CM ARDOISE MAT;;;13118224421502;23118224421509;;
448680;3118224486801;COFFRET 6 CAFES MANGO COUL ASSORTIES;;;13118224486808;23118224486805;;
Comp0068;3118220033115;PIC A BIGORNEAUX ACIDULE VERT 368C VRAC;;;13118220033112;23118220033119;;
20110013;3118220023956;CUILLERE LAGUIOLE HERITAGE SATINE VRAC + GENCOD;;;13118220023953;23118220023950;;
400600;3118224006009;FETTE POISSON VIEUX PARIS+GENCOD;;;;;;
421660;3118224216606;EPLUCHEUR LUXE M.ADFLEX CDF;;;13118224216603;23118224216600;;
418810;3118224188101;BLOC 6 CTX METAL + 1 HACHOIR;;;13118224188108;23118224188105;;
10010125;3118220011120;COFFRET 4 STEAK CERAMIQUE METALLISE TIE AND DYE LAME BLANCHE;;;13118220011127;23118220011124;;
314400;3118223144009;EMINCEUR 13CM  LAG EXPRESSION MANCHE BOIS NOIR;;;;;;
444100;3118224441008;4 COUTEAUX ACIDULE BEE ROUGE 185C EN BTE PEGBORDABLE;;;13118224441005;23118224441002;;
442360;3118224423608;ASSIETTE CARREE 25CM ARDOISE MAT;;;13118224423605;23118224423602;;
10700001;3118220005631;OFFICE 9 EVERCUT ORIGINE EN BERLINGOT;;;13118220005638;23118220005635;;
448229;3118224482292;PAIN LAG LASURE MANCHE BOIS COUL PANACHE FX COUTEAU DU CHEF;;;13118224482299;23118224482296;;
10010023;3118220002807;COFFRET 2 CX CERAMIQUE 125MM ET 75MM LAME BLANCHE PAS MARQ;;;13118220002804;23118220002801;;
Comp0740029;3118220018501;PORTE VERRE INCLINE 1330 TIROIR DRLX;;;13118220018508;23118220018505;;
421611;3118224216118;LAG EVOLUTION BOIS ROUGE EN BTE;;;13118224216115;23118224216112;;
448205;3118224482056;CUISINE 17 LAG LASURE MANCHE BOIS NATUREL SOUS FX COUTEAU DU;;;13118224482053;23118224482050;;
11690003;3118220036994;CUISINE FUSION POLYPRO TB COLLECTION EN PACK ECOLOGIQUE;;;13118220036991;23118220036998;;
Comp0221;3118220021839;TABLETTE INCLINE 1/4 LOW COST;;;13118220021836;23118220021833;;
21350004;3118220028142;FOURCHETTE CAP FERRET FINITION SABLEE 18/0 CARTE PEGBORDABLE;;;13118220028149;23118220028146;;
421080;3257981027053;CHEF 21 FORGE RIV/ FRX CORA;;;13257981027050;23257981027057;;
402011;3118224020111;M24 LAG METAL BOITE LAG PM;;;13118224020118;23118224020115;;
142829;3118221428293;DOCUMENTATION EVERCUT POUR PRESENTOIR VERSION ITALIENNE;;;13118221428290;23118221428297;;
143618;3118221436182;BAC DE 5 VRAC AVEC SEPARATEURS;;;13118221436189;23118221436186;;
11060116;3118220038851;C.A.C. BLEU DOUANE LAME MICRO + ETUI TEXTIL DOUANE;;;13118220038858;23118220038855;;
30101085;3118220019690;COUPERET FROMAGE ACIDULE BLEU ACIER 5405C;;;13118220019697;23118220019694;;
445090;3257983864694;M24 ALIZE CORA;;;13257983864691;23257983864698;;
444916;3118224449165;M16 ZEPHIR BLANC PUR NEIGE POT PET;;;13118224449162;23118224449169;;
10010147;3118220013353;COFFRET 1 CHEF CERAMIQUE METALLISE TIE AND DYE COUL PANACHE;;;13118220013350;23118220013357;;
10210021;3118220017610;LOT 3 STEAK PS LAG LASURE MANCHE BOIS BLANCHI SACHET+GENCOD;;;13118220017617;23118220017614;;
448231;3118224482315;HUITRE AVEC GARDE ACIDULE NOIR CARBONE+GENCOD;;;13118224482312;23118224482319;;
31020021;3118220032774;FOURCHETTE NUANCE BLANC VRAC GENCOD;;;13118220032771;23118220032778;;
446023;3118224460238;CUILLERE ACIDULE BEE TAUPE WARM GREY 8 +GENCOD;;;13118224460235;23118224460232;;
11400001;3118220026490;OFFICE 9CM TRADITION BOIS D'OLIVIER EN FX TB;;;13118220026497;23118220026494;;
310410;3118223104102;CAFE KOS (TOSCANE) SATINE VRAC CHARME;;;13118223104109;23118223104106;;
445801;3118224458013;COFFRET CERAMIQUE 2CX LAG TABLE LAME NOIRE MANCHE GRIS;;;13118224458010;23118224458017;;
Kit0014;3118220002210;GRILLE 144 USTENSILES LAG ACIDULE COUL ASS SOUS BLISTER H150;;;;;;
Kit0010038;3118220052284;DISPLAY CERAMIQUE 24P FINLANDEK LAME NOIRE;;;13118220052281;23118220052288;;
448360;3118224483602;FOUET TRANSITION SACHET+GENCOD;;;13118224483609;23118224483606;;
10120179;3118220037908;BOUCHER 21CM GEORGES MANCHE BOIS BERLINGOT;;;13118220037905;23118220037902;;
10020064;3118220011564;FROMAGE ACIDULE BEE ORANGE 1655C VRAC;;;13118220011561;23118220011568;;
Kit0115;3118220015067;CISEAUX 22.5CM ACIDULE SUR CARTE COUL ASSORTIE SUR CRAVATE;;;13118220015064;23118220015061;;
Kit0750015;3118220028586;DISPLAY 306PCES COUTELLERIE PROFESSIONNELLE 1/4PAL TOP CHEF;;;13118220028583;23118220028580;;
10424278;3118220004313;MAESTRO TB N°7 COUPERET 30/10 Z50 BOITE BI MAT;;;13118220004310;23118220004317;;
446383;3118224463833;COFFRET CERAMIQUE 3 STEAKS 95MM  LAME TITANE BLEU;;;13118224463830;23118224463837;;
137361;3118221373616;VISUEL+KAKEMONO DISPLAY 1/2 PALETTE LAG SPEND AND GET 80*60*;;;;;;
444772;3118224447727;COFFRET 1 OFFICE CERAMIQUE 75MM MANCHE PRUNE LAME BLANCHE;;;13118224447724;23118224447721;;
439351;3118224393512;M16 PYRAMIDE TRANSPARENT POT PET;;;13118224393519;23118224393516;;
30656609;3118220034334;TUBO 6 STEAK HECTOR PERLE;;;13118220034331;23118220034338;;
Comp0740244;3118220054080;ECROU HEXAGONAL M6 ZINGUE;;;13118220054087;23118220054084;;
10424292;3118220012226;MAESTRO TB N°6 POLYVALENT 15CM EVERCUT BERLINGOT;;;13118220012223;23118220012220;;
442860;3118224428603;COFFRET BORDEAU A FENETRE 6 CX LAG BLEU ABS MI;;;13118224428600;23118224428607;;
Outi1940018;3118220049895;"PL FORGE MADE_IN 7"" SANTOKU KNIFE";;;;;;
Acce1060057;3118220051775;ETUI CAC NOIR MIF AVEC POCHETTE INTERIEUR EN SACHET;;;13118220051772;23118220051779;;
30050040;3118220054219;M16 SENS BLEU EN BOITE LAGUIOLE;;;13118220054216;23118220054213;;
448150;3257984139890;SANTUKO FORGE POM FX CORA;;;13257984139897;23257984139894;;
50020008;3118220003491;ASSIETTE DESSERT 20CM ACIDULE NOIR CARBONE;;;13118220003498;23118220003495;;
30140022;3010006033831;COUTEAU MANGO ANTHRACITE 446C EURODIF;;;13010006033838;23010006033835;;
31010014;3118220017528;COUTEAU REFLET METALLISE ARGENT VRAC GENCOD;;;13118220017525;23118220017522;;
315390;3118223153902;PAIN 20 LAG EXPRESSION MANCHE BOIS NOIR;;;;;;
446900;3118224469002;JAMBON 25CM LARGE FORGE BOIS BACKELISE NOIR FX TB;;;13118224469009;23118224469006;;
446971;3118224469712;EPLUCHEUR ACIDULE  COUL PANACHE PROMO;;;13118224469719;23118224469716;;
404640;3118224046401;EPLUCHEUR ERGO COL PAN + SLEEVE;;;13118224046408;23118224046405;;
10650004;3118220007741;PAIN 21 HECTOR BLANC GLACIER BOITE CADEAU;;;13118220007748;23118220007745;;
10790004;3118220014978;BLOC PLOMB 6 COUTEAUX REFLET METALLISE ARGENT;;;13118220014975;23118220014972;;
446993;3118224469934;M24 MANGO FRAMBOISE 220C BOITE COULEUR;;;13118224469931;23118224469938;;
419030;3118224190302;LOT 4 CTX TROQUET BLEU;;;13118224190309;23118224190306;;
Comp0740061;3118220024236;ENSEMBLE VISUEL MAGNET ET PASTILLE GIFI COUVERT L100 STA0336;;;13118220024233;23118220024230;;
21290001;3605756612476;M16 REVEL (MAZARIN) BLANC ET DORE BOITE ALINEA;;;13605756612473;23605756612470;;
310070;3118223100708;FOURCHETTE TABLE AMANDE JAUNE;;;13118223100705;23118223100702;;
30020324;3118220032699;CUILLERE ACIDULE TURQUOISE WB+GENCOD;;;13118220032696;23118220032693;;
431360;3118224313602;COUTEAU ZEPHIR BLEU+GENCOD;;;13118224313609;23118224313606;;
Comp0129;3118220015210;PLAQUE POLYSTYRENE MIROIR ARGENT DOS BLANC 1300*460*1MM;;;;;;
428280;3118224282809;CUILLER AMANDE VERT+GENCOD;;;;;;
303690;3118223036908;LAGUIOLE 11CM CANTAL METAL;;;;;;
420930;3118224209301;COFFRET NOIR 6 STEAK ICELAND;;;13118224209308;23118224209305;;
435000;3118224350003;SET DE 6 PENDERIES METAL;;;13118224350000;23118224350007;;
10650030;3118220036109;COFFRET STEAK+CUIS+SANTU+DECOUPER HECTOR EN BOITE NEUTRE;;;13118220036106;23118220036103;;
448209;3118224482094;CUISINE 17 LAG LASURE MANCHE BOIS COUL PANACHE FX COUTEAU DU;;;13118224482091;23118224482098;;
Kit0750047;3118220044760;DEMI DISPLAY BOIS LE MAREYEUR VIDE;;;13118220044767;23118220044764;;
10210014;3118220010185;PAIN LAG LASURE MANCHE BOIS GRIS BOITE CADEAU;;;13118220010182;23118220010189;;
11060020;3118220023048;COUTEAU EASTMAIN MICARTA LIN + ETUI AFFUTAGE + BOITE;;;13118220023045;23118220023042;;
123732;3118221237321;COFFRET CARTON VIDE POUR 6 STEAKS LAG EXPRESSION;;;;;;
30020254;3118220007321;M26 ACIDULE BEE BLACK CARBONE COFFRET BI MAT;;;;23118220007325;;
446200;3118224462003;COFFRET CHEF 20 CUIS 16 OFF 9 LAME TITANE MULTICOL BTE CADEA;;;13118224462000;23118224462007;;
117210;3118221172103;PACK LAGUIOLE 6 PIECES;;;13118221172100;23118221172107;;
306020;3118223060200;FOURCHETTE TABLE SOHO;;;13118223060207;23118223060204;;
143371;3118221433716;BOITE GRISE UNITAIRE FURTIF EVERCUT GM 360*70*25MM;;;13118221433713;23118221433710;;
136634;3118221366342;KIT PLV LINEAIRE COUTEAUX CORA FRANCE L133 3 BACS DE 5;;;13118221366349;23118221366346;;
10010130;3118220011359;COFFRET 2 CERAMIQUE 1OFFICE LISSE+1OFFICE DENTE LAME NOIRE;;;13118220011356;23118220011353;;
444491;3222475201332;PAIN POLYPRO/FX CASINO;;;13222475201339;23222475201336;;
30020298;3118220017146;M16 ACIDULE BEE VERT ANIS 583C BOITE COULEUR;;;13118220017143;23118220017140;;
Comp0051;3118220008861;BROCHE SIMPLE FOND PERFORE 400, Ø8, PE;;;13118220008868;23118220008865;;
10010170;3118220014916;COFFRET 4 STEAK CERAMIQUE BLANCHE MANCHE BRETAGNE;;;13118220014913;23118220014910;;
Comp0100002;3118220021006;FOND A MONTAGE RADIDE 445*285*125 LAG EVOL 3 COMPARTI 124272;;;13118220021003;23118220021000;;
Kit0740001;3118220018730;PLV LINEAIRE VIDE 2 ETAGERES POTS GIFI;;;13118220018737;23118220018734;;
421210;3257981027244;HACHOIR CORA;;;13257981027241;23257981027248;;
10070001;3118220002630;SET DE 6 COUTEAUX FURTIF CLASSIC LAME NOIRE MANCHE NOIR;;;13118220002637;23118220002634;;
440140;3254565367635;PAIN ELAN FX AUCHAN;;;13254565367632;23254565367639;;
448202;3118224482025;CUISINE 17 LAG  LASURE  MANCHE BOIS NATUREL SOU FX TB T3;;;13118224482022;23118224482029;;
448190;3118224481905;STEAK PS LAG LASURE CUISINE MANCHE BOIS GRISE SOUS FX TB T1;;;13118224481902;23118224481909;;
000236;3118220002364;INTERIM BUREAU D'ETUDES;;;;;;
10400011;3118220047976;BLOC MAGNETIQUE 4 COUTEAUX ABSOLU PALISSANDRE DES INDES;;;13118220047973;23118220047970;;
304990;3118223049908;FOURCHT POISSON VIEUX PARIS SAT.;;;;;;
10010139;3118220012943;COFFRET 1 OFFICE MANGO CERAMIQUE LAME BLANCHE PANACHE 6 COUL;;;13118220012940;23118220012947;;
117840;3118221178402;ETIQ.ADHE DEACTIVABL32*40 RF 710;;;;;;
445082;5414663285745;6 STEAK TROQUET TAUPE WINNY;;;15414663285742;25414663285749;;
10840009;3118220021877;CUISINE 17 ALLIANCE SOUS FOUREAUX;;;13118220021874;23118220021871;;
Pres0011;3118220000308;TEST DE COUPE CATRA 60 CYCLES;;;;;;
Cons0087;3118220033818;BAC BASICLINE 600*400*70 GRIS 0761/000314-401001;;;13118220033815;23118220033812;;
Emba0029;3118220003231;VISUEL BAC VERALEC 133 COUTEAUX GONDOLE HAUTE;;;;;;
313336;3118223133362;FETTE AMANDE ANIS VRAC;;;;;;
421200;3257981027237;PIERRE A AIGUISER CORA;;;13257981027234;23257981027231;;
Comp0280002;3118220022355;STICKER PM GAMME EQUILIBRE;;;13118220022352;23118220022359;;
431560;3118224315606;COUTEAU TROQUET NOIR PS+GENCOD;;;13118224315603;23118224315600;;
433110;3254564698204;SECATEUR VOLAIL BOISRGE/SKIN AUC;;;13254564698201;23254564698208;;
443820;3118224438206;LOT DE 12 STEAKS 11CM PRADEL;;;13118224438203;23118224438200;;
446651;3118224466513;6 STEAK TROQUET TURQUOISE POT PET 632C;;;13118224466510;23118224466517;;
445290;3605753706352;M16 BOLERO IVOIRE ALINEA;;;13605753706359;23605753706356;;
Kit0091;3118220011298;KIT PLV LINEAIRE 1M COUTEAU BOULANGER VERSION 2;;;;;;
Kit0750055;3118220045569;KIT PLV MAGASIN SUPER S OP FIDELITE TOP CHEF 2024;;;13118220045566;23118220045563;;
302032;3118223020327;FETTE TABLE BACCARAT GRIS;;;;;;
11000026;3118220035836;STEAK SILICONE COULEUR PANACHEE TB PROFESSIONNEL PACK ECOLOG;;;13118220035833;23118220035830;;
CCA43;3118220007956;CAISSE AME. GC20 400 X 400 X 210;;;13118220007953;23118220007950;;
302090;3118223020907;CUILLERE CAFE BACCARAT METAL SATINE;;;;;;
10020100;3118220020566;CISEAU UNIVERSEL ACIDULE ANIS SUR CARTE;;;13118220020563;23118220020560;;
438313;3118224383131;CAFE BASTILLE BLANC+GENCOD;;;13118224383138;23118224383135;;
31040003;3118220015524;M16 DROP VERT 5487C EN BOITE LISA;;;13118220015521;23118220015528;;
424030;3390509946266;SANTUKO FORGE CHEF EXP;;;13390509946263;23390509946260;;
448510;3118224485101;LOT 1BEURRE+1FROMAGE LAG ACIDULE BLANC SOUS SACHET;;;13118224485108;23118224485105;;
11510008;3118220030039;CHEF 19 CM BOIS STABILISE TOP CHEF FRANCAIS FLAMAND;;;13118220030036;23118220030033;;
10120009;3760061252776;CHEF 19 MAESTRO IDEAL EN BOITE CADEAU BAUMSTAL;;;13760061252773;23760061252770;;
10010169;3118220014756;COFFRET 1 STEAK CERAMIQUE METALLISE ARGENT LAME BLANCHE;;;13118220014753;23118220014750;;
136490;3118221364904;BLOC BLANC SERIGRAPHIE VIDE POUR 6 CX ACIDULE;;;13118221364901;23118221364908;;
10210023;3118220017696;CUISINE 17 LAG LASURE MANCHE BOIS GRIS EN BERLINGOT;;;13118220017693;23118220017690;;
143368;3118221433686;VISUEL GRIS LINEAIRE COUVERT CORA L133;;;;;;
32070026;3616957761863;FOURCHETTE OPEN DECOR GUINGUETTE BLEU  CARREFOUR HOME;;;03616955895508;03616954320575;;
306990;3118223069906;COUTEAU DE TABLE MISTRAL BORDEAU;;;13118223069903;23118223069900;;
433002;3118224330029;M16 SELECT INOX BTE FORGE PCB4;;;13118224330026;23118224330023;;
71590020;3118220036420;WOK 28CM CUISSON TOP CHEF NEVERSTICK1;;;13118220036427;23118220036424;;
Comp0740154;3118220040182;ETIQUETTE  PRIX OP LAGUIOLE HERITAGE;;;13118220040189;23118220040186;;
10020016;3118220003637;POCHE ACIDULE BLANC LAME INOX AVEC ETUI COFFRET BI MAT;;;13118220003634;23118220003631;;
Kit0013;3118220001930;KIT OP DISPLAY VITRINE SYST U MISE DE BASE D;;;;;;
430710;3453830036003;CUIL VIEUX PARI COMPTOIR DE;;;13453830036000;23453830036007;;
313081;3118223130811;FOURCHETTE BOLERO IVOIRE VRAC;;;;;;
10010164;3118220014244;Z COFFRET 2 CX CERAMIQUE 95MM+155MM+1EPLUCHEUR LAME NOIR VPC;;;13118220014241;23118220014248;;
444353;3118224443538;FOURCHETTE VICHY ROUGE 185C;;;13118224443535;23118224443532;;
20160022;3118220023338;CAFE OSLO DECOR SQUARE VRAC + GENCOD;;;13118220023335;23118220023332;;
10650022;3118220028111;6 STEAKS HECTOR ARGILE (MARRON CLAIR) M217432 EN BOITE VPC;;;13118220028118;23118220028115;;
439362;3118224393628;M24 PYRAMIDE BLEU EN RANGE-COUVERTS METAL;;;13118224393625;23118224393622;;
41520002;3118220038417;COUVERTS DE SERVICE LAGUIOLE INTUITION BRILLANT;;;13118220038414;23118220038411;;
412450;3118224124505;M16 OSAKA NOIR FORGE BTE FORGE;;;13118224124502;23118224124509;;
Comp0021;3118220005785;DISPLAY 1/4 PALETTE LOW COST 14 BROCHES SIMPLES;;;;;;
Comp0740204;3118220047716;PLINTHE 1330*120 MM   NOIR RAL 9005;;;13118220047713;23118220047710;;
40840008;3118220034907;BOURRICH X50 LOT 6 FTTES CRUSTACE INOX SCOTCH BBR MADE IN FR;;;13118220034904;23118220034901;;
Acce1060017;3118220021587;PAIRE DE PLAQUETTES CUSTOM G10 TOXIFIEE KAKI MARAUDEUR;;;13118220021584;23118220021581;;
31340001;3118220025875;M16 INEDIT LIANE VERTE FOND BLANC BOITE TB COLLECTION;;;13118220025872;23118220025879;;
442880;3118224428801;COFFRET 3 CX STEAKS CERAMIQUE LAME NOIRE;;;13118224428808;23118224428805;;
448421;3118224484210;COFFRET 4 TARTINEURS ACIDULE NOIR CARBONE;;;13118224484217;23118224484214;;
11060026;3118220023109;COUTEAU PASSE-EN-S MICARTA LIN + ETUI AFFUTAGE + BOITE;;;13118220023106;23118220023103;;
21290008;3118220028449;CAFE MAZARIN MANCHE BLANC TETE INOX BROSSE + GENCOD;;;13118220028446;23118220028443;;
314330;3118223143309;CAFE VRAC SAN REMO;;;13118223143306;23118223143303;;
10010109;3118220010697;COFFRET 1 OFFICE CERAMIQUE LAME BLANCHE MANCHE VERT 3275C;;;13118220010694;23118220010691;;
445793;3118224457931;COFFRET CERAMIQUE 1 COUT LAG TABLE LAME NOIRE MANCHE PRUNE;;;13118224457938;23118224457935;;
430982;3118224309827;BLOC 6 STEAKS IMPORT COULEUR PANACHE NOIR BLEU ROUGE;;;13118224309824;23118224309821;;
31020028;3118220033993;COUTEAU NUANCE CELADON BLEU VRAC + GENCOD;;;13118220033990;23118220033997;;
442140;3118224421406;CALOTTE 20.5CM IVOIRE MAT;;;13118224421403;23118224421400;;
446970;3118224469705;DISPLAY 18 PCES ACIDULE COMPOSE DE 6 EPL-6 OF-6 BEURRE;;;13118224469702;23118224469709;;
446662;3118224466629;M24 MANGO CHOCOLAT 7533C EN PANIER FIL ACIER;;;13118224466626;23118224466623;;
30040019;3118220006942;M16 POIS CLASSIC BLEU ACIER 7697C;;;13118220006949;23118220006946;;
143820;3118221438209;BAC DE 13 VRAC AVEC SEPARATEUR;;;13118221438206;23118221438203;;
306590;3118223065908;CUILLERE CAFE ZEPHIR PARME;;;;;;
21330005;3118220028203;CUILLERE GUERANDE FINITION SABLEE 18/0 CARTE PEGBORDABLE;;;13118220028200;23118220028207;;
443860;3118224438602;COFFRET 3 CX CERAMIQUE OFFICE-CUISINE13- CHEF15 LAME BLANCHE;;;13118224438609;23118224438606;;
10500007;3118220019720;LAG FERMANT LAME 10CM BOIS COUL ASSORTIES VPC;;;13118220019727;23118220019724;;
307410;3118223074108;CUILLERE CAFE BAGUETTE;;;;;;
Comp0002;3118220008045;COIFFE EN CARTON DISPLAY 1/4 PALETTE 60*40*180CM C20;;;13118220008042;23118220008049;;
Kit0045;3118221439114;KIT PLV LINEAIRE COUTEAUX FLY SETAM Allemagne;;;13118221439111;23118221439118;;
11500007;3118220029880;STEAK POLYMERE LAME MICRODENTE TOP CHEF FRANCAIS FLAMAND;;;13118220029887;23118220029884;;
124270;3118221242707;DISPLAY VIDE LAG EVOLUTION 3 COMPARTIMENTS 445*285*125;;;13118221242704;23118221242701;;
440540;3118224405406;CAFE EMPIRE+GENCOD;;;13118224405403;23118224405400;;
449240;3118224492406;COFFRET 6 CUILLERES SENS MULTICOLOR;;;13118224492403;23118224492400;;
30650024;3118220006850;FOURCHETTE HECTOR KAKI Z 7771C VRAC GENCOD;;;13118220006857;23118220006854;;
30020257;3118220008625;BOITE DE 6 COUTEAUX ACIDULE BEE ROSE 226C VPC;;;13118220008622;23118220008629;;
313355;3118223133553;CAFE AMANDE BLEU VRAC;;;13118223133550;23118223133557;;
10020039;3118220008946;CISEAU 22.5CM ACIDULE TURQUOISE SUR CARTE;;;13118220008943;23118220008940;;
444722;3118224447222;M16 TOSCANE NOIR BOITE LISA PCB4;;;13118224447229;23118224447226;;
448442;3118224484425;COFFRET FRUIT DE MER ACIDULE BLEU ACIER 5405C 14 PIECES;;;13118224484422;23118224484429;;
11910013;3118220050334;"COUTEAU NAKIRI 6"" FORGE   BLEU EXCLUSIVE MI";;;13118220050331;23118220050338;;
403035;3118224030356;STEAK 12CM FORGE  FX COUTEAU DU CHEF SUISSE;;;13118224030353;23118224030350;;
Emba0016;3118220002869;BANDEAU VITRINE VERALEC 133 COUTEAUX GONDOLE HAUTE;;;;;;
10020049;3118220009059;EPLUCHEUR FIL Y ACIDULE NOIR SOUS BLISTER;;;13118220009056;23118220009053;;
313101;3118223131016;CAFE BOLERO IVOIRE VRAC;;;;;;
436481;3118224364819;Z COFFRET LUXE AIMANT 6 CX LAG TABLE METAL INOX  UNITAIR RED;;;13118224364816;23118224364813;;
40010005;3118220006386;ROULETTE PIZZA CERAMIQUE BLANCHE ITALIE SOUS BLISTER PEGB;;;13118220006383;23118220006380;;
30050025;3118220013643;COUTEAU STEAK SENS BRUME EN BERLINGOT;;;13118220013640;23118220013647;;
400053;3118224000533;M24 LAG NACRE IVOIRE COF + BAND+CAISSE VPC;;;13118224000530;23118224000537;;
30650015;3118220006768;COUTEAU HECTOR BLEU 534C VRAC GENCOD;;;13118220006765;23118220006762;;
Kit0740005;3118220025332;PLV LINEAIRE 1000 COUTEAU GIFI;;;13118220025339;23118220025336;;
435383;3118224353837;CUILLERE BOLERO ARDOISE+GENCOD;;;13118224353834;23118224353831;;
434063;3118224340639;M24 TROQUET TURQUOISE MEDIUM 637C POT PET;;;13118224340636;23118224340633;;
442163;3118224421635;LOT DE 3 CALOTTES 20.5CM TERRACOTA MAT;;;13118224421632;23118224421639;;
10010080;3606507298604;COFFRET 4 CERAMIQUE FINLANDEK OF+STEAK+C13+EP LAME BLANCHE;;;13606507298601;23606507298608;;
10960073;3118220019041;COFFRET BI MAT 6 COUT AUGUSTE NATUREL NOYER L INOX MAT;;;13118220019048;23118220019045;;
305230;3118223052304;FOURCHETTE TABLE AMANDE BORDEAU;;;;;;
305250;3118223052502;CUILLERE CAFE AMANDE BORDEAU;;;;;;
308410;3118223084107;FOURCHETTE TABLE MORPHING;;;;;;
30090013;3118220005013;M16 EVOLUTION CUIR LIN 7535C COFFRET ECRIN LARGE;;;13118220005010;23118220005017;;
30101073;3118220009448;M48 LAG ABS GRIS COFFRET CADEAU;;;;23118220009442;;
20110017;3118220028500;FOURCHETTE LAGUIOLE HERITAGE FINITION SABLE CARTE PEGB GENCO;;;13118220028507;23118220028504;;
439906;3118224399064;M16 HERITAGE BOITE LARGE;;;13118224399061;23118224399068;;
425710;3118224257104;M24 BLANC HOKKAIDO CHARME;;;13118224257101;23118224257108;;
442240;3118224422403;SOUCOUPE CAFE 12CL ARDOISE MAT;;;13118224422400;23118224422407;;
137375;3118221373753;MEUBLE DISPLAY3 TABLETTE 80*60 SPEND AND GET;;;;;;
30040028;3118220019126;M16 INEDIT POIS GRAPHIK MULTICOLOR BOITE DECO;;;13118220019123;23118220019120;;
30020288;3118220013056;6 FOURCHETTES HUITRE ACIDULE COUL ASSORTIES BLISTER;;;13118220013053;23118220013050;;
30363698;3118220016132;FOURCHETTE TROQUET GRIS ANTHRACITE VRAC SANS GENCOD;;;13118220016139;23118220016136;;
10270009;3118220035904;COUTEAU PAIN BACKELISE TB PROFESSIONNEL EN PACK ECOLOGIQUE;;;13118220035901;23118220035908;;
10010172;3118220015395;COFFRET CUISINE LISSE MANGO TAUPE 7531C CERAMIQUE LAME BLANC;;;13118220015392;23118220015399;;
10960064;3118220018952;TUBO NOIR 6 COUT AUGUSTE PREMIUM POM NOIR CAVIAR L MAT;;;13118220018959;23118220018956;;
Acce0590002;3118220023819;PLANCHE A DECOUPER BOIS HETRE LCDC 35X35X2 CM;;;13118220023816;23118220023813;;
446577;3118224465776;COUTEAU MANGO PRUNE 7650C;;;13118224465773;23118224465770;;
30970019;3118220016316;FOURCHETTE ECUME BLEU CURACAO 313C VRAC GENCOD;;;13118220016313;23118220016310;;
422280;3222472842149;TARTINEUR LAG BOIS 12/10 CASINO;;;13222472842146;23222472842143;;
Comp0740090;3118220029576;ENSEMBLE VISUEL MAGNET COUVERT 90 CENTRAKOR STA0388;;;13118220029573;23118220029570;;
10050032;3118220025240;COUTEAU STEAK SENS MANCHE OLIVIER SACHET + GENCOD;;;13118220025247;23118220025244;;
449141;3118224491416;COFFRET EMINCEUR TRANSITION LAME NOIRE CERAMIQUE;;;13118224491413;23118224491410;;
447205;3118224472057;STEAK URBAN BOITE GRISE;;;13118224472054;23118224472051;;
404399;3118224043998;1 DECAP+1 TB LAGUIOLE COFFRET BOIS;;;13118224043995;23118224043992;;
21190002;3118220022805;COUTEAU PAIMPOL + GENCOD;;;13118220022802;23118220022809;;
142813;3118221428132;ENSEMBLE EVERCUT ENVELOPPE-NOTICE-GARANTIE VERSION SUEDOISE/;;;13118221428139;23118221428136;;
434090;3118224340905;SANTUKO FORGE CDF+GENCOD;;;13118224340902;23118224340909;;
11980029;3118220056114;OFFICE BEC D'OISEAU LAGUIOLE HERITAGE NANOCUT MIF CARTO LH;;;13118220056111;23118220056118;;
238950;3222472389507;CT CUISINE 17 CM OXYGENE;;;13222472389504;23222472389501;;
142800;3118221428002;ENSEMBLE EVERCUT ENVELOPPE-NOTICE-GARANTIE VERSION ANGLAIS/F;;;13118221428009;23118221428006;;
447251;3118224472514;EPLUCHEUR BOIS BLANCHI LAG EVOLUTION LASURE+ BERLINGOT;;;13118224472511;23118224472518;;
406680;3118224066805;2 OFFICES BOIS NAT RIV /SKIN CDF;;;13118224066802;23118224066809;;
Comp0740201;3118220047686;PIED GONDOLE  H115 MM  P400MM REGLABLE NOIR RAL 9005;;;13118220047683;23118220047680;;
443670;3118224436707;COFFRET BOIS 6 STEAKS HERITAGE;;;13118224436704;23118224436701;;
Div0003;3118220000353;IMPOTS ET TAXES CARTE GRISE;;;;;;
31050019;3118220023390;FOURCHETTE FURTIF TERRE DE SIENNE 7631C VRAC + GENCOD;;;13118220023397;23118220023394;;
10010070;3118220007635;COFFRET 5 CERAMIQUE OF-SANT-C13-STEAK-EPL LAME NOIR MANCH NO;;;13118220007632;23118220007639;;
Kit0750004;3118220004733;DISPLAY 153 CERAMIQUE 1/4 PALETTE LC 60*40 LAME BLANCHE 2014;;;13118220004730;23118220004737;;
30650011;3118220006331;COUTEAU HECTOR NOIR BLACK 6 VRAC GENCOD;;;13118220006338;23118220006335;;
408730;3118224087305;Z M24 LAG BOIS COFFRET + BAND;;;13118224087302;23118224087309;;
446711;3118224467114;TRANCHELARD 29CM FORGE+BERLINGOT TB CLASSICS;;;13118224467111;23118224467118;;
306130;3118223061306;COUTEAU TABLE CURVING SATINE;;;13118223061303;23118223061300;;
21160017;3118220046863;COUTEAU DESSERT IMPERIAL + GENCOD;;;13118220046860;23118220046867;;
40020024;3118220024298;SPATULE PENDERIE INTUITION METAL SUR CARTE;;;13118220024295;23118220024292;;
Comp0740152;3118220040168;MAGNET VISUEL BLOC OP LAGUIOLE HERITAGE;;;13118220040165;23118220040162;;
20160024;3118220023352;Z FOURCHETTE OSLO DECOR KIMONO BLEU VRAC + GENCOD;;;13118220023359;23118220023356;;
422570;3390509952434;COUTEAU PAIN 20CM DESIGN;;;13390509952431;23390509952438;;
31020017;3118220020122;CUILLERE TABLE NUANCE ORANGE PASTEL PANTONE 475U;;;13118220020129;23118220020126;;
10300018;3118220013971;PAIN EXPRESSION METAL SATINE SOUS BERLINGOT;;;13118220013978;23118220013975;;
403022;3118224030226;DESOSSER 15CM FORGE POM  FX TB;;;13118224030223;23118224030220;;
Comp0054;3118220012844;COFFRET BI MAT 255 POUR 6 STEAKS LAG EVOLUTION MIROIR;;;13118220012841;23118220012848;;
Div0860006;3118220038004;MONTAGE POSAGE;;;13118220038001;23118220038008;;
136086;3118221360869;VISUEL + STICKER LINEAIRE CRF GRECE;;;;;;
301170;3118223011707;FOURCHETTE TABLE VIEUX PARIS;;;;;;
431740;3118224317402;CHEF FUSION/ADFLEX FX CDF;;;13118224317409;23118224317406;;
307280;3118223072807;CUILLERETABLE DIANE NOIRE;;;13118223072804;23118223072801;;
535814;3118225358145;M24 TROQUET LAVANDE PS POT PET;;;13118225358142;23118225358149;;
448223;3118224482230;PAIN LAG LASURE MANCHE BOIS GRISE SOUS FX COUTEAU DU CHEF T3;;;13118224482237;23118224482234;;
425263;3118224252635;M16 KYOTO BOITE LISA;;;13118224252632;23118224252639;;
10010076;3118220009189;COFFRET 3 CERAMIQUE STEAK+C15+EPL CORSE LAME BLANCHE;;;13118220009186;23118220009183;;
432310;3257981224711;OFFICE HG MIC.OLIVIER CORA;;;13257981224718;23257981224715;;
446481;3118224464816;UNIVERSEL 15CM JAPONAIS TB +BERLINGOT;;;13118224464813;23118224464810;;
31570009;3118220034440;M16 INEDIT BAMBOU ROUGE EN BOITE TB COLLECTION;;;13118220034447;23118220034444;;
314470;3118223144702;HUITRE POLYPRO SANS GARDE NOIR;;;13118223144709;23118223144706;;
445242;3118224452424;COFFRET CERAMIQUE 1 COUT LAG TABLE LAME BLANCHE MANCHE ROUGE;;;13118224452421;23118224452428;;
10960006;3118220013704;COFFRET CARTON NOIR 12 COUTEAUX AUGUSTE ABS VERT PISTACHE;;;13118220013701;23118220013708;;
436050;3118224360507;CUISINIER SEDUCTION BTE;;;13118224360504;23118224360501;;
30020285;3118220011311;CUILLERE ACIDULE TURQUOISE 3135C  VRAC NO BEE;;;13118220011318;23118220011315;;
441180;3257983102468;EPLUCHEUR ADFLEX COLORIS ASS NOIR VERT ORANGE TAUPE CORA;;;13257983102465;23257983102462;;
428620;3118224286203;HUITRE PP GARDE VIOLET+GENCOD;;;13118224286200;23118224286207;;
601690;3118226016907;MEUBLE MOBILE/VITRINE SANS PLV;;;13118226016904;23118226016901;;
41520001;3118220038400;LOUCHE LAGUIOLE INTUITION BRILLANT;;;13118220038407;23118220038404;;
20870004;3118220005730;CAFE LAG EVOLUTION MIROIR SATINE GENCOD;;;13118220005737;23118220005734;;
30363703;3614614472473;M24 TROQUET JAUNE 121C POT PET CARREFOUR;;;13614614472470;23614614472477;;
Comp0128;3118220013025;VITRINE 1300 COUVERTS (POUR BARRE DE FORCE);;;13118220013022;23118220013029;;
11980008;3118220051690;BOITE 12 STEAKS LAG HERITAGE MIF PREMIUM PAKKAWOOD;;;13118220051697;23118220051694;;
10010035;3118220004139;COFFRET 3  STEAK CERAMIQUE MANCHE UNION JACK LAME BLANCHE;;;13118220004136;23118220004133;;
442220;3118224422205;TASSE CAFE 12CL TERRACOTA MAT;;;13118224422202;23118224422209;;
444525;3118224445259;COFFRET CERAMIQUE STEAK 95MM LAME NOIRE MARQUE TB;;;13118224445256;23118224445253;;
446033;3118224460337;CAFE ACIDULE BEE TAUPE WARM GREY 8 +GENCOD;;;13118224460334;23118224460331;;
11060119;2009021779757;COUTEAU BIVOUAC AVEC ETUI ET COUVERTS SOUS BLISTER BELGIQUE;;;12009021779754;22009021779751;;
434830;3222473119202;STEAK METAL FX CASINO;;;13222473119209;23222473119206;;
448820;3610882891473;COFFRET RASE LEGUME CERAMIQUE PANACH MAISON ETE LAME BLANCHE;;;13610882891470;23610882891477;;
112141;3118221121415;CAISSETTE HUITRE 7KGS 25.5*16*H17.5CM+ COUVERCLE;;;13118221121412;23118221121419;;
Kit0750011;3118220005778;DISPLAY 140 CERAMIQUE UNION JACK-USA 1/4 PALETTE 60*40 LC;;;13118220005775;23118220005772;;
30970003;3118220012905;M24 ECUME FRAMBOISE RED 7640C POT PET;;;13118220012902;23118220012909;;
10010114;3118220010741;COFFRET 2 CERAMIQUE 1CUIS125+1OF LAME BLANC MANCHE ROUGE185C;;;13118220010748;23118220010745;;
20100008;3118220050587;DISPLAY 1/2 PAL MIX DE 36 MENAGERES LAGUIOLE HERITAGE METAL;;;13118220050584;23118220050581;;
437251;3118224372517;CAFE TOSCANE BLANC +GENCOD;;;13118224372514;23118224372511;;
30970006;3118220013483;M24 ECUME CAMPARI 485C POT PET;;;13118220013480;23118220013487;;
309832;3118223098326;LAG FERMANT 11CM BOIS NOIR;;;;;;
312070;3118223120706;COUTEAU OSLO;;;13118223120703;23118223120700;;
Comp0140010;3118220033276;MANCHE GM MANGO ANIS 382C POUR CERAMIQUE;;;13118220033273;23118220033270;;
438050;3118224380505;M24 INFINITY LAVANDE EN RANGE COUVERTS;;;13118224380502;23118224380509;;
10950004;3118220012776;COUTEAU HOMME GUY SAVOY VRAC SANS GENCOD;;;13118220012773;23118220012770;;
10350003;3367305228216;STEAK 12 CHALET FX PRADEL HERITAGE 522821;;;13367305228213;23367305228210;;
404601;3118224046012;EPLU BOIS COULEUR AVEC RIVETS;;;13118224046019;23118224046016;;
71590022;3118220036444;CASSEROLE 16CM CUISSON AVEC COUVERCLE TOP CHEF NEVERSTICK1;;;13118220036441;23118220036448;;
301691;3118223016917;CUILLERE CAFE MC GREGOR ROSE;;;;;;
30656605;3118220019270;M16 HECTOR KAKI Z 7771C;;;13118220019277;23118220019274;;
142811;3118221428118;ENSEMBLE EVERCUT ENVELOPPE-NOTICE-GARANTIE VERSION  FRANCAIS;;;13118221428115;23118221428112;;
442170;3118224421703;ASSIETTE DESSERT 20CM IVOIRE MAT;;;13118224421700;23118224421707;;
CoutPrecOffiBerl0001;3118220001558;OFFICE 7 CM PRECISION SOUS BERLINGOT;;;;;;
429580;3118224295809;COUTEAU VIEUX PARIS CHARME;;;;;;
431400;3118224314005;COUT TROQUET LAVANDE PS+GENCOD;;;13118224314002;23118224314009;;
448192;3118224481929;STEAK PS LAG LASURE CUISINE MANCHE BOIS NATUREL SOUS FX TB T;;;13118224481926;23118224481923;;
10050005;3118220004559;OFFICE EVOLUTION SENS LASURE FONCE +GENCOD;;;13118220004556;23118220004553;;
10340019;3118220025981;EPLUCHEUR LUXE M.OLIVIER + SLEEVE;;;13118220025988;23118220025985;;
30970030;3118220016422;COUTEAU ECUME TITANE BLUE 5405C VRAC GENCOD;;;13118220016429;23118220016426;;
Comp0110008;3118220038523;BOITE GM LAGUIOLE HERITAGE SANTOKU 16CM;;;13118220038520;23118220038527;;
20490002;3614613272524;M16 SOHO BRILLANT BOITE CARREFOUR;;;13614613272521;23614613272528;;
21160012;3118220027275;CUILLERE DESSERT IMPERIAL;;;13118220027272;23118220027279;;
441330;3118224413302;BARRE BAMBOU AIMANTEE 5 COUTEAUX BAMBOU;;;13118224413309;23118224413306;;
448060;3118224480601;UNIVERSEL LAME LISSE 13 ACIDULE MANCHE NOIR CARB FX T2 COUT;;;13118224480608;23118224480605;;
21350005;3118220028159;CUILLERE CAP FERRET FINITION SABLEE 18/0 CARTE PEGBORDABLE;;;13118220028156;23118220028153;;
Comp0020007;3118220019669;HUITRE AVEC GARDE ACIDULE ROUGE 185C VRAC;;;13118220019666;23118220019663;;
403712;3118224037126;CAFE MC GREGOR BLEU+GENCOD;;;13118224037123;23118224037120;;
439875;3118224398753;JAMBON LAG EXPRESSION POM FX COUTEAU DU CHEF T4;;;13118224398750;23118224398757;;
124243;3118221242431;ETAGERE PLEINE 100*34 FNAC;;;13118221242438;23118221242435;;
448742;3118224487426;FOURCHETTE EVOLUTION CUIR MARRON GLACE 438C+GENCOD;;;13118224487423;23118224487420;;
448260;3118224482605;BLOC BLANC 6 USTENSILES TITANE CUISINE ACIDULE BEE BRUME 430;;;13118224482602;23118224482609;;
313742;3118223137421;CUILLERE INFINITY PRUNE VIOLET;;;13118223137428;23118223137425;;
447961;3118224479612;COFFRET EMINCEUR 11 URBAN LAME CERAMIQUE NOIRE;;;13118224479619;23118224479616;;
30020251;3118220006614;FOURCHETTE GATEAU ACIDULE BLANC VRAC GENCOD;;;13118220006611;23118220006618;;
11510006;3118220030015;PAIN BOIS STABILISE TOP CHEF FRANCAIS FLAMAND;;;13118220030012;23118220030019;;
CoutPrecPainBerl0001;3118220001541;PAIN 22 CM PRECISION SOUS BERLINGOT;;;;;;
444446;3118224444467;COUTEAU ACIDULE BEE VIOLET 2597C +GENCOD;;;13118224444464;23118224444461;;
Comp0050007;3118220026193;BOITE TB COLLECTION VIDE + FACADE POUR M16 SENS OLIVIER;;;13118220026190;23118220026197;;
435385;3118224353851;CUILLERE BOLERO CELADON VERT+GENCOD;;;13118224353858;23118224353855;;
421260;3118224212608;M16 PCES TOSCANE BTE FORGEE (KOS) BRILLANT;;;13118224212605;23118224212602;;
30656596;3118220015876;CAFE HECTOR BOIS VRAC AVEC GENCOD;;;13118220015873;23118220015870;;
405083;3118224050835;SERV DECOU LAG VERT NACRE C.BOIS;;;13118224050832;23118224050839;;
30020015;3118220003125;COFFRET BI MAT 6 CAFES ACIDULE BEE LAG ROUGE 185C;;;13118220003122;23118220003129;;
446534;3118224465349;COUTEAU POIS INEDIT ANIS 383C;;;13118224465346;23118224465343;;
21190009;3118220024038;CAFE PAIMPOL 18/10 SUR CARTE PEGB GENCOD;;;13118220024035;23118220024032;;
Div0860013;3118220038073;OUTIL DE MARQUAGE;;;13118220038070;23118220038077;;
442303;3118224423035;LOT DE 3 BOLS TALON 14CM 40CL ARDOISE MAT;;;13118224423032;23118224423039;;
448225;3118224482254;PAIN LAG LASURE MANCHE BOIS NATUREL SOUS FX COUTEAU DU CHEF;;;13118224482251;23118224482258;;
30650016;3118220006775;FOURCHETTE HECTOR BLEU 534C VRAC GENCOD;;;13118220006772;23118220006779;;
447080;3118224470800;BOITE 12 STEAKS LAG EVOLUTION MIROIR;;;13118224470807;23118224470804;;
446851;3118224468517;CHEF 19CM FORGE BOIS BACKELISE NOIR BOITE GRISE;;;13118224468514;23118224468511;;
Div0950001;9782841236107;LIVRE RECETTES BEST OF GUY SAVOY;;;13118220020495;23118220020492;;
441620;3118224416204;EMINCEUR ABSOLU PALISSANDRE DES INDES BOITE GRISE;;;13118224416201;23118224416208;;
10424308;3118220031630;STEAK 12CM MAESTRO EN BOITE RETAIL;;;13118220031637;23118220031634;;
10010037;3118220004153;COFFRET 3CERAMIQUE CHEF+STEAK+EPL MANCHE UNION JACK LAME BLC;;;13118220004150;23118220004157;;
444610;3605753626353;M16 TROQUET GRIS POT PET ALINEA;;;13605753626350;23605753626357;;
000142;3118220001428;PRESTATION COMPTABLE;;;;;;
10170004;3118220048591;COFFRET BOIS 6 STEAK LAGUIOLE DUO ROUGE 199C;;;13118220048598;23118220048595;;
10500019;3118220044135;COUTEAU BIVOUAC EN BOITE A GLISSIERE BOIS;;;13118220044132;23118220044139;;
442180;3118224421802;ASSIETTE DESSERT 20CM ARDOISE MAT;;;13118224421809;23118224421806;;
442470;3118224424704;BTE CADEAU THERMO SERV DECOUPER 3 PCES LAG METAL;;;13118224424701;23118224424708;;
432635;3254564484098;M24 AMANDE BLANC AUCHAN;;;13254564484095;23254564484092;;
30050036;3118220050174;FOURCHETTE SENS  MULTICOLOR +GENCOD;;;13118220050171;23118220050178;;
602781;3118226027811;DOC GRAPHIC;;;13118226027818;23118226027815;;
445130;5414663285752;LOT 6 FOURCHETTES CLEO WINNY;;;15414663285759;25414663285756;;
313751;3118223137513;CAFE INFINITY LAVANDE;;;13118223137510;23118223137517;;
21370005;3118220028258;CUILLERE BREGANÇON FINITION SABLEE 18/0 CARTE PEGBORDABLE;;;13118220028255;23118220028252;;
446770;3118224467701;STEAK FORGE BOIS BACKELISE NOIR FX TB;;;13118224467708;23118224467705;;
448233;3118224482339;HUITRE A GARDE ACIDULE+GENCOD EN BOURRICHE X60;;;13118224482336;23118224482333;;
31020010;3614613272432;CAFE NUANCE BLANC VRAC GENCOD CARREFOUR;;;13614613272439;23614613272436;;
Kit0740036;3118220052888;MEUBLE BOIS COUTELLERIE TARRERIAS BONJEAN  SUR MESURE;;;13118220052885;23118220052882;;
447252;3118224472521;EPLUCHEUR BOIS NATUREL LAG EVOLUTION LASURE+ BERLINGOT;;;13118224472528;23118224472525;;
Cons0025;3118220004481;ETIQUETTE 40*200MM 6 STEAKS RECORD TUBO REF 448780;;;;;;
30020236;3118220007857;CAFE MOKA ACIDULE TURQUOISE 3135C VRAC;;;13118220007854;23118220007851;;
142814;3118221428149;ENSEMBLE EVERCUT ENVELOPPE-NOTICE-GARANTIE VERSION AUTRICHIE;;;13118221428146;23118221428143;;
439342;3118224393420;M24 BOLERO BLEU BTE CHARME;;;13118224393427;23118224393424;;
31050008;3614613272494;M16 ORIGAMI BLACK CARBONE BOITE CARREFOUR;;;13614613272491;23614613272498;;
Comp0213;3118220019201;DISPLAY 1/4 PALETTE LOW COST 17 BROCHES SIMPLES;;;13118220019208;23118220019205;;
447410;3118224474105;PAIN 19 ACIDULE  BEE BRUME 430C LAME TITANE NOIRE SOUS FX;;;13118224474102;23118224474109;;
10010136;3118220012172;COFFRET 2 CERAMIQUE CUIS13+OF GEOMIX LOSANGE LAME BLANCHE;;;13118220012179;23118220012176;;
30170036;3118220013209;CAFE LAG DUO MARINE + GENCOD;;;13118220013206;23118220013203;;
000242;3118220002425;INTERIM COMPTABLE;;;;;;
402030;3118224020302;SERV DECOUP LAG BOIS MI COF BOIS;;;13118224020309;23118224020306;;
430600;3118224306000;LAG FERMANT 11CM BOIS ASS./BLIST;;;13118224306007;23118224306004;;
313070;3118223130705;COUTEAU BOLERO ROUGE VRAC;;;;;;
10500023;3118220054035;COUTEAU DE POCHE SURICATE BOIS NATUREL MIF SS BLISTER TB;;;13118220054032;23118220054039;;
439833;3118224398333;EMINCEUR 13CM LAG EXPRESSION POM FX TB T2;;;13118224398330;23118224398337;;
432410;3118224324103;COF.LUXE6CUILLAG BOI COL/OLIV GS;;;13118224324100;23118224324107;;
Kit0120;3118220015111;EPLUCHEUR FIL Y ACIDULE BLISTER COULEUR ASSORTIE SUR CRAVATE;;;13118220015118;23118220015115;;
Kit0038;3118220002715;KIT PLV LINEAIRE COUTEAU GONDOLE BASSE CRF BELGIQUE;;;13118220002712;23118220002719;;
30140032;3118220007369;M24 MANGO FRAMBOISE 220C VRAC;;;13118220007366;23118220007363;;
Acce1060032;3118220028616;LAME AIR RAID 2019 NITROX 30/10 + ETUI + PARACOD;;;13118220028613;23118220028610;;
Kit0010;3118220001909;KIT OP DISPLAY VITRINE SYST U MISE DE BASE A;;;;;;
449203;3118224492031;FOURCHETTE SENS ROUGE 185C+GENCOD;;;13118224492038;23118224492035;;
30140008;3010006033916;CUILLERE MANGO TAUPE 7531C EURODIF;;;13010006033913;23010006033910;;
Cons0036;3118220005839;CAISSE AME. GC20 455 X 310 X 250;;;13118220005836;23118220005833;;
444480;3118224444801;COFFRET BORDEAU A FENETRE 6 STEAK LAG NOIR NACRE;;;13118224444808;23118224444805;;
80020003;3118220028296;LOT 6 VERRES PM 34 ACIDULE TURQUOISE 3135C;;;13118220028293;33118220028290;;
444456;3118224444566;FOURCHETTE ACIDULE BEE VIOLET 2597C +GENCOD;;;13118224444563;23118224444560;;
142828;3118221428286;DOCUMENTATION EVERCUT POUR PRESENTOIR VERSION SUEDOISE;;;13118221428283;23118221428280;;
10100023;3118220047945;BLOC 6 STEAKS LAG TRADITION  ABS  MULTICOLOR BOITE CADEAU;;;13118220047942;23118220047949;;
000136;3118220001367;PRESTATION DE BUREAU D'ETUDES;;;;;;
306560;3118223065601;COUTEAU TABLE ZEPHIR PARME;;;;;;
41400006;3118220027695;FOURCHETTE PENDERIE LAGUIOLE HERITAGE SENS OLIVIER SUR CARTE;;;13118220027692;23118220027699;;
30970024;3118220016361;CUILLERE ECUME TRANSPARENT VRAC GENCOD;;;13118220016368;23118220016365;;
30363704;3614614472480;6 STEAK TROQUET EN TUBO BLEU 7703C CARREFOUR;;;13614614472487;23614614472484;;
20110021;3118220029606;MOKA HERITAGE SUR CARTE PEGBORDABLE;;;13118220029603;23118220029600;;
442296;3118224422960;LOT DE 6 BOLS TALON 14CM 40CL IVOIRE MAT;;;13118224422967;23118224422964;;
31250004;3118220023734;M24 ODYSSEE TANIN 696C;;;13118220023731;23118220023738;;
306150;3118223061504;CUILLERE TABLE CURVING SATINE;;;13118223061501;23118223061508;;
30363697;3118220016125;COUTEAU TROQUET GRIS ANTHRACITE VRAC SANS GENCOD;;;13118220016122;23118220016129;;
Comp0590006;3118220049963;PIERRE DE VOLVIC 30 X 25 X 2 CM;;;13118220049960;23118220049967;;
21370002;3118220028227;M16 BREGANÇON FINITION SABLEE 18/0 BOITE PREMIUM;;;13118220028224;23118220028221;;
448120;3257984139883;STEAK FORGE POM FX CORA;;;13257984139880;23257984139887;;
418890;3118224188903;PAIN 20 FORGE BOIS BACK/FRX;;;13118224188900;23118224188907;;
439715;5414663285707;M24 TROQUET TAUPE WINNY POT PET;;;15414663285704;25414663285701;;
444895;3118224448953;M24 TROQUET PS POT PET PANACHE ROUGE-IVOIRE-TAUPE-ANIS;;;13118224448950;23118224448957;;
Div0009;3118220014596;KDO 10;;;13118220014593;23118220014590;;
Kit0740040;3118220054110;KIT IMPLANTATION 2 ELEMENTS COUVERT CARREFOUR BELGIQUE 2025;;;13118220054117;23118220054114;;
21350008;3118220031760;M24 CAP FERRET FINITION BRILLANT 18/10 BULK;;;13118220031767;23118220031764;;
315921;3118223159218;FOURCHETTE LAG EVOLUTION MIROIR VRAC;;;13118223159215;23118223159212;;
60109501;3118223006819;DECAPSULEUR LAG ABS BLEU ML;;;13118223006816;23118223006813;;
408770;3118224087701;M24 CURVING BRILLANT BTE CD LISA;;;13118224087708;23118224087705;;
30790008_SYLOB;3118220014381;M16 BOLERO METALLISE ARGENT BOITE DECO;;;13118220014388;23118220014385;;
10424300;3118220012301;MAESTRO TB FOURCHETTE BERLINGOT;;;13118220012308;23118220012305;;
30656604;3118220019263;M16 HECTOR ROUGE 1935C;;;13118220019260;23118220019267;;
433410;3118224334102;M30 OSLO BTE LISA;;;13118224334109;23118224334106;;
10300036;3118220035973;SANTUKO 18CM LAG EXPRESSION POM TB PROFESSIONNEL PACK ECOLOG;;;13118220035970;23118220035977;;
444230;3118224442302;BLOC OPEN 5 CX MULTICOLOR LAME ANTI ADHERENTE PCB6;;;13118224442309;23118224442306;;
Comp0740019;3118220021907;ENSEMBLE VISUEL ADHESIF CRF MARKET T1 ET T3 L63 STA0276;;;13118220021904;23118220021901;;
448642;3118224486429;CAFE INEDIT ECOSSAIS ROUGE +GENCOD;;;13118224486426;23118224486423;;
Comp1490003;3118220028722;BOITE TB COLLECTION VIDE + FACADE M16 CHEVRON;;;13118220028729;23118220028726;;
Emba0018;3118220002876;VISUEL PLV COUTEAUX 1M CONFORAMA DECO SUISSE;;;;;;
437220;3118224372203;COUTEAU TOSCANE NOIR +GENCOD;;;13118224372200;23118224372207;;
446396;3118224463963;COFFRET CERAMIQUE CUISINE 125MM LAME TITANE MULTICOLOR;;;13118224463960;23118224463967;;
314700;3118223147000;COUTEAU ACIDULE BEE ORANGE 1655C  VRAC;;;13118223147007;23118223147004;;
9364;3118220093645;COF BOIS 2 CTX LAG ABS GRIS ML;;;13118220093642;23118220093649;;
315232;3118223152325;EPLUCHEUR BOIS VIOLETTE 676C;;;;;;
30180004;3118220001794;CAFE INEDIT BRESIL+GENCOD;;;13118220001791;23118220001798;;
Kit0044;3118221439107;KIT PLV LINEAIRE COUTEAUX FLY SETAM FRANCE;;;13118221439104;23118221439101;;
Pres0042;3118220010246;TEST LAVE VAISSELLE INDUS +50CYCLES;;;;;;
10424277;3118220004306;FORGE PREMIUM TB N°6 POLYVALENT 15CM EVERCUT COFFRET BI MAT;;;13118220004303;23118220004300;;
Div0860033;3118220040373;TB Brigade outil decoupe santoku;;;;;;
446584;3118224465844;FOURCHETTE MANGO ROUGE 185C;;;13118224465841;23118224465848;;
30363717;3118220034976;LOT 3 CUILLERES TROQUET PANACHE ANIS-TURQ-AUBERG-ORANGE;;;13118220034973;23118220034970;;
442174;3118224421741;LOT DE 4 ASSIETTES DESSERT 20CM IVOIRE MAT;;;13118224421748;23118224421745;;
10020094;3118220017689;COFFRET BOIS SERVICE A DECOUPER FOURCH+SECAT ACIDULE ROUGE;;;13118220017686;23118220017683;;
142890;3118221428903;UTILISER KIT0051;;;13118221428900;23118221428907;;
439580;26088730;COFFRET LAG MULTICOLORS ALDI;;;1260887301;2260887308;;
314750;3118223147505;COUTEAU ACIDULE BEE BLANC  VRAC;;;13118223147502;23118223147509;;
10020105;3118220021754;STEAK LAG INTUITION METAL LAME LISSE BISEAUTE SACHET+GENCOD;;;13118220021751;23118220021758;;
11510012;3118220042230;STEAK BOIS STABILISE LAME MICRODENTE EN BERLINGOT;;;13118220042237;23118220042234;;
11700001;3118220037021;OFFICE 9CM BRIGADE TB COLLECTION PACK ECOLOGIQUE;;;13118220037028;23118220037025;;
Kit0740003;3118220022447;PLV LINEAIRE VIDE 2 ELEMENTS TATI;;;13118220022444;23118220022441;;
446141;3118224461419;DISPLAY LAG ACIDULE  BEE180 COUVERT COUL PANACH BLANC-RGE-NO;;;13118224461416;23118224461413;;
404784;3118224047842;6 FTES LAG NACRE IVOIRE COF.BOIS;;;13118224047849;23118224047846;;
238947;3222472389477;CT OFFICE 9 CM BOIS BACKELISE;;;13222472389474;23222472389471;;
Kit0138;3118220019515;DISPLAY 82 CERAMIQUE BRETAGNE 1/4 PALETTE 60*40 LC;;;13118220019512;23118220019519;;
30020274;3118223147536;CAFE ACIDULE BEE BLANC PUR VRAC;;;13118223147533;23118223147530;;
30140004;3010006034036;COFFRET 6 CUILLERES MANGO COUL ASSORTIES EURODIF;;;13010006034033;23010006034030;;
Kit0010024;3118220018341;DISPLAY 153 CERAMIQUE 1/4 PALETTE 60*40 LC;;;13118220018348;23118220018345;;
445020;3118224450208;SANTUKO MEMORY FX COUTEAU DU CHEF T3;;;13118224450205;23118224450202;;
31040013;3118220023529;CAFE DROP VERT 5487C VRAC + GENCOD;;;13118220023526;23118220023523;;
441731;3118224417317;SANTUKO EXPRESSION LAG EVOLUTION MANCHE BOIS NOIR BOITE ROUG;;;13118224417314;23118224417311;;
10640003;3118220009554;CUISINE 17 BI MAT SOFT ROUGE 200C GRIS ANTHRACITE FX COUT DU;;;13118220009551;23118220009558;;
442356;3118224423561;LOT DE 6 ASSIETTES CARREES 25CM IVOIRE MAT;;;13118224423568;23118224423565;;
11510001;3118220029927;FILET DE SOLE BOIS STABILISE TOP CHEF FRANCAIS FLAMAND;;;13118220029924;23118220029921;;
431800;3118224318003;TUBO 6 STEAK RECORD OCEAN CDF;;;13118224318000;23118224318007;;
143794;3118221437943;ETAGERE A POTS DE 100 COUVERTS STANDARD A POSER SUR EQUERRE;;;13118221437940;;;
441815;3118224418154;COFFRET 1 OFFICE CERAMIQUE 75MM SUISSE LAME BLANCHE;;;13118224418151;23118224418158;;
423710;3390509945948;FROMAGE PP BASIC EXP;;;13390509945945;23390509945942;;
30656598;3118220016477;COUTEAU HECTOR WARM GREY 11C VRAC GENCOD;;;13118220016474;23118220016471;;
Kit0043;3118221428965;KIT PLV LINEAIRE COUTEAUX H220 LINEAIRE L133 VERALEC;;;13118221428962;23118221428969;;
400580;3118224005804;FETTE GATEAU  VIEUX PARIS+GENCOD;;;;;;
260445;3222472604457;EPLUCHEUR POLYPRO;;;13222472604454;23222472604451;;
136639;3118221366397;PLV LINEAIRE COUTEAUX TB L130;;;13118221366394;23118221366391;;
428270;3118224282700;FOURCHETTE AMANDE VERT+GENCOD;;;;;;
238935;3222472389354;CT OFFICE 9 CM FORGE;;;13222472389351;23222472389358;;
143601;3118221436014;PLATEAU SUPPORT D'ECHANTILLONS 650MM 8/10;;;13118221436011;23118221436018;;
000134;3118220001343;PRESTATION DE MECANIQUE HEURES;;;;;;
433471;3118224334713;6CX LAG MARBR IV BTE FENETR BLEU;;;;;;
445243;3118224452431;COFFRET CERAMIQUE 1 COUT LAG TABLE LAME BLANCHE MANCHE PRUNE;;;13118224452438;23118224452435;;
Kit0087;3118220009486;KIT PLV LINEAIRE MIXTE COUTEAUX COUVERTS L100 MARKET;;;;;;
309822;3118223098227;LAG FERMANT 10 CM +TIRE BOUCHON BOIS NOIR VRAC;;;;;;
137654;3118221376549;VISUEL COUVERTS FLY SETAM FRANCE;;;;;;
442136;3118224421369;LOT DE 6 ASSIETTES PLATES 26CM TERRACOTA MAT;;;13118224421366;23118224421363;;
Comp0110002;3118220025103;COFFRET VIDE M16 HERITAGE BOITE LARGE 136222;;;13118220025100;23118220025107;;
1CeraStea0010001;3118220012974;COFFRET 3 STEAK DENT MANGO CERAMIQUE LAME BLANCHE PANACHE 6;;;13118220012971;23118220012978;;
437730;3118224377307;M16 TOSCANE CHARME (KOS) BRILLANT;;;13118224377304;23118224377301;;
10300020;3118220017795;BLOC MAGNETIQUE 5 COUTEAUX EXPRESSION METAL SATINE VPC;;;13118220017792;23118220017799;;
314190;3118223141909;COUTEAU DESSERT OPERA;;;;;;
448641;3118224486412;CAFE INEDIT ECOSSAIS BLEU +GENCOD;;;13118224486419;23118224486416;;
Kit0049;3118221429092;KIT PLV LINEAIRE COUTEAUX FLY 100 FRANCE;;;13118221429099;23118221429096;;
435360;3118224353608;COUTEAU BOLERO BRIQUE+GENCOD;;;13118224353605;23118224353602;;
10120083;3118220027930;COUTEAU TOP CHEF 23;;;13118220027937;23118220027934;;
10340009;3118220020832;LOT 1 OFFICE + 1 EPLUCHEUR MANCHE BOIS NATUREL + SLEEVE;;;13118220020839;23118220020836;;
30240005;3118220004450;M16 INEDIT ITALIE BOITE DECO;;;13118220004457;23118220004454;;
71590024;3118220036468;CASSEROLE 20CM CUISSON AVEC COUVERCLE TOP CHEF NEVERSTICK1;;;13118220036465;23118220036462;;
Comp0216;3118220033382;STICKER DIAM 140MM 50%;;;13118220033389;23118220033386;;
447440;3118224474402;SET DE 5 COUTEAUX EQUILIBRE JAPONAIS CDF;;;13118224474409;23118224474406;;
10424305;3118220012691;SET 5 MAESTRO EVERCUT COFFRET BI-MAT;;;13118220012698;23118220012695;;
137651;3118221376518;PLEXI DU LINEAIRE COUVERTS FLY SETAM 480*294*60MM;;;;;;
313090;3118223130903;CUILLERE BOLERO ROUGE VRAC;;;;;;
444292;3118224442920;1 DECAP LAG GRIS EN BOX PROMO 144;;;13118224442927;23118224442924;;
Kit0104;3118220014008;DISPLAY 166 CERAMIQUE VENDEE 1/4 PALETTE 60*40 LC;;;13118220014005;23118220014002;;
10020104;3118220021747;HUITRE AVEC GARDE LAGUIOLE INTUITION METAL SACHET+GENCOD;;;13118220021744;23118220021741;;
409040;3118224090404;ERGOWINE METAL BTE FENETRE;;;13118224090401;23118224090408;;
439960;3118224399606;CUISINE 16CM LAG EXPRESSION POM EN BTE TB CLASSICS;;;13118224399603;23118224399600;;
142840;3118221428408;PRESENTOIR EVERCUT;;;13118221428405;23118221428402;;
442190;3118224421901;ASSIETTE DESSERT 20CM TERRACOTA MAT;;;13118224421908;23118224421905;;
431750;3118224317501;SANTUKO FUSION/ADFLEX FX CDF;;;13118224317508;23118224317505;;
Cons0022;3118220008274;VISUEL+STICKER COUVERTS L130 CRF BELGIQUE;;;;;;
313731;3118223137315;FETTE INFINITY LAVANDE;;;13118223137312;23118223137319;;
Comp0740068;3118220025325;PLAN MERCH POUR VITRINE COUVERT GIFI 2018;;;13118220025322;23118220025329;;
31090013;3118220020146;COUTEAU STEAK POINTU INEDIT SCANDINAVE BLEU +GENCOD;;;13118220020143;23118220020140;;
418870;3118224188705;CUISINE 17 FORGE BOIS BACK/FRX;;;13118224188702;23118224188709;;
422390;3118224223901;VALISE BARBECUE METAL 12 PCES;;;13118224223908;23118224223905;;
428110;3118224281109;FETTE BACCARAT JAUNE+GENCOD;;;;;;
30530004;3118220012677;CAFE BULLE BLEU+GENCOD;;;13118220012674;23118220012671;;
Comp0740101;3118220034693;ENSEMBLE ELEMENTS GDD CENTRAKOR POUR KIT0740016;;;13118220034690;23118220034697;;
446543;3118224465431;FOURCHETTE POIS INEDIT ROUGE 485C;;;13118224465438;23118224465435;;
50020004;3118220003453;ASSIETTE CALOTTE 20CM ACIDULE ROUGE 185C;;;13118220003450;23118220003453;;
424750;3118224247501;M24 OSAKA CHARME;;;13118224247508;23118224247505;;
603035;3118226030354;PRESENTOIR QUATRE GRILLES 40*40 AVEC ROULETTES BROCHE NON CO;;;13118226030351;23118226030358;;
31020025;3118220032811;FOURCHETTE NUANCE BRUYERE VRAC GENCOD;;;13118220032818;23118220032815;;
433210;3254564698389;CHEF 19 ALLIANCE/FRX AUCHAN;;;13254564698386;23254564698383;;
30050014;3118220002999;CUILLERE EVOLUTION SENS LASURE NATUREL +GENCOD;;;13118220002996;23118220002993;;
448191;3118224481912;STEAK PS LAG LASURE CUISINE MANCHE BOIS BLANCHI SOUS FX TB;;;13118224481919;23118224481916;;
10120091;3118220028012;FUSIL A AIGUISER MECHE DIAMANT TOP CHEF;;;13118220028019;23118220028016;;
Comp0180;3118220033306;MANCHE TABLE SILICONE GALET 429C POUR COUTEAU;;;13118220033303;23118220033300;;
21290007;3118220028432;CUILLERE MAZARIN MANCHE BLANC TETE INOX BROSSE + GENCOD;;;13118220028439;23118220028436;;
313345;3118223133454;CUILLERE AMANDE BLEU VRAC;;;;;;
10210012;3118220010161;CUISINE 17 LAG LASURE MANCHE BOIS BLANCHI BOITE CADEAU;;;13118220010168;23118220010165;;
136001;3118221360012;SACHET PAPIER 42*25 EVERCUT;;;13118221360019;23118221360016;;
10010074;3118220009165;COFFRET 2 CERAMIQUE CUISINE13+OFFICE CORSE LAME BLANCHE;;;13118220009162;23118220009169;;
446901;3118224469019;JAMBON 25CM LARGE FORGE BOIS BACKELISE NOIR BOITE GRISE;;;13118224469016;23118224469013;;
433090;3254564698167;SANTUKO FORGE AUCHAN/FRX;;;13254564698164;23254564698161;;
10050035;3118220051744;HUITRE HERITAGE SENS LASURE COULEUR PANACHE X12 SUR CRAVATE;;;13118220051741;23118220051748;;
50020003;3118220003446;ASSIETTE PLATE RONDE 25CM ACIDULE TURQUOISE 3135C;;;13118220003443;23118220003440;;
Kit0750048;3118220044883;DISPLAY GRAND MODELE 1200*800 OP FIDELITE TOP CHEF 2023;;;13118220044880;23118220044887;;
447332;3118224473320;M16 PAILLE TURQUOISE BOITE DECO;;;13118224473327;23118224473324;;
439372;3118224393727;M16 PYRAMIDE FRAMBOISE EN BOITE PET;;;13118224393724;23118224393721;;
444890;3118224448908;M24 TROQUET PS POT PET PANACHE MARINE-IVOIRE-GRIS;;;13118224448905;23118224448902;;
Comp0740065;3118220025295;NOTICE DE MONTAGE  POUR VITRINE COUTEAU GIFI 2018;;;13118220025292;23118220025299;;
Div0850009;3118220056558;STYLO BLLE 4 COULEURS TB OUTDOOR;;;13118220056555;23118220056552;;
439240;3118224392409;BOUCHER BOIS ELAN FX COUTEAU DU CHEF;;;13118224392406;23118224392403;;
31760010;3118220042650;M16 SAINT GERMAIN NOIR BLEUTE EN BOITE TB PREMIUM;;;13118220042657;23118220042654;;
440150;3254565367703;CHEF 21 ELAN FX AUCHAN;;;13254565367700;23254565367707;;
10120004;3760061252837;DESOSSER 15 MAESTRO IDEAL EN BOITE CADEAU BAUMSTAL;;;13760061252834;23760061252831;;
441130;3257983102536;CHEF 21CM BI MAT SOFT FX CORA;;;13257983102533;23257983102530;;
446380;3118224463802;COFFRET CERAMIQUE 2CX 125MM ET 75 LAME TITANE BLEU;;;13118224463809;23118224463806;;
448020;3118224480205;COFFRET STEAK EQUILIBRE LAME CERAMIQUE BLANCHE MANCHE NOIR;;;13118224480202;23118224480209;;
30656591;3118220007451;M16 HECTOR MASTIC PANTONE 7536C;;;13118220007458;23118220007455;;
442326;3118224423264;LOT DE 6 EXPRESSO IVOIRE MAT;;;13118224423261;23118224423268;;
444211;3118224442111;LOT DE 4 SETS DE TABLE LAG TERRA COTA 43.5*28*0.4;;;13118224442118;23118224442115;;
11060097;3118220034273;COUTEAU FERMANT UNBOXER NOIR BLEUTE SOUS BLISTER;;;13118220034270;23118220034277;;
10430020;3118220023611;COFFRET 6 STEAK RECORD CAMAIEU NEUTRE;;;13118220023618;23118220023615;;
32070028;3616957761887;CAFE OPEN DECOR GUINGUETTE BLEU CARREFOUR HOME;;;03616955895522;03616954320599;;
136580;3118221365802;DISPLAY BLANC POUR CX LAG EXPRES MANCHE BOIS SOUS FX CDF OP;;;13118221365809;23118221365806;;
000137;3118220001374;PRESTATION DE MAINTENANCE;;;;;;
Kit0750058;3118220046313;DISPLAY GRAND MODELE 1200*800 OP FIDELITE LAG HERITAGE 2023;;;13118220046310;23118220046317;;
136508;3118221365086;MEUBLE LINEAIRE COUVERTS FLY 100 FRANCE JANUEL;;;;;;
30650001;3118220005457;COFFRET 3 COUTEAUX DE TABLE HECTOR BLANC RAL 9003;;;13118220005454;23118220005451;;
30650014;3118220006362;CAFE HECTOR NOIR BLACK 6 VRAC GENCOD;;;13118220006369;23118220006366;;
428260;3118224282601;COUTEAU AMANDE VERT+GENCOD;;;;;;
30020287;3118220013049;6 FOURCHETTES ESCARGOT ACIDULE COUL ASSORTIES BLISTER;;;13118220013046;23118220013043;;
314448;3118223144481;TRANCHER 22CM LAG EXPRESSION MANCHE BOIS NOIR LAG EVOLUTION;;;13118223144488;23118223144485;;
401780;3118224017807;2 CTX OFFICE POLYP SP/SKIN;;;13118224017804;23118224017801;;
10210003;3118220002111;CUISINE19 LASURE BOIS COUL PANACHE FX COUTEAU DU CHEF SUISSE;;;13118220002118;23118220002115;;
30202092;3614610044360;M16 TOSCANE BLANC BOITE MDD CARREFOUR;;;13614610044367;23614610044364;;
Kit0134;3118220017092;CRAVATE 12 LOTS 4 MOKA ACIDULE BLISTER COULEUR ASSORTIE;;;13118220017099;23118220017096;;
10120002;3118220010048;FOURCHETTE A DECOUPER FORGE BOIS BOITE TB HAUTE COUTELLERIE;;;13118220010045;23118220010042;;
441080;3118224410806;BLOC OPEN VIDE BOIS NYLON;;;13118224410803;23118224410800;;
31010004;3118220016637;COUTEAU REFLET METALLISE PLOMB VRAC GENCOD;;;13118220016634;23118220016631;;
31100020;3118220017399;CAFE CALICOT SCANDINAVE ROUGE 483C  VRAC GENCOD;;;13118220017396;23118220017393;;
431770;3118224317709;FRUIT/LEG FUSION/ADFLEX FX CDF;;;13118224317706;23118224317703;;
Comp0740010;3118220021471;ENSEMBLE VISUEL MAGNET ET PASTILLE CRF L66.5 STA0268;;;13118220021478;23118220021475;;
30170003;3118220001664;M24 DUO NOIR EN PANIER FIL ACIER;;;13118220001661;23118220001668;;
Comp0072;3118220009851;COFFRET BI MAT VIDE POUR BIVOUAC;;;;;;
30140007;3010006033862;FOURCHETTE MANGO TAUPE 7531C EURODIF;;;13010006033869;23010006033866;;
435384;3118224353844;CUILLERE BOLERO CHOCOLAT+GENCOD;;;13118224353841;23118224353848;;
Kit0120001;3118220028371;DISPLAY 222PCES COUTELLERIE PROFESSIONNELLE 1/8 PAL TOP CHEF;;;13118220028378;23118220028375;;
31020005;3614613272388;M16 NUANCE BLANC BOITE CARREFOUR;;;13614613272385;23614613272382;;
428851;3010005420090;CUILLERE SOHO +GENCOD EURODIF;;;13010005420097;23010005420094;;
31020013;3614613272463;CUILLERE NUANCE OPALE VERT VRAC GENCOD CARREFOUR;;;13614613272460;23614613272467;;
421803;3118224218037;M24 CURVING TRANS FRAMBOIPOT PET;;;13118224218034;23118224218031;;
123743;3118221237437;COFFRET CARTON VIDE POUR 6 CUILLERES SENS ENCOCHES DIF;;;;;;
447970;3118224479704;KIT D'IMPLATATION OP FIDELITE CASINO GAMME ACIDULE LAME TITA;;;13118224479701;23118224479708;;
Comp1210001;3118220025110;BOITE PREMIUM VIDE + FACADE POUR M16 CABOURG;;;13118220025117;23118220025114;;
427593;3118224275931;CAFE LAG NACRE BLEU MI+GENCOD;;;13118224275938;23118224275935;;
601693;3118226016938;MEUBLE MOBILE/VITRINE PLV GRAPHI;;;13118226016935;23118226016932;;
30140041;3118220013148;FOURCHETTE MANGO BLEU ACIER 5405C+GENCOD;;;13118220013145;23118220013135;;
40610001;3118220013438;FUSIL A AIGUISER ACIDULE NOIR SUR CARTE PEGB;;;13118220013435;23118220013432;;
446460;3118224464601;OFFICE 10CM JAPONAIS TB EN BOITE GRISE;;;13118224464608;23118224464605;;
448902;3118224489024;LOT 3 CUILLERES MANGO ANIS 382C;;;13118224489021;23118224489028;;
Acce1060021;3118220022225;KIT PLAQUETTES CUSTOM G10 TOXIFIEE ROUGE MARAUDEUR EN SACHET;;;13118220022222;23118220022229;;
Kit0031;3118220002821;KIT PLV LINEAIRE USTENSILES LAG L65;;;;;;
30020276;3118220010642;BOITE NEUTRE  6 MOKA ACIDULE BEE LAG COULEUR ASSORTIE;;;13118220010649;23118220010646;;
303290;3118223032900;COUTEAU DE POCHE MANCHE BOIS;;;13118223032907;23118223032904;;
124180;3118221241809;COFFRET CARTON VIDE 6 FETTES LAG HERITAGE;;;;;;
30900005;3614610044308;M16 INEDIT DECOR BOIS CLAIR MDD CARREFOUR;;;13614610044305;23614610044302;;
427190;3118224271902;CHEF 21CM FORGE BOIS+BTE DETAILLANT TB CLASSIC;;;13118224271909;23118224271906;;
10140007;3118220015340;A UTILISER POUR MANGO;;;13118220015347;23118220015344;;
445803;3118224458037;COFFRET CERAMIQUE 2CX LAG TABLE LAME NOIRE MANCHE PRUNE;;;13118224458034;23118224458031;;
448920;3118224489208;LOT 3 COUTEAUX MANGO FRAMBOISE 220C;;;13118224489205;23118224489202;;
Kit0001;3118220003545;KIT GRILLE CERAMIQUE 120PIECES LAME TITANE;;;13118220003542;;;
30170016;3118220004856;COUTEAU LAG DUO TAUPE WARM GREY 8+ GENCOD;;;13118220004853;23118220004850;;
143616;3118221436168;ETAGERE PLEINE 133*40MM;;;13118221436165;;;
31040011;3118220023505;FOURCHETTE DROP VERT 5487C VRAC + GENCOD;;;13118220023502;23118220023509;;
437240;3118224372401;CUILLERE TOSCANE NOIR +GENCOD;;;13118224372408;23118224372405;;
10210010;3118220010147;CUISINE 17 LAG LASURE MANCHE BOIS NATUREL BOITE CADEAU;;;13118220010144;23118220010141;;
449202;3118224492024;FOURCHETTE SENS BLANC PUR+GENCOD;;;13118224492021;23118224492028;;
435750;3118224357507;OFFICE SENSIO+BTE DETAILLANT TB CLASSIC;;;13118224357504;23118224357501;;
136638;3118221366380;KIT PLV LINEAIRE COUTEAUX L100 FNAC;;;13118221366387;23118221366384;;
31100017;3118220017368;COUTEAU CALICOT SCANDINAVE ROUGE 483C VRAC GENCOD;;;13118220017365;23118220017362;;
441591;3118224415917;CUILLERE ECUMOIRE RONDE TETE POLYAMIDE EXPRESSION /CARTE;;;13118224415914;23118224415911;;
Comp0740208;3118220047754;PIED GONDOLE  H115 MM  P500MM REGLABLE NOIR RAL 9005;;;13118220047751;23118220047758;;
446080;3118224460801;EPLUCHEUR LAG EVOLUTION LASURE COULEUR PANACHE;;;13118224460808;23118224460805;;
445190;3118224451908;COFFRET BI MAT 6 CX LAG MULTICOLOR HAUT DE GAMME;;;13118224451905;23118224451902;;
11510005;3118220029965;STEAK BOIS STABILISE LAME LISSE TOP CHEF FRANCAIS FLAMAND;;;13118220029962;23118220029969;;
448401;3118224484012;M48 MANGO ANTHRACITE 446C EN BOITE;;;13118224484019;23118224484016;;
443883;3118224438831;COFFRET BI MAT 6 STEAKS ACIDULE BEE LAG ROUGE 185C;;;13118224438838;23118224438835;;
448050;3118224480502;COFFRET SANTUKO EQUILIBRE LAME CERAMIQUE BLANCHE MANCHE NOIR;;;13118224480509;23118224480506;;
426325;3118224263259;SANTUKO FORGE FX COUTEAU DU CHEF SUISSE;;;13118224263256;23118224263253;;
10640012;3118220035898;OFFICE BI-MAT TB PROFESSIONNEL EN PACK ECOLOGIQUE;;;13118220035895;23118220035892;;
312030;3118223120300;COUTEAU SELECT VRAC;;;13118223120307;23118223120304;;
316012;3118223160122;PAIN 19 ACIDULE BEE MANCHE NOIR CARBONE LAME INOX;;;;;;
21290030;3118220052703;M16 MAZARIN BLANC ET DORE BOITE TB COLLECTION;;;13118220052700;23118220052707;;
441723;3118224417232;EMINCEUR EXPRESSION LAG EVOLUTION MANCHE BOIS NOIR BERLINGOT;;;13118224417239;23118224417236;;
431040;3118224310403;EVOLUTION CORNE TB+BOITE NOIRE;;;13118224310400;23118224310407;;
20020003;3118220020863;FOURCHETTE LAGUIOLE INTUITION METAL + GENCOD;;;13118220020860;23118220020867;;
441890;3118224418901;BOITE DE 12 STEAK EXPRESSION POM LAG EVOLUTION;;;13118224418908;23118224418905;;
Comp0500003;3118220033412;LAG FERMANT 10 CM +TIRE BOUCHON BOIS CLAIR VRAC;;;13118220033419;23118220033416;;
437347;3118224373477;LOT 6 TASSES+ 6 SOUCOUPES 20CL VANILLE VPC;;;13118224373474;23118224373471;;
31020023;3118220032798;CAFE NUANCE BLANC VRAC GENCOD;;;13118220032795;23118220032792;;
30970015;3118220016279;FOURCHETTE ECUME KIR 221C VRAC GENCOD;;;13118220016276;23118220016273;;
445930;3118224459300;SANTUKO 18 LAME ANTI ADH PRUNE 7664C MANCHE GRIS 7530C-PRUN;;;13118224459307;23118224459304;;
448422;3118224484227;COFFRET 4 TARTINEURS ACIDULE BLEU ACIER 5405C;;;13118224484224;23118224484221;;
10010151;3118220013414;COFFRET 4 CERAMIQUE OF+ST+C13+EP METALLISE BLEU ACI LAME BLC;;;13118220013411;23118220013418;;
446730;3118224467305;CUISINE 22CM FORGE+BTE GRISE+STICKER;;;13118224467302;23118224467309;;
40590007;3118220049703;CALE A HUITRES BOIS TB MADE IN FRANCE;;;13118220049700;23118220049707;;
Comp0043;3118220007420;MEUBLE PALETTE LAG 80*120 COUTEAUX COUVERTS SANS LES VISUELS;;;;;;
142841;3118221428415;ECRAN 8 POUCES POUR PRESENTOIR;;;13118221428412;23118221428419;;
120818;3118221208185;PLEXI DU LINEAIRE 76CM;;;;;;
Comp0740063;3118220024793;PORTE VERRE PLAT 1330 DRLX;;;13118220024790;23118220024797;;
137653;3118221376532;MEUBLE LINEAIRE COUVERTS FLY SETAM JANUEL;;;;;;
313071;3118223130712;COUTEAU BOLERO IVOIRE VRAC;;;;;;
416920;3118224169209;6 CUILL LAG METAL BOITE VPC;;;13118224169206;23118224169203;;
21530006;3118220029699;FOURCHETTE BOBINE REVETEMENT PVD NOIR MAT SUR CARTE PREMIUM;;;13118220029696;23118220029693;;
444373;3118224443736;CAFE VICHY ROUGE 185C;;;13118224443733;23118224443730;;
431300;3118224313008;CUILLERE ZEPHIR JAUNE CITRON+GENCOD;;;13118224313005;23118224313002;;
Comp0740148;3118220040120;CACHE PALETTE DISPLAY OP LAGUIOLE HERITAGE;;;13118220040127;23118220040124;;
439232;3257984128252;PAIN BOIS ELAN FX CORA;;;13257984128259;23257984128256;;
Comp0740073;3118220025646;STRUCTURE VITRINE 1300 COUTEAUX XS (POUR BARRE DE FORCE);;;13118220025643;23118220025640;;
304880;3118223048802;FOURCHETTE TABLE CURVING BRILLANT;;;13118223048809;23118223048806;;
30880008;3118220011946;M16 CANDY ROSE 218C VRAC;;;13118220011943;23118220011940;;
444990;3118224449905;STEAK MEMORY FX COUTEAU DU CHEF T1;;;13118224449902;23118224449909;;
421100;3257981027114;OFFICE 9CM INOX / FRX CORA;;;13257981027111;23257981027118;;
Kit0010023;3118220015593;DISPLAY 154 CERAMIQUE VENDEE 1/4 PALETTE 60*40 LC;;;;;;
11060011;3118220022249;COUTEAU LE MARAUDEUR MICARTA TOXIFIEE NOIR / TUBE CARTON;;;13118220022246;23118220022243;;
447220;3118224472200;CUISINE 18CM URBAN + BERLINGOT;;;13118224472207;23118224472204;;
444443;3118224444436;COUTEAU ACIDULE BEE ROSE 226C +GENCOD;;;13118224444433;23118224444430;;
Kit0108;3118220014411;KIT PLV LINEAIRE COUTEAUX L133 VERALEC 2016 OPTION TIROIR;;;13118220014418;23118220014415;;
302118;3118223021188;FOURCHETTE TABLE TROQUET IVOIRE PS;;;13118223021185;23118223021182;;
448535;3118224485354;FOURCHETTE BASTILLE NOIR+GENCOD;;;13118224485351;23118224485358;;
439720;5400247054814;M24 TROQUET ROUGE WINNY POT PET;;;15400247054811;25400247054818;;
429530;3118224295304;COUTEAU BAGUETTE CHARME;;;13118224295301;23118224295308;;
Kit0010035;3118220038882;DISPLAY 100 CERAMIQUE SILICONE PREMIUM + 8 BLOCS 1/4 PALETTE;;;13118220038889;23118220038886;;
40020025;3118220024304;FOURCHETTE PENDERIE INTUITION METAL SUR CARTE;;;13118220024301;23118220024308;;
10020128;3118220052260;BLOC UNIVERSEL PICOTS 4 COUTEAUX ACIDULE NOIR;;;13118220052267;23118220052264;;
446455;3118224464557;CAFE ESCAPADE MANDARINE +GENCOD;;;13118224464554;23118224464551;;
444753;3118224447536;COFFRET 3 CX STEAK CERAMIQUE MANCHE BLEU LAME BLANCHE;;;13118224447533;23118224447530;;
Cons0018;3118220004023;AFFICHE AIMANTEE FRONTON DISPLAY SYSTEME U;;;13118220004020;23118220004027;;
400050;3118224000502;M24 LAG NACRE BLEU COF. + BAND.MI;;;13118224000509;23118224000506;;
30980004;3118220014091;CAFE INEDIT TIE AND DYE COUL ASSORTIES+GENCOD;;;13118220014098;23118220014095;;
448193;3118224481936;STEAK PS LAG LASURE MANCHE BOIS GRISE SOUS FX COUTEAU DU CHE;;;13118224481933;23118224481930;;
21549921;3118220052369;M16 BAGATELLE PVD NOIR MAT TOP CHEF + ZESTEUR;;;13118220052366;23118220052363;;
435372;3118224353721;FOURCHETTE BOLERO BLEU+GENCOD;;;13118224353728;23118224353725;;
412560;3118224125601;M24 SOHO  BRILLANT BTE FORGE;;;13118224125608;23118224125605;;
Kit0340002;3118220046023;DISPLAY PETITE COUTELLERIE MANCHE HETRE 144P TB COLLECTION;;;13118220046020;23118220046027;;
444700;3118224447000;M16 EMPIRE BOITE LISA INOX;;;13118224447007;23118224447004;;
Comp0159;3118220015890;ENSEMBLE DE 21 COUTEAUX VRAC POUR LA VITRINE L133 KIT0126;;;13118220015897;23118220015894;;
448300;3118224483008;ROULETTE A PATE TRANSITION SACHET+GENCOD;;;13118224483005;23118224483002;;
448542;3118224485422;CUILLERE BASTILLE BOUTON D'OR 7405C+GENCOD;;;13118224485429;23118224485426;;
30020302;3118220019799;M16 ACIDULE TURQUOISE 3135C BOITE DECO SS ABEILLE;;;13118220019796;23118220019793;;
Comp1210002;3118220025592;BOITE AIMANTEE ALINEA VIDE 26*13*7POUR M16 TAVAN;;;13118220025599;23118220025596;;
10050010;3118220004603;STEAK EVOLUTION SENS LASURE CLAIR +GENCOD;;;13118220004600;23118220004607;;
Kit0082;3118220009370;DISPLAY 24 ROULETTES A PIZZA CERAMIQUE USA 3118220005914;;;;;;
10020046;3118220009028;EPLUCHEUR FIL Y ACIDULE TURQUOISE SOUS BLISTER;;;13118220009025;23118220009022;;
Div0860021;3118220038158;ETUDE BE;;;13118220038155;23118220038152;;
30020247;3118220006591;PELLE A TARTE ACIDULE BLANC VRAC GENCOD;;;13118220006598;23118220006595;;
30020300;3118220019775;M16 ACIDULE ORANGE 1655C BOITE DECO SS ABEILLE;;;13118220019772;23118220019779;;
Kit0131;3118220016194;KIT DISPLAY 1/4 PALETTE SYST U 555 COUTEAUX 2016-2017;;;13118220016191;23118220016198;;
448770;3118224487709;COFFRET 6 COUTEAUX EVOLUTION CUIR COULEUR ASSORTIE;;;13118224487706;23118224487703;;
400590;3118224005903;CT POISSON VIEUX PARIS+GENCOD;;;;;;
10424276;3118220004290;MAESTRO TB N°5 DESOSSER 14CM COFFRET BI MAT;;;13118220004297;23118220004294;;
10020051;3118220009424;BLOC UNIVERSEL PICOTS 5 COUTEAUX ACIDULE ROUGE;;;13118220009421;23118220009428;;
444320;3118224443200;M24 TROQUET TURQUOISE 3125C POT PET;;;13118224443207;23118224443204;;
Comp0116;3118220012400;PAIN EXPRESSION METAL SATINE VRAC;;;13118220012407;23118220012404;;
Comp0108;3118220012332;COFFRET BI MAT 255 VIDE POUR 6 STEAKS HERITAGE;;;13118220012339;23118220012336;;
302040;3118223020402;CUILL TABLE BACCARAT BLEU ROI;;;;;;
142825;3118221428255;DOCUMENTATION EVERCUT POUR PRESENTOIR VERSION DANOISE;;;13118221428252;23118221428259;;
21180006;3118220024045;COUTEAU COLLIOURE SUR CARTE PEGB GENCOD;;;13118220024042;23118220024049;;
438110;3118224381106;COUTEAU INFINITY PRUNE VIOLET +GENCOD;;;13118224381103;23118224381100;;
30363711;3609231257671;6 STEAK BISTROT CLASSIC BLANC POT PET  EN DISPLAY CARREFOUR;;;13609231257678;23609231257675;;
421940;3605757253074;M16 MIKADO BOITE ALINEA(KOBE);;;13605757253071;23605757253078;;
10430026;3118223028033;BOUCHER 17CM RECORD ROUGE;;;13118223028030;23118223028037;;
21290011;3118220028470;CUILLERE MAZARIN MANCHE NOIR TETE INOX BROSSE + GENCOD;;;13118220028477;23118220028474;;
403392;3118224033920;CUISINE 19CM SENSIO FX TB;;;13118224033927;23118224033924;;
444580;3605752058551;M16 TROQUET NOIR POT PET ALINEA;;;13605752058558;23605752058555;;
31100008;3118220017276;CAFE CALICOT USA VRAC GENCOD;;;13118220017273;23118220017270;;
437331;3118224373316;SOUCOUPE CAFE 12CL CHOCOLAT;;;13118224373313;23118224373310;;
302020;3118223020204;COUTEAU TABLE BACCARAT BLEU ROI;;;;;;
30202093;3614610044339;M16 TOSCANE NOIR BOITE MDD CARREFOUR;;;13614610044336;23614610044333;;
446511;3118224465110;COFFRET 6 STEAKS LAG EVOLUTION LASURE BLANC;;;13118224465117;23118224465114;;
30020316;3118220032613;CUILLERE ACIDULE ANIS WB+GENCOD;;;13118220032610;23118220032617;;
Kit0019;3118220002753;PALETTE A OP SYST U EXPRESSION;;;13118220002750;23118220002757;;
20870003;3118220005723;CUILLERE LAG EVOLUTION MIROIR SATINE GENCOD;;;13118220005720;23118220005727;;
Kit0098;3118220012851;DISPLAY BOX PROMO 27 CERAMIQUE LAME NOIRE FINLANDEK;;;13118220012858;23118220012855;;
Kit0136;3118220019430;DISPLAY 24 COFFRETS CERAMIQUE LAMES NOIRES DENTES;;;13118220019437;23118220019434;;
448103;3118224481035;CUISINE 17 ACIDULE MANCHE NOIR CARBONE SOUS FX TB T3;;;13118224481032;23118224481039;;
448790;3610882891190;COFFRET 6 STEAK LAG DUO COULEUR PANACHE MAISON ETE;;;13610882891197;23610882891194;;
315213;3118223152134;OFFICE BOIS CORAIL 485C;;;13118223152131;23118223152138;;
430941;3118224309414;COF.LUXE 6 CX LAG BOIS NOIR DET;;;13118224309411;23118224309418;;
415170;3118224151709;M18 LAGUIOLE NACRE VERT COF BOIS;;;13118224151706;23118224151703;;
Comp0740085;3118220028975;PORTE VERRE 900 INCLINE DRLX;;;13118220028972;23118220028979;;
21190007;3118220024014;FOURCHETTE PAIMPOL 18/10 SUR CARTE PEGB GENCOD;;;13118220024011;23118220024018;;
304890;3118223048901;CUILLERE TABLE CURVING BRILLANT;;;13118223048908;23118223048905;;
Kit0750022;3118220030619;DISPLAY BOIS LE MAREYEUR MADE IN FRANCE;;;13118220030616;23118220030613;;
448470;3118224484708;MALETTE LUXE 9 PCES METAL;;;13118224484705;23118224484702;;
10960057;3118220018884;TUBO NOIR 6 COUTEAUX AUGUSTE ABS GRIS POIVRE;;;13118220018881;23118220018888;;
10010089;3118220009318;COFFRET 3CERAMIQUE C15+STEAK+EPL MANCHE BASQUE LAME BLANCHE;;;13118220009315;23118220009312;;
432960;3118224329603;MALETTE LUXE DE 10 PCES METAL;;;13118224329600;23118224329607;;
447611;3118224476116;BLOC GRIS 5CX MANCHE GRIS LAME BLANCHE EN TUBE PVC;;;13118224476113;23118224476110;;
Kit0750050;3118220045002;KIT BROCHES DISPLAY GM OP FIDELITE TOP CHEF 2023;;;13118220045009;23118220045006;;
136002;3118221360029;CAISSE 4 POLYVALENT 20 EVERCUT 420*245*70 CC+40;;;13118221360026;23118221360023;;
32070010;3616957761214;FOURCHETTE OPEN DECOR FLORAL CARREFOUR HOME;;;03616955895003;03616954319982;;
427800;3118224278000;FETTE DESSERT V.PARIS SAT+GENCOD;;;;;;
402985;3118224029855;BOUCHER 21 CM FORGE  FX COUTEAU DU CHEF SUISSE;;;13118224029852;23118224029859;;
446830;3118224468302;SANTUKO 18.5CM FORGE BOIS BACKELISE NOIR FX TB;;;13118224468309;23118224468306;;
441623;3118224416235;EMINCEUR ABSOLU BOIS FX COUTEAU DU CHEF;;;13118224416232;23118224416239;;
447390;3118224473900;CUISINE 17 ACIDULE  BEE BRUME 430C LAME TITANE NOIRE SOUS FX;;;13118224473907;23118224473904;;
448912;3118224489123;LOT 3 CUILLERES MANGO TAUPE 7531C;;;13118224489120;23118224489127;;
Div0860032;3118220040298;Faux moule steak HG;;;;;;
449140;3118224491409;COFFRET EMINCEUR TRANSITION LAME BLANCHE CERAMIQUE;;;13118224491406;23118224491403;;
446595;3118224465950;CUILLERE MANGO TAUPE 7531C;;;13118224465957;23118224465954;;
11510010;3118220030053;DESOSSER 15 CM BOIS STABILISE TOP CHEF FRANCAIS FLAMAND;;;13118220030050;23118220030057;;
446996;3118224469965;M24 MANGO TURQUOISE 7467C BOITE COULEUR;;;13118224469962;23118224469969;;
30810004;3118220053588;M24  BASTILLE TOMATE 485C+GENCOD;;;13118220053585;23118220053582;;
Comp0113;3118220012363;JAMBON EXPRESSION METAL SATINE VRAC;;;13118220012360;23118220012367;;
Comp0740088;3118220029125;ENSEMBLE VISUEL MAGNET STA0340 GERS LINEAIRE 900;;;13118220029122;23118220029129;;
449090;3118224490907;BLOC 6 STEAKS ACIDULE ROUGE 185C;;;13118224490904;23118224490901;;
430960;3118224309605;BLOC NOIR 5 PCES SENSIO;;;13118224309602;23118224309609;;
436040;3118224360408;GRILLADIN SEDUCTION BTE;;;13118224360405;23118224360402;;
30050017;3118220003613;COFFRET BOIS DE 6 STEAKS LAG SENS LASURE BOIS FONCE;;;13118220003610;23118220003617;;
430270;3118224302705;6 STEAKS BLEU OCEAN BLOC INCLINE;;;13118224302702;23118224302709;;
425960;3118224259603;M24 BASTILLE VERT CHARME;;;13118224259600;23118224259607;;
445870;3118224458709;SANTOKU 19 FURTIF EVERCUT CLASSIC MANCHE NOIR BOITE RETAIL;;;13118224458706;23118224458703;;
10050011;3118220004610;OFFICE EVOLUTION SENS LASURE CLAIR +GENCOD;;;13118220004617;23118220004614;;
Comp0740086;3118220028982;VITRINE 900 COUTEAUX -TUILES (BARRE DE FORCE);;;13118220028989;23118220028986;;
302021;3118223020211;COUTEAU TABLE BACCARAT JAUNE TEN;;;;;;
419370;3118224193709;STEAK OXYGENE/FX CDF;;;13118224193706;23118224193703;;
30656593;3118220015845;COUTEAU HECTOR BOIS VRAC AVEC GENCOD;;;13118220015842;23118220015849;;
446608;3118224466087;CAFE MANGO BLANC TRANSPARENT;;;13118224466084;23118224466081;;
412670;3118224126707;6 CTX CURVING BRI LISABOX METRO;;;13118224126704;23118224126701;;
449131;3118224491317;COFFRET STEAK TRANSITION LAME NOIRE CERAMIQUE;;;13118224491314;23118224491311;;
440840;3118224408407;M24 AMANDE BLEU TURQUOISE POT PET;;;13118224408404;23118224408401;;
124251;3118221242516;VISUEL LINEAIRE COUVERT L130 LES ARTS DE LA TABLE;;;;;;
Comp0143;3118220014664;COFFRET BI MAT 255 VIDE NOIR THERMO BLANC  6 STEAKS AUGUSTE;;;13118220014661;23118220014668;;
30020012;3118220003095;COFFRET BI MAT 6 FOURCHETTES ACIDULE BEE LAG NOIR CARBONE;;;13118220003092;23118220003099;;
442276;3118224422762;LOT DE 6 MUG ARDOISE MAT;;;13118224422769;23118224422766;;
Outi1940041;3118220049949;SYMBLOT DECOUPE FORGE GM 100/100;;;;;;
443270;3118224432709;COFFRET BORDEAU A FENETRE 6 STEAK LAG ROUGE ABS MARBRE;;;13118224432706;23118224432703;;
440861;3118224408612;OFFICE EXPRESSION LAG EVOLUTION BOITE AIMANTEE GRISE;;;13118224408619;23118224408616;;
10430009;3118220015272;4 STEAKS RECORD COULEUR PANACHE SUR SKIN LCDC;;;13118220015279;23118220015276;;
10120102;3118220028814;OFFICE 9 CM FORGE EN BERLINGOT TOP CHEF AMAZON;;;13118220028811;23118220028818;;
Cons0850028;3118220044012;FOND 790*550*860 AVEC PREDECOUPE 600*400 C25R  LDC;;;13118220044019;23118220044016;;
308880;3118223088808;CAFE  BAROQUE;;;13118223088805;23118223088802;;
Comp0062;3118220009479;TUBO DIAM 60 X H 225;;;13118220009476;23118220009473;;
21549902_SYLOB;3118220030305;M16 BABYLONE FINITION GOLD MAT EN BOITE TB COLLECTION;;;13118220030302;23118220030309;;
124254;3118221242547;VISUEL+STICKER LINEAIRE COUTEAUX CORA BELGIQUE L133;;;;;;
404760;3118224047606;BARRE AIMANTEE S/COQUE COUTEAU DU CHEF;;;13118224047603;23118224047600;;
439222;3257984128245;CUISINE 17 BOIS ELAN FX CORA;;;13257984128242;23257984128249;;
447621;3118224476215;M24 MANGO ANTHRACITE 446C EN PANIER FIL ACIER PCB4;;;13118224476212;23118224476219;;
441590;3118224415900;CUILLERE ECUMOIRE RONDE TETE INOX EXPRESSION /CARTE;;;13118224415903;23118224415904;;
Emba0009;3118220008427;COFFRET BI MATIERE ROUGE 185 VIDE POUR 6 FOURCHETTES ACIDULE;;;;;;
433040;3254564698129;CUISINE 17CM FORGE AUCHAN/FRX;;;13254564698126;23254564698123;;
10120129;3118220032170;CHEF 21CM FORGE BOIS NOYER MADE IN FRANCE PACK ECOLOGIQUE;;;13118220032177;23118220032174;;
302150;3118223021508;FOURCHETTE TABLE BULLE TRANSPARE;;;;;;
10010124;3118220010840;COFFRET 3 CERAMIQUE STEAK+CHEF155+EPL LAME BLANC MANCHE VERT;;;13118220010847;23118220010844;;
444984;3118224449844;OFFICE MEMORY EN BMR;;;13118224449841;23118224449848;;
Emba0022;3118220003163;VISUEL LES INDISPENSABLES FLAMAND FRANCAIS 37.5*7.5CM;;;13118220003160;23118220003167;;
10120098;3118220028777;SANTOKU  19 CM FORGE EN BERLINGOT TOP CHEF AMAZON;;;13118220028774;23118220028771;;
Kit0400002;3118220016002;ENSEMBLE 5 COUTEAUX ABSOLU BOIS;;;13118220016009;23118220016006;;
448544;3118224485446;CUILLERE BASTILLE BLANC+GENCOD;;;13118224485443;23118224485440;;
Comp0217;3118220020092;ETUI CUIR SOMMELIER NOIR EPAIS;;;13118220020099;23118220020096;;
315233;3118223152332;EPLUCHEUR BOIS CORAIL 485C;;;;;;
Comp0110001;3118220019294;BOITE CARREFOUR VIDE M16 KOS SATINE (TOSCANE);;;13118220019291;23118220019298;;
415380;3118224153802;FETTE ZEPHIR ANIS+GENCOD;;;13118224153809;23118224153806;;
Div0860027;3118220039612;ECO PARTICIPATION DEEE MIXEUR PLONGEANT 600W;;;13118220039619;23118220039616;;
Div0008;3118220006997;ETIQUETEUSE DYMO LABELMANAGER 160;;;;;;
Comp0280001;3118220022348;STICKER GM GAMME EQUILIBRE;;;13118220022345;23118220022342;;
31020016;3118220020115;FOURCHETTE NUANCE ORANGE PASTEL PANTONE 475U;;;13118220020112;23118220020119;;
40020028;3118220025769;EPLUCHEUR FIL Y ACIDULE COLLECTION COULEUR 2.9 + GENCOD;;;13118220025766;23118220025763;;
Comp0135;3118220033177;ENSEMBLE VISUEL 6 MAGNET VERALEC GONDOLE 130;;;13118220033174;23118220033171;;
301671;3118223016719;FETTE TABLE MC GREGOR VX ROSE;;;;;;
444767;3118224447673;COFFRET 2 CERAMIQUE 125MM ET 75MM MANCHE GRIS11 LAME BLANCHE;;;13118224447670;23118224447677;;
404750;3118224047507;COUTEAU GRILL MANCHE PLAST+ SLV;;;13118224047504;23118224047501;;
430557;3118224305577;CAFE AMANDE NOIR+GENCOD;;;13118224305574;23118224305571;;
404570;3118224045701;COUTEAUX OFFICE ERGO NOIR+SLV;;;13118224045708;23118224045705;;
446607;3118224466070;CAFE MANGO PRUNE 7650C;;;13118224466077;23118224466074;;
435680;3118224356807;PAIN FORGE OLIVIER+BTE DETAILLANT TB CLASSIC;;;13118224356804;23118224356801;;
300642;3118223006420;CT LAG HUITRE ABS VERT 15/10 ML;;;13118223006427;23118223006424;;
448062;3118224480625;UNIVERSEL LAME LISSE 13 ACIDULE MANCHE ROUGE 185C FX TB T2;;;13118224480622;23118224480629;;
448010;3118224480106;COFFRET OFFICE EQUILIBRE LAME CERAMIQUE BLANCHE MANCHE NOIR;;;13118224480103;23118224480100;;
10400009;3118220037137;COFFRET 3 CTX ABSOLU MANCHE PALISSANDRE (MARAICH+EMINC+POLY);;;13118220037134;23118220037131;;
314710;3118223147109;COUTEAU ACIDULE BEE TURQUOISE 3135C  VRAC;;;13118223147106;23118223147103;;
10270001;3118220001978;COUTEAU CUISINE BACKELISE FX COUT DU CHEF SUISSE;;;13118220001975;23118220001972;;
000147;3118220001473;PRESTATION ECHANTILLONS;;;;;;
Kit0740026;3118220043763;KIT MISE A JOUR COUVERTS CORA S2 2022;;;13118220043760;23118220043767;;
10010159;3118220014046;COFFRET 3  STEAK CERAMIQUE MANCHE VENDEE LAME BLANCHE;;;13118220014043;23118220014040;;
30040020;3118220006959;M16 POIS CLASSIC BLEU MARINE 2118C;;;13118220006956;23118220006953;;
302031;3118223020310;FETTE TABLE BACCARAT JAUNE TENDR;;;;;;
443960;3118224439609;LOT 4 COUVERTS EN BTE INEDITS PEGBORDABLE VICHY ROSE 214C;;;13118224439606;23118224439603;;
Comp0750008;3118220019522;DISPLAY 1/4 PALETTE LOW COST 15 BROCHES SIMPLES PE;;;13118220019529;23118220019526;;
142822;3118221428224;DOCUMENTATION EVERCUT POUR PRESENTOIR VERSION ESPAGNOLE;;;13118221428221;23118221428228;;
438114;3118224381144;M24 INFINITY VIOLET BOITE COLLECTION DECO;;;13118224381141;23118224381148;;
117700;3118221177009;BMR MICRO BLANCHE300*140*75;;;;;;
10340011;3367302002505;LOT 2 OFFICES MANCHE BOIS NAT+SLEEVE GERS EQUIPEMENT 520694;;;;13367305206945;;
10110003;3118220029590;TARTINEUR LAGUIOLE HERITAGE FINITION SABLE SUR CARTE PEG;;;13118220029597;23118220029594;;
443910;3118224439104;COFFRET NOIR  A FENETRE 6 STEAKS LAG EVOLUTION DUO;;;13118224439101;23118224439108;;
21160006;3118220027213;COUTEAU IMPERIAL;;;13118220027210;23118220027217;;
Kit0750049;3118220044890;DISPLAY PETIT MODELE 1000*400 OP FIDELITE TOP CHEF 2023;;;13118220044897;23118220044894;;
447420;3118224474204;BLOC MAGNETIQUE NOIR VIDE PM 20*12*15CM;;;13118224474201;23118224474208;;
30090012;3010006077804;FOURCHETTE LAG POINT SELLIER IMIT CUIR TAUPE W+GENCOD EURODI;;;13010006077801;23010006077808;;
446871;3118224468715;CUISINE 25CM FORGE BOIS BACKELISE NOIR BOITE GRISE;;;13118224468712;23118224468719;;
431910;3118224319109;M16 CURVING TRANSP BLEU POT PET;;;13118224319106;23118224319103;;
10960074;3118220019058;COFFRET BI MAT 6 COUT AUGUSTE NATUREL ERABLE L INOX MAT;;;13118220019055;23118220019052;;
30910004;3118220006751;CAFE INEDIT FRANCE+GENCOD;;;13118220006758;23118220006755;;
30050013;3118220002968;FOURCHETTE EVOLUTION SENS LASURE NATUREL +GENCOD;;;13118220002968;23118220002968;;
446701;3118224467015;CHEF 30CM FORGE+BERLINGOT TB CLASSICS;;;13118224467012;23118224467019;;
30020231;3118220007802;FOURCHETTE ESCARGOT ACIDULE VIOLET 2597C VRAC;;;;;;
10020035;3118220005396;COTE DE BOEUF 12CM ACIDULE BEE MANCHE NOIR LAME INOX VRAC;;;13118220005393;23118220005390;;
313470;3118223134703;FETTE LAG INOX FORGE HERITAGE VRAC;;;13118223134700;23118223134707;;
120813;3118221208130;BANDEAU VAISSELLE LAG 63*20CM;;;13118221208137;23118221208134;;
446375;3118224463758;COFFRET CERAMIQUE 3CX EPL-95-155MM LAME TITANE BRONZE;;;13118224463755;23118224463752;;
CCA07;3118220007901;CAISSE AME. GC20 370 X 270 X 340 CODE 39-07;;;13118220007908;23118220007905;;
10960052;3118220018839;COFFRET BI MAT 6 COUTEAUX AUGUSTE ABS ROUGE GROSEILLE;;;13118220018836;23118220018833;;
11060118;2009021779740;CAC SERRATION MANCHE PA6 FV JAUNE +ETUI SOUS BLISTER BELGIQ;;;12009021779747;22009021779744;;
142824;3118221428248;DOCUMENTATION EVERCUT POUR PRESENTOIR VERSION AUTRICHIENNE;;;13118221428245;23118221428242;;
30040009;3118220006423;CAFE POIS CLASSIC ROUGE 198C VRAC GENCOD;;;13118220006420;23118220006427;;
Comp0740058;3118220023857;STRUCTURE VITRINE 1300 COUTEAUX BLANC RAL 9001;;;13118220023854;23118220023851;;
10010056;3118220005969;COFFRET 3  STEAK CERAMIQUE BLANCHE MANCHE BRETAGNE;;;13118220005966;23118220005963;;
Div0012;3118220014626;KDO 60;;;13118220014623;23118220014620;;
21190008;3118220024021;CUILLERE PAIMPOL 18/10 SUR CARTE PEGB GENCOD;;;13118220024028;23118220024025;;
10300031;3118220034716;BLOC MAGNETIQUE 5 COUTEAUX EXPRESSION LAME NOIRE;;;13118220034713;23118220034710;;
446331;3118224463314;UNIVERSEL 15 EQUILIBRE JAPONAIS CDF +BERLINGOT;;;13118224463311;23118224463318;;
10080013;3118220041042;BLOC MAGNETIQUE 4 COUTEAUX FURTIF EVERCUT;;;13118220041049;23118220041046;;
30020278;3118220010895;CUILLERE ACIDULE BEE ORANGE 1655C +GENCOD;;;13118220010892;23118220010899;;
Comp0290001;3118220022362;THERMO PM GAMME JAPONAIS;;;13118220022369;23118220022366;;
30040001;3118220003293;LOT 4 COUVERTS POIS INEDIT TAUPE GREY9;;;13118220003290;23118220003297;;
137351;3118221373517;MEUBLE DISPLAY PALETTE CERAMIQUE SOUS TRAIT A DEFINIR;;;;;;
Comp0740012;3118220021495;ENSEMBLE VISUEL MAGNET ET PASTILLE CRF L266 STA0266;;;13118220021492;23118220021499;;
442916;3118224429167;COFFRET 1 COUTEAU CERAMIQUE 155MM LAME BLANCHE MARQUE TB;;;13118224429164;23118224429161;;
422900;3390509945764;PAMPLEMOUSSE POLYPRO VRAC;;;13390509945761;23390509945768;;
445030;3118224450307;OFFICE URBAN FX COUTEAU DU CHEF T1;;;13118224450304;23118224450301;;
11000028;3118220036116;COFFRET OFF+SANTU+CUIS+BOUCHER SILICONE EN BOITE NEUTRE;;;13118220036113;23118220036110;;
32070012;3616957761191;CAFE OPEN DECOR FLORAL CARREFOUR HOME;;;03616955894990;03616954319975;;
438470;3118224384701;M24 HOKKAIDO GAZON BOITE LISA DECO;;;13118224384708;23118224384705;;
Comp0160;3118220015906;ENSEMBLE DE 12 COUTEAUX VRAC POUR LA VITRINE L66.5 KIT0127;;;;;;
436951;3118224369517;FOURCHETTE LAG GRIS NACRE+GENCOD;;;13118224369514;23118224369511;;
30090014;3118220025356;COFFRET 6 FOURCHETTES EVOLUTION CUIR COULEUR  ASSORTIES;;;13118220025353;23118220025350;;
305120;3118223051208;CUILLERE CAFE ZEPHIR FRAMBOISE;;;;;;
444771;3118224447710;COFFRET 1 OFFICE CERAMIQUE 75MM MANCHE ANIS LAME BLANCHE;;;13118224447717;23118224447714;;
404642;5414663364266;EPLUCHEUR ERGO COL PAN + SLEEVE CORA;;;15414663364263;25414663364260;;
445310;3118224453100;M16 DIANE/ARLEQUIN BOITE HABITAT;;;13118224453107;23118224453104;;
436245;3118224362457;OFFICE 9 TRANSITION FX COUTEAU DU CHEF SUISSE;;;13118224362454;23118224362451;;
311506;3118223115061;FOURCHETTE LAG LUXE BOIS CLAIR VRAC;;;13118223115068;23118223115065;;
440670;3118224406700;CAFE  ALLIANCE SACHET+GENCOD;;;13118224406707;23118224406704;;
436560;3118224365601;JAMBON FORGE+BTE GRISE+STICKER;;;13118224365608;23118224365605;;
Comp0740066;3118220025301;NOTICE DE MONTAGE  POUR VITRINE COUVERT GIFI 2018;;;13118220025308;23118220025305;;
436433;3118224364338;LAG FERMANT 12CM BOIS NATUREL EN BOITE BLANCHE NEUTRE;;;13118224364335;23118224364332;;
10020060;3118220010956;LOT DE 3 ACIDULE BEE OFFICE-EPL-STEAK COULEUR PANACHE;;;13118220010953;23118220010950;;
Comp1060001;3118220020689;ETUI TACTIQUE KYDEX MARAUDEUR AVEC ATTACHE MOLLE EN SACHET P;;;13118220020686;23118220020683;;
422320;3222472842064;SANTUKO FORGE 3 GROS/FX;;;13222472842061;23222472842068;;
441884;3118224418840;M24 BASTILLE BLEU BTE LISA;;;13118224418847;23118224418844;;
444371;3118224443712;CAFE VICHY BLEU TURQUOISE 321C;;;13118224443719;23118224443716;;
10400008;3118220036932;TUBO 6 STEAKS ABSOLU MANCHE ABS;;;13118220036939;23118220036936;;
315326;3118223153261;FOURCHETTE ACIDULE BEE ANIS 583C VRAC;;;13118223153268;23118223153265;;
40020020;3118220024250;CUILLERE PENDERIE INTUITION METAL SUR CARTE;;;13118220024257;23118220024254;;
10790003;3118220015029;BLOC CUIVRE 6 COUTEAUX BOLERO METALLISE PLOMB;;;13118220015026;23118220015023;;
432420;3118224324202;COF.LUXE6CAF LAG BOI COL/OLIV GS;;;13118224324209;23118224324206;;
445702;3118224457023;BEURRE ACIDULE BEE ROUGE 185C;;;13118224457020;23118224457027;;
Div0860014;3118220038080;OUTIL DE MONTAGE;;;13118220038087;23118220038084;;
443120;3118224431207;COFFRET BORDEAUX 6 CUILLERES METAL LAG;;;13118224431204;23118224431201;;
437000;3118224370001;CUISINE20 BAMBOO STICK BOITE DETAILLANT TB CLASSICS;;;13118224370008;23118224370005;;
20200004;3118220011861;CUILERE KOS (TOSCANE) BRILLANT+GENCOD;;;13118220011868;23118220011865;;
124245;3118221242455;BROCHE SIMPLE SANS PORTE TARIF FNAC;;;13118221242452;23118221242459;;
440120;3254565367253;STEAK ELAN FX AUCHAN;;;13254565367250;23254565367257;;
443700;3118224437001;GRILLE 72 CERAMIQUE BLANCHE ET NOIRE +TV;;;13118224437008;23118224437005;;
10020015;3118220003620;POCHE ACIDULE ROUGE 185C LAME INOX AVEC ETUI COFFRET BI MAT;;;13118220003627;23118220003624;;
10320002;3613867365549;COUTEAU A HUITRE GARDE POLYPRO MDD EN BOURRICHE DE 96;;;;23613867365543;;
10120034;3118220019911;TRANCHELARD 25CM FORGE MAESTRO IDEAL EN COFFRET BI-MAT;;;13118220019918;23118220019915;;
32210036;3617703024287;CAFE OPEN UNI COLOR VERT SAUGE CARREFOUR HOME;;;03617704528791;03617701359794;;
10270004;3118220009806;BOITE DE 12 COUTEAUX TABLE TRADITION BOIS BACKEL LAME DENTE;;;13118220009803;23118220009800;;
446061;3118224460610;OFFICE BOIS NATUREL LAG EVOLUTION LASURE +SLEEVE+GENCOD;;;13118224460617;23118224460614;;
431490;3118224314906;FETTE TROQUET JAUNE PS+GENCOD;;;13118224314903;23118224314900;;
Comp0014;3118220005440;DISPLAY 1/4 PALETTE LOW COST 15 BROCHES NOIRES;;;13118220005447;23118220005444;;
Kit0740031;3118220045835;KIT COUTELLERIE CARREFOUR DEMI ELEMENT SANS BANNIERE-FRONTON;;;13118220045832;23118220045839;;
Cons0055;3118220012127;CARTE DE VISITE GUY SAVOY 210*105MM 380G/M2;;;13118220012124;23118220012121;;
442494;3118224424940;6 STEAK TROQUET ORANGE POT PET 165C;;;13118224424947;23118224424944;;
10120180;3118220037915;PAIN 20CM GEORGES MANCHE BOIS BERLINGOT;;;13118220037912;23118220037919;;
403045;3118224030455;OFFICE 9CM FORGE FX COUTEAU DU CHEF SUISSE;;;13118224030452;23118224030459;;
30970037;3118220017191;CAFE ECUME VERT ANIS MOJITO 361C VRAC GENCOD;;;13118220017198;23118220017195;;
10280003;3118220036338;SET EQUILIBRE 3 PCES N°2 OFFICE UNIVERSEL SANTUKO;;;13118220036335;23118220036332;;
21450010;3118220031708;FOURCHETTE RIVAGE BOITE 12;;;13118220031705;23118220031702;;
314740;3118223147406;COUTEAU ACIDULE BEE GRIS 430C VRAC;;;13118223147403;23118223147400;;
10210024;3118220017702;CUISINE 17 LAG LASURE MANCHE BOIS BLANCHI EN BERLINGOT;;;13118220017709;23118220017706;;
30020338;3118220034846;CAFE ACIDULE BEE TURQUOISE 7715C VRAC;;;13118220034843;23118220034840;;
10120094;3118220028593;SET 3 COUTEAUX (OFFICE CHEF PAIN) MAESTRO IDEAL BOITE RETAIL;;;13118220028590;23118220028597;;
442585;3118224425855;OFFICE 9CM FURTIF BASIC MANCHE NOIR LAME INOX EN BOITE CADEA;;;13118224425852;23118224425859;;
404491;3118224044919;STEAK 10CM RECORD + GENCOD;;;13118224044916;23118224044913;;
442710;3118224427101;PLANCHE POLYPRO+ 2 CERAMIQUE REF441810-REF441820 LAME BLANCH;;;13118224427108;23118224427105;;
444466;3118224444665;CUILLERE ACIDULE BEE VIOLET 2597C +GENCOD;;;13118224444662;23118224444669;;
436031;3118224360316;MARAICHER SEDUCTION BERLINGOT;;;13118224360313;23118224360310;;
448891;3118224488911;LOT 3 FOURCHETTES MANGO TURQUOISE 7467C;;;13118224488918;23118224488915;;
10010173;3118220015692;COFFRET RASE LEGUME CERAMIQUE PANACHE LAME BLANCHE;;;13118220015699;23118220015696;;
31050018;3118220023383;COUTEAU FURTIF TERRE DE SIENNE 7631C VRAC + GENCOD;;;13118220023380;23118220023387;;
31100022;3118220017412;FOURCHETTE CALICOT GEOMETRIX SQUARE VRAC GENCOD;;;13118220017419;23118220017416;;
Comp0740211;3118220047785;FOND PLEIN  H400MM LGR1000MM  NOIR RAL 9005;;;13118220047782;23118220047789;;
403580;3118224035801;FTTE DECOUPER RECORD CARTE CDF;;;13118224035808;23118224035805;;
428841;3010005420175;FOURCHETTE SOHO +GENCOD EURODIF;;;13010005420172;23010005420179;;
10020062;3118220010970;COFFRET FRUIT DE MER 14PCES ACIDULE PANACHE 3 ROUGE 3 NOIR;;;13118220010977;23118220010974;;
Kit0740028;3118220044807;PLV LINEAIRE 1000 VIDE COUTEAUX ET CUISSON TOP CHEF;;;;;;
411510;3118224115107;CUIL BULLE FRAMBOISE+GENCOD;;;13118224115104;23118224115101;;
31560010;3118220034433;M16 INEDIT CHAT GRIS EN BOITE TB COLLECTION;;;13118220034430;23118220034437;;
30180001;3118220001763;COUTEAU INEDIT BRESIL+GENCOD;;;13118220001760;23118220001767;;
20110010;3118220023826;M16 LAG HERITAGE SATINE BOITE LAGUIOLE;;;13118220023823;23118220023820;;
Kit0740027;3118220044586;KIT IMPLANTATION COUTELLERIE GIFI 2022;;;13118220044583;23118220044580;;
CoutPrecChefBerl0001;3118220001534;CHEF 20 CM PRECISION SOUS BERLINGOT;;;;;;
Comp0110;3118220012356;COFFRET BI MAT 255 VIDE POUR 6 STEAKS LAG MULTICOLOR;;;13118220012353;23118220012350;;
441702;3118224417027;OFF EXPRESSION LAG EVOL MANCHE BOIS NOIR BOITE GRISE EXPORT;;;13118224417024;23118224417021;;
10020045;3118220009011;EPLUCHEUR FIL Y ACIDULE ROUGE SOUS BLISTER;;;13118220009018;23118220009015;;
31100012;3118220017313;CAFE CALICOT PIXEL VRAC GENCOD;;;13118220017310;23118220017317;;
Comp0070004;3118220039674;BOITE ECOLO GM CHEF 19CM TB COLLECTION FURTIF METAL;;;13118220039671;23118220039678;;
30303048;3118220022119;M16 LAGUIOLE EXPRESSION BOIS;;;13118220022116;23118220022113;;
421130;3257981027121;CUISINE 17CM INOX / FRX CORA;;;13257981027128;23257981027125;;
403032;3118224030325;STEAK 12CM FORGE POM  FX TB;;;13118224030322;23118224030329;;
30170007;3118220001732;M16 DUO GRIS COOL GREY 7C EN PANIER FIL ACIER;;;13118220001739;23118220001736;;
143355;3118221433556;KIT PLV LINEAIRE COUTEAUX H298 L133 ALINEA;;;13118221433553;23118221433550;;
Comp0140;3118220020313;A UTILISER;;;13118220020310;23118220020317;;
442386;3118224423868;LOT DE 6 ASSIETTES CARREES DESSERT 21CM IVOIRE MAT;;;13118224423865;23118224423862;;
30363712;3609231257688;6 STEAK BISTROT CLASSIC ROUGE POT PET  EN DISPLAY CARREFOUR;;;13609231257685;23609231257682;;
314730;3118223147307;COUTEAU ACIDULE BEE VIOLET 2597C VRAC;;;13118223147304;23118223147301;;
21040001;3118220023222;COUTEAU DROP METAL VRAC + GENCOD;;;13118220023229;23118220023226;;
315911;3118223159119;HUITRE POLYPRO ANCIEN MOD SS GARDE ORANGE 1655C;;;13118223159116;23118223159113;;
30020005;3118220001244;COFFRET BI MAT 6 COUTEAUX ACIDULE COUL ASSORTIE;;;13118220001241;23118220001248;;
10120093;3118220028067;6 COUTEAUX STEAK 12 CM  FORGE BOIS OLIVIER EN TUBO;;;13118220028064;23118220028061;;
402040;3118224020401;SERV SALADE LAG BOIS COF BOIS;;;13118224020408;23118224020405;;
10500004;3118220010291;FERMANT EXPRESSION BOIS NOIR EN BOITE;;;13118220010298;23118220010295;;
Div0860022;3118220038165;ETUDE BE + ECHANTILLONS;;;13118220038162;23118220038169;;
Kit0135;3118220018716;DISPLAY LAGUIOLE REPAS FETES 2017 1/4 PALETTE 60*40;;;13118220018713;23118220018710;;
30140037;3118220011458;FOURCHETTE MANGO CHOCOLAT 7533C VRAC;;;;;;
10000003;3118220001312;Z BLOC GRIS 5 COUTEAUX MANCHE GRIS LAME BLANC TUBE PVC VPC;;;13118220001319;23118220001316;;
10320025;3367305242120;COUTEAU STEAK PRO TOP CHEF + SLEEVE 524212;;;13367305242127;23367305242124;;
Cons0009;3118220003910;TIMBRE STICKER SYSTEME U /DISPLAY VITRINE;;;13118220003917;23118220003914;;
10010108;3118220010680;COFFRET 1 OFFICE CERAMIQUE LAME BLANCHE MANCHE BLEU 072C;;;13118220010687;23118220010684;;
Cons0081;3118220033757;REF PRO0100.LOT DE 6*150ML DESODORISANT DOSS SPRAY;;;13118220033754;23118220033751;;
448933;3118224489338;LOT 3 CAFES MANGO ROUGE 185C;;;13118224489335;23118224489332;;
446520;3118224465202;M16 VIRGULE ANIS 326C EN BOITE LISA;;;13118224465209;23118224465206;;
Kit0750013;3118220013544;DISPLAY 198 CERAMIQUE UNION JACK-USA 1/4 PALETTE 60*40 LC;;;13118220013541;;;
449100;3118224491003;COFFRET SERVICE DECOUPER C16+FETTE LAG ACIDULE ROUGE 185C;;;13118224491000;23118224491007;;
436480;3118224364802;COFFRET LUXE AIMANTE 6 CX LAG TABLE METAL INOX;;;13118224364809;23118224364806;;
30363701;3614614472459;M24 TROQUET BLEU 7703C POT PET CARREFOUR;;;13614614472456;23614614472453;;
417610;3118224176108;LAGUIOLE BOX  6 CAFES ABS MARBRE;;;13118224176105;23118224176102;;
30170019;3118220004887;CAFE LAG DUO TAUPE WARM GREY 8+ GENCOD;;;13118220004884;23118220004881;;
Comp0112;3118220012370;SANTUKO EXPRESSION METAL SATINE VRAC;;;13118220012377;23118220012374;;
433591;3010005419650;CAFE BAROQUE +GENCOD EURODIF;;;13010005419657;23010005419654;;
448752;3118224487525;CUILLERE EVOLUTION CUIR MARRON GLACE 438C+GENCOD;;;13118224487522;23118224487529;;
431450;3118224314500;FETTE TROQUET MARINE PS+GENCOD;;;13118224314507;23118224314504;;
10070025;3118220036949;TUBO 6 STEAKS FURTIF LAME BLANCHE;;;13118220036946;23118220036946;;
449223;3118224492239;CAFE SENS ROUGE 185C+GENCOD;;;13118224492236;23118224492233;;
80020004;3118220028302;LOT 6 VERRES GM 36 ACIDULE ROUGE 185C;;;13118220028309;23118220028306;;
10270014;3118220035959;COUTEAU OFFICE BACKELISE TB PROFESSIONNEL PACK ECOLOGIQUE;;;13118220035956;23118220035953;;
20160023;3118220023345;Z COUTEAU OSLO DECOR KIMONO BLEU VRAC + GENCOD;;;13118220023342;23118220023349;;
303293;3118223032931;COUTEAU DE POCHE VERT;;;;;;
10070003;3118224426302;PAIN 20CM FURTIF BASIC MANCHE NOIR LAME INOX BERLINGOT442630;;;13118224426309;23118224426306;;
124253;3118221242530;VISUEL+STICKER LINEAIRE COUVERTS L100 LES ARTS DE LA TABLE C;;;;;;
20110014;3118220023963;CAFE LAGUIOLE HERITAGE SATINE VRAC + GENCOD;;;13118220023960;23118220023967;;
30363693;3118220015470;M16 TROQUET NOIR POT PET;;;;;;
143800;3118221438001;ETIQ CARTE FIDELITE U MARQUE N°1;;;;;;
440843;3118224408438;M24 AMANDE PRUNE POT PET;;;13118224408435;23118224408432;;
Kit0128;3118220015807;DISPLAY 110 CERAMIQUE 1/4 PALETTE 60*40 LC LAME BLANC/ NOIRE;;;13118220015804;23118220015801;;
30020232;3118220007819;FOURCHETTE ESCARGOT ACIDULE TURQUOISE 3135C VRAC;;;;;;
Pres0039;3118220006164;MARQUAGE LASER SERIE;;;;;;
Cons0850007;3118220033887;PROTECTION POINTE DE LAME EN PLASTIQUE;;;13118220033884;23118220033881;;
Acce0005;3118220005501;BLOC VIDE POLYAMIDE 11*18 USA+TUBE PVC;;;13118220005508;23118220005505;;
Comp0140006;3118220033238;MANCHE PM MANGO ROUGE 185C POUR CERAMIQUE;;;13118220033235;23118220033232;;
31040019;3118220023581;FOURCHETTE DROP FRAMBOISE 7641C VRAC + GENCOD;;;13118220023588;23118220023585;;
10070005;3118220015777;BLOC NOIR +6 STEAKS FURTIF BLANC;;;13118220015774;23118220015771;;
446665;3118224466650;M24 MANGO TAUPE 7531C EN PANIER FIL ACIER;;;13118224466657;23118224466654;;
403281;3118224032817;FRUIT/LEG 17CM CHALET  FX CDF;;;13118224032814;23118224032811;;
10300023;3118220021310;SANTUKO 18CM LAG EXPRESSION POM LAME NOIRE 315890;;;13118220021317;23118220021314;;
445320;3609231249997;M16 ACIDULE ORANGE 1655C CRF;;;13609231249994;23609231249991;;
410680;3118224106808;M48 COQUILLE BTE VPC;;;13118224106805;23118224106802;;
Pres0040;3118220006171;GRAVURE LASER SERIE;;;;;;
10020059;3118220010949;LOT DE 3 ACIDULE BEE FROMAGE-EPL-BEURRE COULEUR PANACHE;;;13118220010946;23118220010943;;
416470;3118224164709;TUBO 6 FTTES LAGUIOLE TABLE GRIS;;;13118224164706;23118224164703;;
124181;3118221241816;COFFRET CARTON VIDE 6 FETTES LAG TRADITION MANCHE CLAIR;;;;;;
446011;3118224460115;FOURCHETTE ACIDULE BEE VIOLET LILAS 5145C +GENCOD;;;13118224460112;23118224460119;;
441761;3118224417614;LAG BOIS NATUREL DE POCHE EVOLUTION BOITE GRISE PM;;;13118224417611;23118224417618;;
446932;3010005419551;COUTEAU TROQUET GRIS TAUPE GENCOD EURODIF;;;13010005419558;23010005419555;;
448911;3118224489116;LOT 3 FOURCHETTES MANGO TAUPE 7531C;;;13118224489113;23118224489110;;
443350;3118224433508;M16 ESCAPADE CAFE AU LAIT BTE LISA DECO;;;13118224433505;23118224433502;;
Div0860026;3118220039605;ECO PARTICIPATION DEEE ROBOT MULTIFONCTION 3L5;;;13118220039602;23118220039609;;
448923;3118224489239;LOT 3 CAFES MANGO FRAMBOISE 220C;;;13118224489236;23118224489233;;
306580;3118223065809;CUILLERE TABLE ZEPHIR PARME;;;;;;
50020015;3118220004085;VERRE GM 36 ACIDULE TURQUOISE 3135C;;;13118220004082;23118220004089;;
313082;3118223130828;FOURCHETTE BOLERO BLEU  VRAC;;;;;;
403692;3118224036921;FETTE MC GREGOR BLEU+GENCOD;;;;;;
30020246;3118220006560;PELLE A TARTE ACIDULE NOIR CARBONE VRAC GENCOD;;;13118220006567;23118220006564;;
10300040;3118220036017;OFFICE 9CM LAG EXPRESSION POM TB PROFESSIONNEL PACK ECOLOGIQ;;;13118220036014;23118220036011;;
30101120;3118220051058;BARQUETTE DE 8 COFFRETS BOIS 6 CX LAG BOIS CLAIR TRADITION;;;13118220051055;23118220051052;;
436060;3118224360606;BOULANGER SEDUCTION BTE;;;13118224360603;23118224360600;;
41000010;3118220021280;VIDE POMME SILICONE COUL PANACHE +GENCOD;;;13118220021287;23118220021284;;
19521;3118224491102;FUSIL A AIGUISER MECHE OVALE;;;13118224491109;23118224491106;;
30790009_SYLOB;3118220014398;M16 BOLERO METALLISE PLOMB BOITE DECO;;;13118220014395;23118220014392;;
445120;5414663285769;COUTEAU CLEO WINNY;;;15414663285766;25414663285763;;
446280;3118224462805;COFFRET 4PCES OFF ANIS SANTUK ROSE CHEF ORANG DESOS TURQU LA;;;13118224462802;23118224462809;;
Comp0080001;3118220022287;OFFICE 9 FURTIF EVERCUT CLASSIC MANCHE NOIR;;;13118220022284;23118220022281;;
31100015;3118220017344;CUILLERE CALICOT SCANDINAVE NOIR VRAC GENCOD;;;13118220017341;23118220017348;;
10300011;3118220011809;TRANCHER 22 EXPRESSION METAL SATINE FOURREAU;;;13118220011806;23118220011803;;
21470004;3118220027343;CAFE PICNIC;;;13118220027340;23118220027347;;
Comp0211;3118220018754;THERMO GM DU GAMME ABSOLU;;;13118220018751;23118220018758;;
Kit0121;3118220015197;CISEAUX CUISINE BI MAT 21.3CM COUTEAU DU CHEF SUR CRAVATE;;;13118220015194;23118220015191;;
437140;3118224371404;FOURCHETTE OSLO CHARME;;;13118224371401;23118224371408;;
Kit0069;3118220006935;KIT PLV LINEAIRE VAISSELLE COUVERTS LAGUIOLE ACIDULE 2015;;;13118220006932;23118220006939;;
443281;3118224432815;COFFRET BORDEAU A FENETRE 6 FETTES LAG NACRE MARRON;;;13118224432812;23118224432819;;
445023;3118224450239;SANTUKO MEMORY BOITE GRISE;;;13118224450236;23118224450233;;
416970;3118224169704;SERVICE A DECOUPER LAG ABS MARBRE GRIS COFFRET BOIS;;;13118224169701;23118224169708;;
31100036;3118220018402;M16 CALICOT SCANDINAVE NOIR BOITE DECO;;;13118220018409;23118220018406;;
Comp0131;3118220013520;VITRINE 1300 COUTEAUX (POUR BARRE DE FORCE);;;;;;
441730;3118224417300;SANTUKO EXPRESSION LAG EVOLUTION MANCHE BOIS NOIR BOITE GRIS;;;13118224417307;23118224417304;;
449050;3118224490501;SPATULE PENDERIE ACIDULE COUL ASS SUR CARTE;;;13118224490508;23118224490505;;
21290013;3118220030299;M16 REVEL (MAZARIN) NOIR ET DORE BOITE TB COLLECTION;;;13118220030296;23118220030293;;
445080;5414663285721;6 STEAK TROQUET MARINE WINNY;;;15414663285728;25414663285725;;
10460004;3118220025028;COFFRET 5 PRADEL PROFESSIONNEL;;;13118220025025;23118220025022;;
400012;3118224000120;M24 LAG BLEU MARBRE COF CADEAU;;;13118224000127;23118224000124;;
428200;3118224282007;CUILL BACCARAT NOIR+GENCOD;;;;;;
Cons0058;3118220033573;PALETTE EXPEDITION LEGERE 150 X 100 CM;;;13118220033570;23118220033577;;
31010003;3118220014398;M16 REFLET METALLISE PLOMB BOITE DECO LISA;;;13118220014395;23118220014392;;
Comp0174;3118220016903;ETUI NOIR POUR COFFRET BI MAT GM FURTIF-MAESTRO EVERCUT;;;;;;
20020002;3118220020856;COUTEAU LAGUIOLE INTUITION METAL + GENCOD;;;13118220020853;23118220020850;;
Comp0037;3118220006256;PRESENTOIR 1000X400 VITRINE;;;;;;
143603;3118221436038;EQUERRE DE LA TABLETTE 1330MM;;;13118221436035;23118221436032;;
Comp0149;3118220015418;COFFRET PLEXIGLAS ACRYLIQUE VIDE POUR 6 COUTEAUX GS HOMME;;;;;;
444765;3118224447659;COFFRET 2 CERAMIQUE 125MM ET 75MM PANACHE LAME BLANCHE;;;13118224447656;23118224447653;;
444730;3118224447307;M16 ACIDULE BEE ROUGE FEU 185C BTE LARGE;;;13118224447304;23118224447301;;
433020;3254564698082;OFFICE 9 CM FORGE AUCHAN/FRX;;;13254564698089;23254564698086;;
446457;3118224464571;CAFE ESCAPADE CAFE AU LAIT +GENCOD;;;13118224464578;23118224464575;;
Comp0740016;3118220015951;ENSEMBLE VISUEL MAGNET ET PASTILLE SYST L133 STA0272;;;;;;
30970021;3118220016330;CAFE ECUME BLEU CURACAO 313C VRAC GENCOD;;;13118220016337;23118220016334;;
124284;3118221242844;VISUEL BAC CLEO TYPO2 SANS MAZAGRAN ET MOKA;;;13118221242841;;;
31020004;3118220015180;M16 NUANCE OPALE VERT BOITE LISA;;;13118220015187;23118220015184;;
143602;3118221436021;TABLETTE SUPPORT CAISSON DE 4 CASIERS 270*1330MM;;;13118221436028;23118221436025;;
431582;3118224315828;CUILLERE TROQUET ABRICOT PS+GENCOD;;;13118224315825;23118224315822;;
437470;3118224374702;M24 LAG CHOCOLAT BOITE LAG PM;;;13118224374709;23118224374706;;
10010042;3118220004757;COFFRET 4 STEAK CERAMIQUE LAME BLANCHE MANCHE COUL ASSORTI;;;13118220004754;23118220004751;;
30140034;3118220007383;M24 MANGO TURQUOISE 7467C VRAC;;;13118220007380;23118220007387;;
442400;3118224424001;ASSIETTE CARREE DESSERT 21CM TERRACOTA MAT;;;13118224424008;23118224424005;;
10020076;3118220013872;CISAILLE A CRUSTACES ACIDULE ROUGE SUR CARTE;;;13118220013879;23118220013876;;
433581;3010005419667;CUILLERE BAROQUE +GENCOD EURODIF;;;13010005419664;23010005419661;;
123731;3118221237314;COFFRET CARTON VIDE POUR 6 STEAKS FORGE;;;;;;
449180;3118224491805;COFFRET 6 STEAK SENS BLANC ET ROUGE;;;13118224491802;23118224491809;;
136061;3118221360616;BOITE VIDE M24 LISA ALBAN COLLECTION INOX;;;;;;
10010145;3118220013001;COFFRET 4CERAMIQUE OF+ST+C13+EP METALLISE TIE AND DYE LAM NO;;;13118220013008;23118220013005;;
50020007;3118220003484;ASSIETTE DESSERT 20CM ACIDULE ROUGE 185C;;;13118220003481;23118220003488;;
444250;3118224442500;LOT DE 4 STEAKS ECO NOIR VENDU EN BOX PROMO 96 LOTS;;;13118224442507;23118224442504;;
313752;3118223137520;CAFE INFINITY PRUNE VIOLET;;;13118223137527;23118223137524;;
30170034;3118220013186;FOURCHETTE LAG DUO MARINE + GENCOD;;;13118220013183;23118220013180;;
418811;3222473032501;BLOC 5 CTX METAL + 1 HACHOIR + 1 FUSIL CASINO;;;13222473032508;23222473032505;;
10650019;3118220028081;6 STEAKS HECTOR  ARDOISE (GRIS FONCE)COOL GREY 11C BOITE VPC;;;13118220028088;23118220028085;;
20870006;3118220018556;M16 LAG EVOLUTION MIROIR SATINE VRAC;;;13118220018553;23118220018550;;
313092;3118223130927;CUILLERE BOLERO BLEU VRAC;;;;;;
416930;3118224169308;6 CAFES LAG METAL BOITE VPC;;;13118224169305;23118224169302;;
314843;3118223148434;CAFE ACIDULE BEE VIOLET 5145C  VRAC;;;13118223148431;23118223148438;;
10010183;3118220019492;COFFRET 1 CHEF15 MANGO CERAMIQUE LAME BLANCHE PANACHE 6 COUL;;;13118220019499;23118220019496;;
124252;3118221242523;VISUEL+STICKER LINEAIRE ALINEA L120;;;13118221242520;23118221242527;;
10010014;3118220001619;COFFRET 3 CERAMIQUE 155MM+95MM+EP MANCHE ROSE213C LAME BLANC;;;13118220001616;23118220001613;;
446544;3118224465448;FOURCHETTE POIS INEDIT ANIS 383C;;;13118224465445;23118224465442;;
Cons0071;3118220033689;BAC SILVERLINE 2772/000314-412002 600*400*270MM GREY 412;;;13118220033686;23118220033683;;
Comp0138;3118220013834;COFFRET BI MAT VIDE POUR M16 HECTOR;;;13118220013831;23118220013838;;
Kit0093;3118220011519;DISPLAY 36 CERAMIQUE FINLANDEK LAME NOIRE;;;13118220011516;23118220011513;;
20160011;3118220010468;M16 OSLO CUIVRE EN BOITE;;;13118220010465;23118220010462;;
446063;3118224460634;OFFICE BOIS GRIS LAG EVOLUTION LASURE +SLEEVE+GENCOD;;;13118224460631;23118224460638;;
41520004;3118220047891;SET FOIE GRAS 4 PCS LAG INTUITION INOX BRILLANT BOITE CADEAU;;;13118220047898;23118220047895;;
11700011;3118220037205;PAIN 22CM BRIGADE TB COLLECTION;;;13118220037202;23118220037209;;
Kit0740014;3118220035058;KIT CORA 2020 1 ELEMENT;;;13118220035055;23118220035052;;
446083;3118224460832;EPLUCHEUR LAG EVOLUTION LASURE GRIS+GENCOD;;;13118224460839;23118224460836;;
Comp0740045;3118220021372;TUILE DE PRESENTATION COUVERTS PETIT MODELE POUR VITRINE;;;13118220021379;23118220021376;;
427980;3118224279809;FOURCHETTE TABLE TOSCANE NE + UTILISER;;;13118224279806;23118224279803;;
409350;3118224093504;M24 BULLES BLEU POT PET;;;13118224093501;23118224093508;;
31100032;3118220018082;M16 CALICOT UNION JACK BOITE DECO;;;13118220018089;23118220018086;;
403402;3118224034026;FRUIT LEG 17CM SENSIO FX TB;;;13118224034023;23118224034020;;
444914;3118224449141;M16 ZEPHIR ROUGE 032C POT PET;;;13118224449148;23118224449145;;
443880;3118224438800;COFFRET BI MAT 255 6 STEAKS ACIDULE BEE LAG TRANSP MULTIC;;;13118224438807;23118224438804;;
142898;3118221428989;KIT PLV LINEAIRE COUTEAUX H153 GONDOLE BASSE L266 CRF GRECE;;;13118221428986;23118221428983;;
31020001;3118220015159;M16 NUANCE BRUYERE VIOLINE BOITE LISA;;;13118220015156;23118220015153;;
437241;3118224372418;CUILLERE TOSCANE BLANC +GENCOD;;;13118224372415;23118224372412;;
446382;3118224463826;COFFRET CERAMIQUE CX 155MM LAME TITANE BLEU;;;13118224463823;23118224463820;;
10600001;3222475611452;BLOC NOIR 5 COUTEAUX MANCHE NOIR LAME NOIRE TUBE PVC CASINO;;;13222475611459;23222475611456;;
442822;3118224428221;6 STEAK TROQUET IVOIRE EN DISPLAY DE 12;;;13118224428228;23118224428225;;
Comp0056;3118220009080;ENSEMBLE VISUEL MAGNET COUTEAUX L266 2015;;;13118220009087;23118220009084;;
421570;3118224215708;COFFRET BOIS/LAG DES CIMES 12 CM;;;13118224215705;23118224215702;;
431420;3118224314203;CUIL TROQUET LAVANDE PS+GENCOD;;;13118224314200;23118224314207;;
111550;3118221115506;EQUERRE GM 1120MM 155 INTER DD11 10/10 VERSION BASSE;;;;;;
10500035;3118220057333;COUTEAU DE POCHE SURICATE BOIS VERT JONC MIF SS BLISTER TB;;;13118220057330;23118220057337;;
10020086;3118220014268;Z BLOC UNIVERSEL PICOTS 5 COUTEAUX ACIDULE ROUGE VPC;;;13118220014265;23118220014262;;
20390003;3118220011267;FOURCHETTE NEW TRANSITION+GENCOD;;;13118220011264;23118220011261;;
10190002;3118220012806;OFFICE INEDIT USA+SLEEVE+GENCOD;;;13118220012803;23118220012800;;
Comp1230004;3118220026407;BOITE VIDE LAGUIOLE HERITAGE POUR M16 FORGE;;;13118220026404;23118220026401;;
449070;3118224490709;CUILLERE PENDERIE ACIDULE COUL ASS SUR CARTE;;;13118224490706;23118224490703;;
Comp1230001;3118220022683;PLATEAU GENERIQUE 495*695MM 12 POSES LE COUTEAU DU CHEF;;;13118220022680;23118220022687;;
430020;3118224300206;M24 MORPHING BTE LISA;;;13118224300203;23118224300200;;
10010140;3118220012950;COFFRET OF+CUIS DENT MANGO CERAMIQUE LAME BLANCHE PANACHE 6;;;13118220012957;23118220012954;;
420100;3118224201008;M16 PC BAROQUE;;;13118224201005;23118224201002;;
10960051;3118220018822;COFFRET BI MAT 6 COUTEAUX AUGUSTE ABS MARRON GLACE;;;13118220018829;23118220018826;;
Comp0038;3118220007277;BARRE DE FORCE 1210 BOUTIQUE LAGUIOLE PARIS;;;13118220007274;23118220007271;;
10960014;3118220014992;COUTEAU AUGUSTE PREMIUM POM GRIS PAVOT L INOX MAT BERLINGOT;;;13118220014999;23118220014996;;
10960061;3118220018921;COFFRET BI MAT 6 COUT AUGUSTE PREMIUM POM NOIR CAVIAR L MAT;;;13118220018928;23118220018925;;
Cons0070;3118220033672;BAC BASICLINE 2742-400*300*270MM RAL7012 AVEC 2 GENCODS;;;13118220033679;23118220033676;;
30040005;3118220003347;LOT 4 COUVERTS POIS INEDIT ANIS 383C;;;13118220003344;23118220003341;;
Comp0740218;3118220047853;EMBOUT POUR BARRE DE FORCE 1000MM;;;13118220047850;23118220047857;;
446461;3118224464618;OFFICE 10CM JAPONAIS TB +BERLINGOT;;;13118224464615;23118224464612;;
Cons0850023;3118220040199;BANDE MAGNETIQUE ADHESIVE;;;13118220040196;23118220040193;;
313732;3118223137322;FETTE INFINITY PRUNE VIOLET;;;13118223137329;23118223137326;;
400051;3118224000519;M24 LAG NACRE VERT COF + BAND.MI;;;13118224000516;23118224000513;;
427220;3118224272206;CUISINE 17 FORGE BOIS+BTE DETAILLANT TB CLASSIC;;;13118224272203;23118224272200;;
Comp0740035;3118220019768;VITRINE 1000 COUTEAUX (POUR BARRE DE FORCE);;;13118220019765;23118220019762;;
Comp0140005;3118220033221;MANCHE PM MANGO FRAMBOISE 220C POUR CERAMIQUE;;;13118220033228;23118220033225;;
404532;3118224045329;OFFICE BOIS COULEUR RIVET + SLEEVE;;;13118224045326;23118224045323;;
11010002;3118220014978;BLOC PLOMB 6 COUTEAUX REFLET METALLISE ARGENT;;;13118220014975;23118220014972;;
10300024;3118220021327;CHEF 20CM LAG EXPRESSION POM LAME NOIRE 315900;;;13118220021324;23118220021321;;
Kit0107;3118220014404;KIT PLV LINEAIRE COUTEAUX L133 VERALEC 2016;;;;;;
30190007;3061006449382;STEAK POINTU INEDIT USA+GENCOD EURODIF;;;13061006449389;23061006449386;;
Comp0157;3118220015838;DISPLAY 1/4 PALETTE LOW COST 7 BROCHES SIMPLES CERAMIQUE;;;;;;
Kit0059;3118220005037;KIT PLV LINEAIRE COUTEAUX H160 L100 CONFORAMA2014 PAS DE BAC;;;13118220005034;23118220005031;;
30020281;3118220010925;CUILLERE ACIDULE BEE ORANGE 1655C +GENCOD;;;;;;
Comp0006;3118220008083;DEPLIANT 3 VOLETS FLYER ART TABLE 2014 20*59.5OUVERT 300G/M2;;;;;;
446472;3118224464724;DEBA 10.5CM JAPONAIS TB FX TB T3;;;13118224464721;23118224464728;;
443615;3118224436158;BLOC MAGNETIQUE 5 COUTEAUX MANCHE BLANC;;;13118224436155;23118224436152;;
444370;3118224443705;CAFE VICHY ROSE 214C;;;13118224443702;23118224443709;;
418840;3118224188408;OFFICE 9CM FORGE BOIS BACK/FRX;;;13118224188405;23118224188402;;
314870;3118223148700;STEAK 11CM METAL 15/10 URBAN;;;;;;
446502;3118224465028;YANAGIBA 21CM JAPONAIS TB FX TB T4;;;13118224465025;23118224465022;;
40020026;3118220025745;FOUET ACIDULE COLLECTION COULEUR 2.9 + GENCOD;;;13118220025742;23118220025749;;
405350;3118224053508;LOT 20 POCHETTES RINCE DOIGTS;;;13118224053505;23118224053502;;
142826;3118221428262;DOCUMENTATION EVERCUT POUR PRESENTOIR VERSION HEBREUX;;;13118221428269;23118221428266;;
435320;3118224353202;CAFE OSLO+GENCOD;;;13118224353209;23118224353206;;
404521;3118224045213;CT OFFICE BOIS NATUREL + SLEEVE;;;13118224045210;23118224045217;;
437230;3118224372302;FOURCHETTE TOSCANE NOIR +GENCOD;;;13118224372309;23118224372306;;
123735;3118221237352;COFFRET CARTON VIDE POUR 6 STEAKS ACIDULE;;;;;;
442491;3118224424919;6 STEAK TROQUET ROUGE POT PET;;;13118224424916;23118224424913;;
430537;3118224305379;FETTE AMANDE NOIR+GENCOD;;;13118224305376;23118224305373;;
Emba0032;3118220003255;COFFRET BI MAT BLEU 3025C VIDE 6 STEAKS HERITAGE;;;;;;
30020303;3118220019805;M16 ACIDULE ANIS 583C BOITE DECO SS ABEILLE;;;13118220019802;23118220019809;;
442380;3118224423806;ASSIETTE CARREE DESSERT 21CM IVOIRE MAT;;;13118224423803;23118224423800;;
442126;3118224421260;LOT DE 6 ASSIETTES PLATES 26CM ARDOISE MAT;;;13118224421267;23118224421264;;
440000;3118224400005;SET 2 COUTEAUX CERAMIQUE LAME BLANCHE;;;13118224400002;23118224400009;;
410210;3118224102107;M24 OSAKA NOIR BOITE LISA;;;13118224102104;23118224102101;;
20110018;3118220028517;CUILLERE LAGUIOLE HERITAGE FINITION SABLE CARTE PEGB GENCOD;;;13118220028514;23118220028511;;
446372;3118224463727;COFFRET CERAMIQUE CX 155MM LAME TITANE BRONZE;;;13118224463724;23118224463721;;
428030;3118224280300;FOURCHETTE TABLE  ISLANDE+GENCOD;;;13118224280307;23118224280304;;
10010019;3118220002074;COFFRET OFFICE CERAMIQUE PANA MAISON ETE BELGIQ LAME BLANCHE;;;13118220002071;23118220002078;;
10424309;3118220031647;CUISINE 15CM MAESTRO EN BOITE RETAIL;;;13118220031644;23118220031641;;
438130;3118224381304;COUTEAU INFINITY ROSE +GENCOD;;;13118224381301;23118224381308;;
403414;3118224034149;STEAK 12CM SENSIO LAME FUSCHIA FX COUTEAU DU CHEF;;;13118224034146;23118224034143;;
10010143;3118220012981;COFFRET 3 STEAK LISSE MANGO CERAMIQUE LAME BLANCHE PANACHE 6;;;13118220012988;23118220012985;;
441613;3118224416136;GRILLADIN ABSOLU BOIS FX COUTEAU DU CHEF;;;13118224416133;23118224416130;;
430630;3118224306307;LAG EVOLUTION  BOIS ASSORTI BLISTER;;;13118224306304;23118224306301;;
10960078;3118220019096;TUBO NOIR 6 COUT AUGUSTE NATUREL CHENE VERT LAME INOX MAT;;;13118220019093;23118220019090;;
30880001;3118220006522;COUTEAU CANDY ROSE VRAC GENCOD;;;13118220006529;23118220006526;;
313335;3118223133355;FETTE AMANDE BLEU VRAC;;;13118223133352;23118223133359;;
448280;3118224482803;M18 PERLE EN COFFRET BOIS;;;13118224482800;23118224482807;;
428010;3118224280102;COUTEAU STEAK  ISLANDE+GENCOD;;;13118224280109;23118224280106;;
31100005;3118220017245;COUTEAU CALICOT USA VRAC GENCOD;;;13118220017242;23118220017249;;
431730;3118224317303;PAIN FUSION/ADFLEX FX CDF;;;13118224317300;23118224317307;;
31020012;3614613272456;FOURCHETTE NUANCE OPALE VERT VRAC GENCOD CARREFOUR;;;13614613272453;23614613272450;;
436282;3257984128177;SANTUKO 17 TRANSITION FX CORA;;;13257984128174;23257984128171;;
449171;3118224491713;COFFRET SANTOKU  TRANSITION LAME NOIRE CERAMIQUE;;;13118224491710;23118224491717;;
30170045;3118220047259;M16 LAGUIOLE DUO BRONZE 5615C EN BOITE LAGUIOLE HERITAGE;;;13118220047256;23118220047253;;
137432;3118221374323;KIT PLV LINEAIRE COUTEAUX L133 AVEC POTS DE PRESENTATION;;;13118221374320;23118221374327;;
427520;3118224275207;LOT 1 OF BOIS+1 EPLU BOIS EN BOX PROMO;;;13118224275204;23118224275201;;
439920;3118224399200;OFFICE 9CM LAG EXPRESSION POM EN BTE TB CLASSICS;;;13118224399207;23118224399204;;
447370;3118224473702;EMINCEUR 13 ACIDULE  BEE BRUME 430C LAME TITANE NOIRE SOUS B;;;13118224473709;23118224473706;;
Kit0084;3118220009394;DISPLAY 24 ROULETTES A PIZZA CERAMIQUE ITALIE 3118220006386;;;;;;
416200;3390509975365;6 FTTES CLEO 18% 10/10 NUMERO 1;;;13390509975362;23390509975369;;
446550;3118224465509;CUILLERE POIS INEDIT ROSE 7424C;;;13118224465506;23118224465503;;
448180;3257984139920;OFFICE HG OLIVIER SLEEVE CORA;;;13257984139927;23257984139924;;
21520058;3118220050150;TARTINEUR LAGUIOLE INTUITION SATINE + GENCOD;;;13118220050157;23118220050154;;
430276;3118224302767;6 STEAKS ANIS BLOC INCLINE LOT 1OF 1 EPLU ERGO BLEU;;;13118224302764;23118224302761;;
416910;3118224169100;6 FTTES LAG METAL BOITE VPC;;;13118224169107;23118224169104;;
31100037;3118220018419;M16 CALICOT GEOMETRIX SQUARE BOITE DECO;;;13118220018416;23118220018413;;
Pres0010;3118220000292;TEST DE COUPE DYNAMOMETRIQUE;;;;;;
315983;3118223159836;FRUIT/LEG 14 ACIDULE BEE MANCHE ROUGE LAME INOX;;;13118223159833;23118223159830;;
10120099;3118220028784;FOURCHETTE FORGE EN BERLINGOT TOP CHEF AMAZON;;;13118220028781;23118220028788;;
Comp0048;3118220011571;BOITE VIDE M48 RIVAGE TB COLLECTION;;;13118220011578;23118220011575;;
10010121;3118220010819;COFFRET 3 STEAK CERAMIQUE LAME BLANCHE MANCHE VERT 3275C;;;13118220010816;23118220010813;;
447951;3118224479513;COFFRET SANTOKU  12 URBAN LAME CERAMIQUE NOIRE;;;13118224479510;23118224479517;;
10424274;3118220004276;MAESTRO TB N°3 SANTUKO 13CM EVERCUT COFFRET BI MAT;;;13118220004273;23118220004270;;
Cons0850024;3118220008298;CARNET IMPRIME TB DUPLI 14.8*21ORIENTATION PORTRAIT N°1A50;;;;;;
444590;3605752058957;M16 TROQUET ROUGE POT PET ALINEA;;;13605752058954;23605752058951;;
11060124;3118220042834;BAROUDEUR KAKI LAME AJOUREE +COUVERTS SS GAINE+SACHET PLAST.;;;13118220042831;23118220042838;;
447200;3118224472002;STEAK URBAN + BERLINGOT;;;13118224472009;23118224472006;;
20840002;3118220036581;TOUT VENANT INOX;;;13118220036588;23118220036585;;
436260;3118224362600;PAIN TRANSITION FX  COUTEAU DU CHEF;;;13118224362607;23118224362604;;
31250003;3118220023727;M24 ODYSSEE MYRTILLE 7666C;;;13118220023724;23118220023721;;
21530003;3118220029668;COUTEAU BOBINE REVETEMENT PVD NOIR BRILLANT CARTE PREMIUM;;;13118220029665;23118220029662;;
428190;3118224281901;FETTE BACCARAT NOIR+GENCOD;;;;;;
441650;3118224416501;BOULANGER ABSOLU PALISSANDRE DES INDES BOITE GRISE;;;13118224416508;23118224416505;;
416972;3118224169728;SERV A DEC LAG ABS MARBRE VERT COF BOIS;;;13118224169725;23118224169722;;
437341;3118224373415;SOUCOUPE MIXTE 20CL VANILLE;;;13118224373412;23118224373419;;
448931;3118224489314;LOT 3 FOURCHETTES MANGO ROUGE 185C;;;13118224489311;23118224489318;;
30970026;3118220016385;COUTEAU ECUME OLIVE GREEN 5763C VRAC GENCOD;;;13118220016382;23118220016389;;
Comp0340001;3118220021778;ETIQUETTE CODEBARRE GERS EQUIPEMENT 523585;;;13118220021775;23118220021772;;
142895;3118221428958;KIT PLV LINEAIRE COUTEAU H153 GONDOLE BASSE L133 CRF BELGIQU;;;13118221428955;23118221428952;;
10960058;3118220018891;TUBO NOIR 6 COUTEAUX AUGUSTE ABS MARRON GLACE;;;13118220018898;23118220018895;;
30250001;3118220002487;COUTEAU INEDIT NORVEGE+GENCOD;;;13118220002484;23118220002481;;
421392;3596710291731;M24 AMANDE LILAS  EN POT PET;;;13596710291738;23596710291735;;
124256;3118221242561;VISUEL+STICKER LINEAIRE COUTEAUX CORA FRANCE L133 3 BACS DE;;;;;;
20160032;3118220025905;M16 OSLO DECOR KIMONO BLEU TB COLLECTION;;;13118220025902;23118220025909;;
Comp0086;3118220010604;COFFRET BI MAT VIDE SANTUKO 18 MAESTRO EVERCUT+ETUI+STICKER;;;;;;
112210;3118221122108;PRESENTOIR 8 BOURRICHES;;;13118221122105;23118221122102;;
314752;3118223147529;CUILLERE ACIDULE BEE BLANC  VRAC;;;13118223147526;23118223147523;;
20580002;3614610047286;M16 ALIZE BOITE MDD CARREFOUR;;;13614610047283;23614610047280;;
404861;3118224048610;CT STEAK MANCHE BOIS+GENCOD;;;13118224048617;23118224048614;;
448512;3118224485125;LOT 1BEURRE+1FROMAGE LAG ACIDULE ROUGE 185C SOUS SACHET;;;13118224485122;23118224485129;;
10120131;3118220032194;PAIN 20CM FORGE EN BOIS NOYER MADE IN FRANCE PACK ECOLOGIQUE;;;13118220032191;23118220032198;;
Comp0185;3118220033337;BOITE VIDE M16 NUANCE IVOIRE MDD CRF;;;13118220033334;23118220033331;;
430371;3118224303719;M24 TROQUET ANIS VIF 382C POT PET;;;13118224303716;23118224303713;;
30101086;3118223002781;CT LAG TABLE NACRE CHAMP 10/10MI 300278;;;13118223002788;23118223002785;;
10640005;3367305228131;CUISINE 15 BI-MAT FX PRADEL HERITAGE 522813;;;13367305228138;23367305228135;;
309590;3118223095905;COUTEAU ALIZE;;;13118223095902;23118223095909;;
11210001;3118220026292;TARTINEUR CABOURG SUR CARTE PEGBORDABLE;;;13118220026299;23118220026296;;
143831;3118221438315;FLASQUE DOUBLE DISPLAY PALETTE 80*120*180;;;;;;
Comp0069;3118220033122;PIC A BIGORNEAUX ACIDULE ROSE 226C  VRAC;;;13118220033129;23118220033126;;
304720;3118223047201;CUILLERE CAFE AMANDE VERT;;;;;;
403710;3118224037102;CAFE MC GREGOR VERT+GENCOD;;;;;;
442905;3118224429051;COFFRET 1 COUTEAU CERAMIQUE 75MM LAME NOIRE MARQUE TB;;;13118224429058;23118224429055;;
30040003;3118220003316;LOT 4 COUVERTS POIS INEDIT ROSE 7424C;;;13118220003313;23118220003310;;
137658;3118221376587;VISUEL+STICKER COUTEAUX FLY SETAM Allemagne;;;;;;
Kit0750045;3118220043060;DISPLAY BOIS LE MAREYEUR 100% MADE IN FRANCE V5;;;13118220043067;23118220043064;;
307380;3118223073804;COUTEAU TABLE BAGUETTE;;;13118223073801;23118223073808;;
136110;3118221361101;ECRIN PLASTIQUE+SUREMBALLAGE 1 SANTUKO EVERCUT 400*110*28;;;13118221361108;23118221361105;;
302112;3118223021126;FOURCHETTE TROQUET LAVANDE PS;;;;;;
10120146;3118220035690;JAMBON 25CM FORGE TB PROFESSIONNEL EN PACK ECOLOGIQUE;;;13118220035697;23118220035694;;
10010003;3118220001091;COFFRET 1 OFFICE CERAMIQUE LAME NOIRE PANACHE 4 COULEURS;;;13118220001098;23118220001095;;
441690;3118224416907;BLOC OPEN INCLINE AVEC PIED 5 COUTEAUX METAL;;;13118224416904;23118224416901;;
404460;3118224044605;M24 MAC GREGOR BLEU POT PET;;;13118224044602;23118224044609;;
447010;3118224470107;FILET DE SOLE 17CM FURTIF CLASSIC MANCHE NOIR LAME NOIR BERL;;;13118224470104;23118224470101;;
404340;3118224043400;6 CTX LAG METAL COF.BOIS;;;13118224043407;23118224043404;;
437720;3118224377208;M24 SAN REMO BTE CHARME;;;13118224377205;23118224377202;;
112221;3118221122214;CAISSE AME C20 480 X 340 X 140;;;13118221122211;23118221122218;;
305160;3118223051604;CUILLERE CAFE ZEPHIR JAUNE;;;;;;
10120172;3118220037830;CUISINE 17 CM GEORGES MANCHE POM EN BERLINGOT;;;13118220037837;23118220037834;;
416812;3118224168127;M24 CLEO PACK LISA D'ALBAN PCB1 VPC;;;13118224168124;23118224168121;;
444690;3118224446904;M16 TORONTO BOITE LISA INOX;;;13118224446901;23118224446908;;
Comp0840001;3118220021389;FACADE POUR BOITE VIDE M16 LISA ALBAN DECO;;;13118220021386;23118220021383;;
10120097;3118220028760;CHEF 19 CM FORGE EN BERLINGOT TOP CHEF AMAZON;;;13118220028767;23118220028764;;
10280001;3118220001022;SET EQUILIBRE 3 PCES N°1 OFFICE SANTUKO YANAGIBA;;;13118220001029;23118220001026;;
10424301;3118220012417;MAESTRO TB N°13 STEAK 12CM FOURREAU TB;;;13118220012414;23118220012411;;
10020129;3661075394639;LAG HERITAGE CISEAU 22.5CM ACIDULE NOIR POLYFLAME;;;3661075402617;3661075394646;;
137656;3118221376563;VISUEL COUVERTS FLY SETAM Italie;;;;;;
136006;3118221360067;FOURREAU JONCTIONNE 498*450 DD30 1 POLYV EVERCUT;;;;;;
10648;3118220106482;COUTEAU POISSON INOX VIEUX PARIS;;;;;;
21160014;3118220027299;FOURCHETTE POISSON IMPERIAL;;;13118220027296;23118220027293;;
Outi1940034;3118220050686;CAC MK1.5 MONTAGE USINAGE PLATINE D/G;;;;;;
30050012;3118220002937;COUTEAU EVOLUTION SENS LASURE NATUREL +GENCOD;;;13118220002934;23118220002931;;
428750;3118224287507;M30 ISLANDE BOITE FORGEE;;;13118224287504;23118224287501;;
21530009;3118220029729;CAFE BOBINE REVETEMENT PVD NOIR BRILLANT SUR CARTE PREMIUM;;;13118220029726;23118220029723;;
314420;3118223144207;SANTUKO  LAG EXPRESSION MANCHE BOIS NOIR;;;;;;
31100031;3118220018075;M16 CALICOT BASQUE BOITE DECO;;;13118220018072;23118220018079;;
303172;3118223031729;CT HUITRE GARDE BLEU GITANE;;;13118223031726;23118223031723;;
304041;3118223040407;SOMMELIER DESIGN NATUREL;;;;;;
426140;3118224261408;COUT.LAG GRIS ABS+GENCOD;;;13118224261405;23118224261402;;
10010007;3118220001138;COFFRET 2 CERAMIQUE 1CUIS125+1OF LAME NOIRE PANACHE 4 COUL;;;13118220001135;23118220001132;;
Comp0750006;3118220015364;DISPLAY 1/4 PALETTE REPAS DE FETES 2016;;;;;;
444734;3118224447345;M16 ACIDULE BEE ANIS 583C BTE LARGE;;;13118224447342;23118224447349;;
10120082;3118220027923;COUTEAU TOP CHEF 22;;;13118220027920;23118220027927;;
413020;3118224130209;CUISINE 17 METAL FX CDF;;;13118224130206;23118224130203;;
448222;3118224482223;PAIN LAG LASURE MANCHE BOIS NATUREL SOUS FX TB T3;;;13118224482220;23118224482227;;
10020008;3118220001879;COFFRET BI MAT FRUITS 2 OFF+1 EPL ACIDULE NOIR CARBONE;;;13118220001876;23118220001873;;
Kit0750057;3118220045644;DISPLAY CARTON 72P PETITE COUTELLERIE LAGUIOLE 2.9  OF-EP-TA;;;13118220045641;23118220045648;;
30140020;3010006033947;CUILLERE MANGO ROUGE 185C EURODIF;;;13010006033944;23010006033941;;
434910;3222473119455;BLOC 5 CX BI-MAT CASINO;;;13222473119452;23222473119459;;
535810;3118225358107;M24 TROQUET VERT PS POT PET;;;13118225358104;23118225358101;;
31020009;3614613272425;CUILLERE NUANCE BLANC VRAC GENCOD CARREFOUR;;;13614613272422;23614613272429;;
427880;3118224278802;CUILLERE CAFE ECORCE+GENCOD;;;13118224278809;23118224278806;;
Kit0740008;3118220026124;PLV LINEAIRE GIFI URBAIN;;;13118220026121;23118220026128;;
10424283;3118220004368;MAESTRO TB FOURCHETTE COFFRET BI MAT;;;13118220004365;23118220004362;;
20160012;3118220011076;M16 OSLO OR EN BOITE;;;13118220011073;23118220011070;;
443881;3118224438817;COFFRET BI MAT 6 STEAKS ACIDULE BEE LAG GRIS 430C;;;13118224438814;23118224438811;;
10840002;3118224489765;CUISINIER GRAPHIC SOUS BERLINGOT;;;13118224489762;23118224489769;;
430350;3118224303504;CUILLERE VIEUX PARIS MONOPRIX;;;13118224303501;23118224303508;;
10020025;3118220003729;POCHE ACIDULE BLANC LAME TITANE BOITE NEUTRE;;;13118220003726;23118220003723;;
439862;3118224398623;CUISINE 16CM LAG EXPRESSION POM FX T3 ANTIVOL;;;13118224398620;23118224398627;;
31020003;3118220015173;M16 NUANCE CELADON BLEU BOITE LISA;;;13118220015170;23118220015177;;
10501;3260720105011;COUTEAU SUISSE VICTORINOX 12 FONCT S/COQUE;;;13260720105018;23260720105015;;
442373;3118224423738;LOT DE 3 ASSIETTES CARREES 25CM TERRACOTA MAT;;;13118224423735;23118224423732;;
432720;3537560222117;M24 SAN REMO B AUCHAN;;;13537560222114;23537560222111;;
41000004;3118220021228;ROULETTE A PATE SILICONE COUL PANACHE +GENCOD;;;13118220021225;23118220021222;;
40020034;3118220025820;ROULETTE A PIZZA ACIDULE COLLECTION COULEUR 2.9 + GENCOD;;;13118220025827;23118220025824;;
443390;3118224433904;M16 ESCAPADE PRUNE BTE LISA DECO;;;13118224433901;23118224433908;;
446542;3118224465424;FOURCHETTE POIS INEDIT GRIS TAUPE WARM GRAY 9;;;13118224465421;23118224465428;;
136990;3118221369909;LIVRET RECETTES CUISINE EVERCUT;;;13118221369906;23118221369903;;
307130;3118223071305;CAFE BULLE FRAMBOISE;;;13118223071302;23118223071309;;
442390;3118224423905;ASSIETTE CARREE DESSERT 21CM ARDOISE MAT;;;13118224423902;23118224423909;;
10020081;3118220013926;CISAILLE A CRUSTACES ACIDULE COUL ASSORTIE SUR CARTE;;;13118220013923;23118220013920;;
446880;3118224468807;CUISINE 25CM LARGE FORGE BOIS BACKELISE NOIR BERLINGOT;;;13118224468804;23118224468801;;
309610;3118223096100;CUILLERE ALIZE;;;13118223096107;23118223096104;;
10300021;3118220019652;COFFRET AIMANTE 4 STEAKS EXPRESSION METAL LAME TITANE;;;13118220019659;23118220019656;;
444550;3118224445501;M24 TROQUET PRUNE 5185C POT PET;;;13118224445508;23118224445505;;
10010182;3118220019485;COFFRET 1 STEAK MANGO CERAMIQUE LAME BLANCHE PANACHE 6 COUL;;;13118220019482;23118220019489;;
315212;3118223152127;OFFICE BOIS VIOLETTE 676C;;;13118223152124;23118223152121;;
10010085;3118220009271;COFFRET 1 OFFICE CERAMIQUE MANCHE BASQUE LAME BLANCHE;;;13118220009278;23118220009275;;
136630;3118221366304;KIT PLV LINEAIRE COUTEAUX H200 LINEAIRE L130 CORA BELGIQUE;;;13118221366301;23118221366308;;
238931;3222472389316;CT BOUCHER 21 CM FORGE;;;13222472389313;23222472389310;;
439710;5400247054838;M24 TROQUET LAVANDE WINNY POT PET;;;15400247054835;25400247054832;;
436130;3118224361306;OFFICE BAMBOO STICK FX CDF;;;13118224361303;23118224361300;;
448524;3118224485248;COUTEAU BASTILLE BLANC+GENCOD;;;13118224485245;23118224485242;;
10010067;3118220007604;COFFRET 4CERAMIQUE OFSTC13EP METALLISE 4COUL METAL LAME BLAN;;;13118220007601;23118220007608;;
30020272;3118220031388;FOURCHETTE A SERVIR ACIDULE BLANC PUR  VRAC;;;13118220031385;23118220031382;;
448083;3118224480830;CHEF 19 ACIDULE MANCHE NOIR CARBONE SOUS FX TB T3;;;13118224480837;23118224480834;;
10960001;3118220013650;COFFRET CARTON NOIR 12 COUTEAUX AUGUSTE ABS BLANC CHANTILLY;;;13118220013657;23118220013654;;
Kit0740041;3118220055582;MEUBLE BOIS MIXTE 1000*460*1900MM  MAGASIN RETAIL;;;13118220055589;23118220055586;;
31010006;3118220016651;CUILLERE REFLET METALLISE PLOMB VRAC GENCOD;;;13118220016658;23118220016655;;
436670;3118224366707;M24 SELECT BTE CHARME;;;13118224366704;23118224366701;;
Comp0740015;3118220015791;PLEXIGLASS 1/2 VITRINE 650 COUTEAUX;;;13118220015798;23118220015795;;
313357;3118223133577;CAFE AMANDE NOIR VRAC;;;13118223133574;23118223133571;;
430240;3118224302408;SET BARBECUE 3 PCES BAMBOU;;;13118224302405;23118224302402;;
30020002;3118220000377;COFFRET CARTON 6 CUILLERES ACIDULE MULTICOLOR;;;13118220000374;23118220000371;;
304650;3118223046501;COUTEAU TABLE AMANDE BLEU CIEL;;;;;;
420260;3118224202609;M24 PCES ISTANBUL BORDEAU;;;13118224202606;23118224202603;;
10590001;3118220005273;SECATEUR A VOLAILLE MANCHE POLYPRO CARTE PEGBORDABLE;;;13118220005270;23118220005277;;
10010184;3118220022416;COFFRET 3 COUTEAUX CERAMIQUE SILICONE BLANC;;;13118220022413;23118220022410;;
Comp0005;3118220008076;DEPLIANT 3 VOLETS FLYER CUISINE 2014 20*59.5 OUVERT 300G/M2;;;;;;
Kit0046;3118221439121;KIT PLV LINEAIRE COUTEAUX FLY SETAM Italie;;;13118221439128;23118221439125;;
Emba0028;3118220003224;PLATEAU SUPPORT ECHANTILLON 1195MM;;;13118220003220;;;
30101076;3118220010451;M24 LAG ABS GRIS CLAIR 417C;;;13118220010458;23118220010455;;
Kit0750059;3118220046320;DISPLAY PETIT MODELE 900*400 OP FIDELITE LAG HERITAGE 2023;;;13118220046327;23118220046324;;
10642;3118220106420;FOURCHETTE INOX VIEUX PARIS;;;;;;
20160017;3118220023284;CUILLERE OSLO DECOR ETOILE ANTHRACITE VRAC + GENCOD;;;13118220023281;23118220023288;;
444536;3118224445365;COFFRET CERAMIQUE CUISINE 125MM LAME BLANCHE MARQUE TB;;;13118224445362;23118224445369;;
10430012;3118220019409;BLOC 6 STEAK RECORD CAMAIEU BLEU;;;13118220019406;23118220019403;;
444496;3222475201325;CUISINE 16 POLYPRO/FX CASINO;;;13222475201322;23222475201329;;
443405;3605753706154;M16 ESCAPADE FRAMBOISE ALINEA;;;13605753706151;23605753706158;;
10020082;3118220014190;Z BLOC MAGNETIQUE 3 CUISINE ACIDULE ROUGE 185C LAME TIT VPC;;;13118220014197;23118220014194;;
314712;3118223147123;CUILLERE ACIDULE BEE TURQUOISE 3135C  VRAC;;;;;;
10460005;3118220008885;CX SAIGNER 11CM CHEF	888;;;13118220008882;23118220008889;;
436255;3118224362556;STEAK 12 TRANSITION  FX COUTEAU DU CHEF SUISSE;;;13118224362553;23118224362550;;
448731;3118224487310;COUTEAU EVOLUTION CUIR TANGERINE 166C+GENCOD;;;13118224487317;23118224487314;;
Kit0750021;3118220030374;ASSORTIMENT PETIT MAGASIN 120 PIECES COUTELLERIE TOP CHEF;;;13118220030371;23118220030378;;
Comp1140001;3118220027589;BOITE TB COLLECTION VIDE + FACADE POUR M16 PALMA;;;13118220027586;23118220027583;;
315291;3118223152912;CUILLERE VICHY TURQUOISE 321C  VRAC;;;;;;
Kit0088;3118220009509;KIT PLV LINEAIRE VIDE TIROIR EXPRESSION BOIS;;;;;;
439861;3118224398616;CUISINE 16CM LAG EXPRESSION POM FX T3 ESPAGNOL;;;13118224398613;23118224398610;;
10210017;3118220010215;CUISINE 19 LAG LASURE MANCHE BOIS GRIS BOITE CADEAU;;;13118220010212;23118220010219;;
446600;3118224466001;CAFE MANGO ANIS 382C;;;13118224466008;23118224466005;;
60500002;3118220019225;SOMMELIER LAG DESIGN BOIS ROUGE COF. BOIS;;;13118220019222;23118220019229;;
444657;3118224446577;BLOC 6 STEAKS RECORD ORANGE 1655C;;;13118224446574;23118224446571;;
442193;3118224421932;LOT DE 3 ASSIETTES DESSERT 20CM TERRACOTA MAT;;;13118224421939;23118224421936;;
437881;3118224378816;COFFRET 6 CX LAG IVOIRE NACRE;;;13118224378813;23118224378810;;
444445;3118224444450;COUTEAU ACIDULE BEE BLEU 286C +GENCOD;;;13118224444457;23118224444454;;
Pres0004;3118220000049;MICRODURETE+COUPE;;;;;;
11980015;3118220053274;STEAK LAG HERITAGE ACCESS MIF PEARLY WHITE 9010 VRAC;;;13118220053271;23118220053278;;
31050002;3118220015647;M16 FURTIF 432C BLUE GRAPHITE COFFRET BI MAT;;;13118220015644;23118220015641;;
304960;3118223049601;FOURCHT DESSERT VIEUX PARIS SAT.;;;;;;
307360;3118223073606;CUILLERE TABLE TOSCANE (KOS) BRILLANT;;;13118223073603;23118223073600;;
Comp0050003;3118220033061;DECOUPE LAME FOURCHETTE SENS;;;13118220033068;23118220033065;;
10100025;3118220048638;COFFRET BOIS 6 COUTEAUX LAGUIOLE  IVOIRE NACRE CHAMP MI;;;13118220048635;23118220048632;;
Comp0740034;3118220021914;VISUEL+STICKER LINEAIRE 2XL100 GIFI ESPAGNE;;;13118220021911;23118220021918;;
447540;3118224475409;ROULETTE A PIZZA ACIDULE COUL PANACHE SOUS BLISTER;;;13118224475406;23118224475403;;
31010005;3118220016644;FOURCHETTE REFLET METALLISE PLOMB VRAC GENCOD;;;13118220016641;23118220016648;;
433400;3118224334003;PAIN TRANSITION+ BTE GRISE+ STICKER;;;13118224334000;23118224334007;;
436242;3257984128153;OFFICE 9 TRANSITION FX CORA;;;13257984128150;23257984128157;;
448240;3118224482407;BLOC MAGNETIQUE 6 STEAKS ACIDULE BEE ROUGE 185C LAME TITANE;;;13118224482404;23118224482401;;
446604;3118224466049;CAFE MANGO ROUGE 185C;;;13118224466046;23118224466043;;
443710;3118224437100;GRILLE 96 CERAMIQUE BLANCHE ET NOIRE +TV;;;13118224437107;23118224437104;;
412080;3118224120804;CUILLERE SOHO BRILLANT FORGE VRAC;;;13118224120801;23118224120808;;
31100023;3118220017429;CUILLERE CALICOT GEOMETRIX SQUARE VRAC GENCOD;;;13118220017426;23118220017423;;
314462;3118223144627;HUITRE POLYPRO GARDE BLEU GITANE;;;13118223144624;23118223144621;;
10120058;3367305228322;CUISINE 17 FORGE FRX PRADEL HERITAGE 522832;;;13367305228329;23367305228326;;
Comp0020003;3118220033030;SOMMELIER ACIDULE ROUGE 185C VRAC;;;13118220033037;23118220033034;;
441550;3118224415504;FOURCHETTE A SPAGHETTIS TETE INOX EXPRESSION/CARTE;;;13118224415501;23118224415508;;
447510;3118224475102;ZESTEUR ACIDULE COUL PANACHE SOUS BLISTER;;;13118224475109;23118224475106;;
11060152;3118220052017;COUTEAU BIVOUAC ROUGE;;;13118220052014;23118220052011;;
421020;3257981026988;CHEF 21CM BOIS BACK/ FRX CORA;;;13257981026985;23257981026982;;
30101092;3118223002552;CUILL LAG TABLE METAL 12/10 300255;;;13118223002559;23118223002556;;
123858;3118221238588;PLAQUE POLYC DSP NOIR GRAINE 965*1000*4 FNAC;;;;;;
308920;3118223089201;CUIL LAG TABLE ABS ORANGE ML;;;3118223089208;23118223089205;;
136063;3118221360630;BOITE VIDE M16 LISA ALBAN DECO;;;13118221360637;23118221360634;;
10210009;3118220010130;STEAK PS LAG LASURE MANCHE BOIS BLANCHI BERLINGOT;;;13118220010137;23118220010134;;
448430;3118224484302;COFFRET HUITRE 7 PCES ACIDULE ROUGE 185C;;;13118224484309;23118224484306;;
435392;3118224353929;CAFE BOLERO BLEU+GENCOD;;;13118224353926;23118224353923;;
447250;3118224472507;EPLUCHEUR BOIS GRIS LAG EVOLUTION LASURE+ BERLINGOT;;;13118224472504;23118224472501;;
444471;3118224444719;CAFE ACIDULE BEE GRIS 430C+GENCOD;;;13118224444716;23118224444713;;
450021;3118224500217;1 OFFICE LISSE EVERCUT EN ECRIN;;;13118224500214;23118224500211;;
Comp1200001;3118220025608;BOITE AIMANTEE ALINEA VIDE 26*13*7POUR M16 PORQUEROLLES;;;13118220025605;23118220025602;;
cemb0209;3118220008526;FILM ETIRABLE 500MM 17µ REF EA17500 POUR MACHINE 16KG;;;13118220008523;23118220008520;;
424410;3118224244104;COUTEAU TABLE SOHO CHARME;;;;;;
427450;3118224274507;CUISINIER 19CM GRAPHIC / BTE;;;13118224274504;23118224274501;;
446931;3010005419544;COUTEAU TROQUET ROUGE GENCOD EURODIF;;;13010005419541;23010005419548;;
444336;3118224443361;M16 ACIDULE BEE ROUGE FEU 185C CORA;;;13118224443368;23118224443365;;
41400001;3118220027640;CUILLERE PENDERIE LAGUIOLE HERITAGE SENS OLIVIER SUR CARTE;;;13118220027647;23118220027644;;
305100;3118223051000;FOURCHTE TABLE ZEPHIR FRAMBOISE;;;;;;
10050008;3118220004580;FROMAGE EVOLUTION SENS LASURE CLAIR +GENCOD;;;13118220004587;23118220004584;;
447341;3118224473412;EPLUCHEUR 5 ACIDULE  BEE ROUGE LAME TITANE NOIRE SOUS BERLIN;;;13118224473419;23118224473416;;
440190;3118224401903;BLOC INCLINE 6 CX LAG METAL;;;13118224401900;23118224401907;;
Comp0117;3118220012479;LANCETTE HUITRE BOIS VRAC;;;13118220012476;23118220012473;;
412940;3118224129401;COUTEAU LAGUIOLE TABLE METAL;;;13118224129408;23118224129405;;
30540007;3118220032743;CAFE  ZEPHIR TAUPE+GENCOD;;;13118220032740;23118220032747;;
434760;3222473119004;FETTE FORGE CASINO/CARTE;;;13222473119001;23222473119008;;
10010008;3118220001145;COFFRET 3 STEAK CERAMIQUE LAME BLANCHE PANACHE 4 COULEURS;;;13118220001142;23118220001149;;
Comp0019;3118220008151;ENSEMBLE DE 2 VISUELS 98.5*6CM BOULANGER;;;13118220008158;23118220008155;;
442410;3118224424100;RAVIER CARRE 17CM IVOIRE MAT;;;13118224424107;23118224424104;;
31090015;3118220020160;COUTEAU STEAK POINTU INEDIT SCANDINAVE NOIR+ GENCOD;;;13118220020167;23118220020164;;
30020242;3118220005594;COFFRET BI MAT ROUGE 7 PCES SERVICE DESSERT ACIDULE;;;13118220005591;23118220005598;;
30230001;3118220002265;COUTEAU INEDIT CANADA+GENCOD;;;13118220002262;23118220002269;;
444911;3118224449110;M16 ZEPHIR ANIS POT PET;;;13118224449117;23118224449114;;
21140006;3118220026865;COUTEAU PALMA 18/10;;;13118220026862;23118220026869;;
Kit0029;3118220003286;KIT BOURRICHE 60 HUITRES A GARDE LAG ACIDULE PANACHE;;;13118220003283;23118220003280;;
439841;3118224398418;STEAK 11CM LAG EXPRESSION POM FX T1 ESPAGNOL;;;13118224398415;23118224398412;;
000144;3118220001442;PRESTATION FABRICATION HEURES;;;;;;
11880006;3616959396117;SET 3 COUTEAUX ACIER INOX SATINE EN BOITE CARREFOUR;;;;03616960826474;;
448072;3118224480724;FRUIT LEG 14 ACIDULE MANCHE ROUGE 185C SOUS FX TB T2;;;13118224480721;23118224480728;;
433913;3118224339138;M24 BOLERO ARDOISE BTE LISA(F);;;13118224339135;23118224339132;;
448555;3118224485552;CAFE BASTILLE NOIR+GENCOD;;;13118224485559;23118224485556;;
142881;3118221428811;DOCUMENTATION HERITAGE MODELE EN 4 PAGES;;;;;;
136521;3118221365215;DEPLIANT 3 VOLETS FLYER ACIDULE 20*59.5 OUVERT 300G/M2;;;;;;
10500036;3118220057340;COUTEAU DE POCHE SURICATE BOIS BRUN CUIVRE MIF SS BLISTER TB;;;13118220057347;23118220057344;;
30020321;3118220032668;CAFE ACIDULE ROUGE WB+GENCOD;;;13118220032665;23118220032662;;
Kit0750019;3118220030091;DISPLAY 300 PCES COUTELLERIE PROFESSIONNELLE 1/4PAL TOP CHEF;;;13118220030098;23118220030095;;
449120;3118224491201;COFFRET OFFICE TRANSITION LAME BLANCHE CERAMIQUE;;;13118224491208;23118224491205;;
40020022;3118220024274;ECUMOIRE PENDERIE INTUITION METAL SUR CARTE;;;13118220024271;23118220024278;;
438111;3118224381113;FOURCHETTE INFINITY PRUNE VIOLET +GENCOD;;;13118224381110;23118224381117;;
10424310;3118220031654;SANTUKO 18 CM MAESTRO  EN BOITE RETAIL;;;13118220031651;23118220031658;;
21470005;3118220027350;MOKA PICNIC;;;13118220027357;23118220027354;;
11050003;3118220026247;TARTINEUR FURTIF PANACHE 3 COULEURS;;;13118220026244;23118220026241;;
10960042;3118220018266;COUTEAU AUGUSTE EXCLUSIVE EBENE LAME INOX MAT BERLINGOT;;;13118220018263;23118220018260;;
444651;3118224446515;BLOC 6 STEAKS RECORD VERT 376C;;;13118224446512;23118224446519;;
20490003;3118220028043;M16 SOHO FORGE BOITE VPC;;;13118220028040;23118220028047;;
441720;3118224417201;EMINCEUR EXPRESSION LAG EVOLUTION MANCHE BOIS NOIR BOITE GRI;;;13118224417208;23118224417205;;
30170014;3118220004832;CUILLERE LAG DUO VERT 381C+ GENCOD;;;13118220004839;23118220004836;;
11910020;3118220053939;COUTEAU UTILITAIRE PLIANT FORGE CARBONE  EXCLUSIVE MI;;;13118220053936;23118220053933;;
30970036;3118220017184;CUILLERE ECUME VERT ANIS MOJITO 361C VRAC GENCOD;;;13118220017181;23118220017188;;
11060162;3118220055797;CAC 24K LAME SERRATION MANCHE G10 NOIR EN BOITE TECHNIQUE;;;13118220055794;23118220055791;;
309650;3118223096506;CUILLERE KOBE;;;13118223096503;23118223096500;;
310090;3118223100906;CUILLERE CAFE AMANDE JAUNE;;;13118223100903;23118223100900;;
10300017;3118220013964;CUISINE 16 EXPRESSION METAL SATINE SOUS BERLINGOT;;;13118220013961;23118220013968;;
Comp0740110;3118220035539;ENSEMBLE DE 16 COUTEAUX VRAC VITRINE CENTRAKOR;;;13118220035536;23118220035533;;
10960047;3118220018785;COFFRET BI MAT 6 COUTEAUX AUGUSTE ABS MULTICOLOR;;;13118220018782;23118220018789;;
447242;3118224472422;OFFICE BOIS NATUREL LAG EVOLUTION LASURE + BERLINGOT;;;13118224472429;23118224472426;;
40020005;3118220021631;CUILLERE A GLACE LAGUIOLE INTUITION METAL +GENCOD;;;13118220021638;23118220021635;;
Kit0094;3118220012110;PRESENTOIR VIDE 120X80 OP RECYCLAGE CRF;;;;;;
10100007;3118220020191;BLOC PIN BLANC DESIGN 6 CTX LAG TRANSPARENT COLORIS FROID;;;13118220020198;23118220020195;;
30140042;3118220013155;CUILLERE MANGO BLEU ACIER 5405C+GENCOD;;;13118220013152;23118220013159;;
439843;3118224398432;STEAK 11CM LAG EXPRESSION POM FX TB T1;;;13118224398439;23118224398436;;
21350001;3118220025998;M16 CAP FERRET FINITION MIROIR 18/10 BOITE PREMIUM;;;13118220025995;23118220025992;;
436491;3118224364918;OFFICE FORGE+BERLINGOT TB CLASSICS;;;13118224364915;23118224364912;;
446431;3118224464311;FOURCHETTE ESCAPADE FRAMBOISE +GENCOD;;;13118224464318;23118224464315;;
10960003;3118220013674;COFFRET CARTON NOIR 12 COUTEAUX AUGUSTE ABS GRIS POIVRE;;;13118220013671;23118220013678;;
445970;3118224459706;SANTUKO 18 LAME TITANE MANCHE GRIS 444C-NOIR 426C EN BTE;;;13118224459703;23118224459700;;
301670;3118223016702;FOURCHETTE TABLE MC GREGOR VERT;;;;;;
Pres0008;3118220000278;MICROSTRUCTURE+COUPE;;;;;;
446471;3118224464717;DEBA 10.5CM JAPONAIS TB +BERLINGOT;;;13118224464714;23118224464711;;
119500;3118221195003;CALLE BOIS VERNIS NOIR SUPPORT CX 10*7*7CM;;;;;;
441835;3118224418352;BLOC NOIR 6 CX STEAK MANCHE BI-MAT NOIR ET BLANC;;;13118224418359;23118224418356;;
435363;3118224353639;COUTEAU BOLERO ARDOISE+GENCOD;;;13118224353636;23118224353633;;
30020315;3118220032606;FOURCHETTE ACIDULE ANIS WB+GENCOD;;;13118220032603;23118220032600;;
440461;3118224404614;Z SUPPORT 10 USTENSILES CUISINE METAL PCB1 VPC;;;13118224404611;23118224404618;;
Cons0032;3118220008304;LOT DE 200 SACS POUBELLE NOIR 110L 55µ REF BD110GR055;;;13118220008301;23118220008308;;
403251;3118224032510;BOUCHER 21CM CHALET FX CDF;;;13118224032517;23118224032514;;
Kit0030;3118220003521;KIT PLV LINEAIRE COUVERTS LECLERC ESPAGNE L130;;;13118220003528;23118220003525;;
Kit0080001;3118220015975;ENSEMBLE 5 COFFRETS FURTIF EVERCUT CLASSIC NET;;;13118220015972;23118220015979;;
30180002;3118220001770;FOURCHETTE INEDIT BRESIL+GENCOD;;;13118220001777;23118220001774;;
436886;3222472842132;FROMAGE BOIS+FX CASINO;;;13222472842139;23222472842136;;
136042;3118221360425;BOITE VIDE GRISE 1 PCE PM GAMME ABSOLU 290*70*23MM;;;13118221360422;23118221360429;;
445680;3118224456804;6 COUTEAUX STEAK 6 FOURCHETTES BARBECUE VIOLET;;;13118224456801;23118224456808;;
10210022;3118220017627;LOT 3 STEAK PS LAG LASURE MANCHE BOIS GRIS SACHET+GENCOD;;;13118220017624;23118220017621;;
438060;3118224380604;M24 INFINITY PRUNE EN RANGE COUVERTS;;;13118224380601;23118224380608;;
313080;3118223130804;FOURCHETTE BOLERO ROUGE VRAC;;;;;;
Comp0740052;3118220022461;ENSEMBLE VISUEL COUVERTS 2X100 TATI STA0330;;;13118220022468;23118220022465;;
10120176;3118220037878;STEAK 12CM GEORGES MANCHE BOIS BERLINGOT;;;13118220037875;23118220037872;;
446523;3118224465233;M16 VIRGULE PRUNE 258C EN BOITE LISA;;;13118224465230;23118224465237;;
446250;3118224462508;DISPLAY STEAK EXPRESSION-HERITAGE-HECTOR TAUPE+6CX HERITAGE;;;13118224462505;23118224462502;;
447241;3118224472415;OFFICE BOIS BLANCHI LAG EVOLUTION LASURE + BERLINGOT;;;13118224472412;23118224472419;;
444506;3222475201318;FRUIT/LEG 14 POLYPRO/FX CASINO;;;13222475201315;23222475201312;;
137373;3118221373739;MEUBLE DISPLAY1 BROCHE CERAMIQUE 80*120;;;;;;
10300005;3118220007406;HUITRE EXPRESSION MANCHE BOIS NOIR BERLINGOT;;;13118220007403;23118220007400;;
Div0860019;3118220038134;PORTE LAME TAILLAGE;;;13118220038131;23118220038138;;
10500023;3118220055131;COUTEAU POCHE PLIANT LAME 10 CM  BOIS NOIR SOUS BLISTER LH;;;13118220055138;23118220055135;;
30140018;3010006033824;COUTEAU MANGO ROUGE 185C EURODIF;;;13010006033821;23010006033828;;
4340500;3118220000186;MULTI TOUT GRAND MODELE;;;13118220000183;23118220000180;;
11500016_Sylob;3118220042216;BLOC 5 COUTEAUX BRIGADE POLYMERE;;;13118220042213;23118220042210;;
11060006;3118220021044;C.A.C. VERSION CIVILE;;;13118220021041;23118220021048;;
441861;3118224418611;M16 SENSATION BTE LISA;;;13118224418618;23118224418615;;
444751;3118224447512;COFFRET 3 CX STEAK CERAMIQUE MANCHE ANIS LAME BLANCHE;;;13118224447519;23118224447516;;
Comp1150001;3118220027572;BOITE TB COLLECTION VIDE + FACADE POUR M24 OLA;;;13118220027579;23118220027576;;
601290;3118226012909;TETE D'IMPRESSION PAXAR 203DPI REF9825/01;;;13118226012906;23118226012903;;
405091;3118224050910;S.FROM 3P LAG BLEU MARBRE COF BOIS;;;13118224050917;23118224050914;;
Comp0057;3118220009097;ENSEMBLE VISUEL MAGNET COUTEAUX L133 2015;;;13118220009094;23118220009091;;
30050034;3118220030145;M16 LAG EVOLUTION SENS LASURE BOIS FONCE;;;13118220030142;23118220030149;;
313337;3118223133379;FETTE AMANDE NOIR VRAC;;;13118223133376;23118223133373;;
447381;3118224473818;FRUIT/LEG 14 ACIDULE  BEE ROUGE LAME TITANE NOIRE SOUS FX;;;13118224473815;23118224473812;;
50020006;3118220003477;ASSIETTE CALOTTE 20CM ACIDULE TURQUOISE 3135C;;;13118220003474;23118220003471;;
Comp0118;3118220012516;BOITE VIDE M16 NELLE CHARTE ALINEA COSTE ALIZE;;;;;;
Pres0860013;3118221090506;FRAIS TECHNIQUE REF G2D 109050;;;;;;
Emba0031;3118220003248;COFFRET BI MAT ROUGE 185C VIDE M16 HERITAGE;;;13118220003245;23118220003242;;
10650020;3118220028098;BOITE VPC DE 6 STEAKS HECTOR GLACIER (BLANC) RAL 9010;;;13118220028095;23118220028092;;
30170005;3118220001756;M16 DUO ROUGE 200C EN PANIER FIL ACIER;;;13118220001753;23118220001750;;
136160;3118221361606;BOITE VIDE GRISE 1 PCE PM TB 290*70*23MM;;;13118221361603;23118221361600;;
30650004;3118220005488;COFFRET 3 COUTEAUX DE TABLE HECTOR GRIS LAVANDE 7667C;;;13118220005485;23118220005482;;
442183;3118224421833;LOT DE 3 ASSIETTES DESSERT 20CM ARDOISE MAT;;;13118224421830;23118224421837;;
10170002;3118220023994;6 STEAKS LAGUIOLE DUO PANACHE EN TUBO;;;13118220023991;23118220023998;;
10010129;3118220011342;COFFRET 2 CERAMIQUE 1OFFICE LISSE+1OFFICE DENTE LAME BLANCHE;;;13118220011349;23118220011346;;
11510014_Sylob;3118220042254;SANTUKO 19 CM BOIS STABILISE EN BERLINGOT;;;13118220042251;23118220042258;;
10110023;3118220049383;TARTINEUR LAGUIOLE HERITAGE FINITION SABLE + GENCOD;;;13118220049380;23118220049387;;
Comp0032;3118220006119;CAISSON 3 CASIERS;;;13118220006116;23118220006113;;
446720;3118224467206;CUISINE 25CM LARGE FORGE+BTE GRISE+STICKER;;;13118224467203;23118224467200;;
30530001;3118220012646;COUTEAU BULLE BLEU+GENCOD;;;13118220012643;23118220012640;;
31010017;3118220017559;CAFE REFLET METALLISE ARGENT VRAC GENCOD;;;13118220017556;23118220017553;;
Comp0190;3118220033368;BOITE VIDE M16 CALICOT LISA D'ALBAN;;;13118220033365;23118220033362;;
444090;3118224440902;COFFRET 3 PCES CALINOU COUL ROSE JAUNE VERT;;;13118224440909;23118224440906;;
30250004;3118220002517;CAFE INEDIT NORVEGE+GENCOD;;;13118220002514;23118220002511;;
30040002;3118220003309;LOT 4 COUVERTS POIS INEDIT BLEU ACIER 5415C;;;13118220003309;23118220003303;;
Acce0004;3118220005495;BLOC VIDE POLYAMIDE 11*18 UNION JACK + TUBE PVC;;;13118220005492;23118220005499;;
60590001;3118220015463;SOMMELIER DESIGN AVEC MARQUAGE SOUS SACHET;;;13118220015460;23118220015467;;
Emba0014;3118220002845;VISUEL LINEAIRE COUTEAUX L133 GABON CK2 PORT GENTIL;;;;;;
427610;3118224276105;TARTINEUR LAG NACRE PANACHE;;;13118224276102;23118224276109;;
443010;3605752057752;6 STEAKS TROQUET MULTICOLOR/ CHETS ALINEA;;;13605752057759;23605752057756;;
444745;3118224447451;COFFRET 2 CERAMIQUE 95MM ET 155MM +1 EPL PANACHE LAME BLANCH;;;13118224447458;23118224447455;;
21530008;3118220029712;CUILLERE BOBINE REVETEMENT PVD NOIR BRILLANT CARTE PREMIUM;;;13118220029719;23118220029716;;
30140040;3118220013131;COUTEAU MANGO BLEU ACIER 5405C+GENCOD;;;13118220013138;23118220013135;;
421930;3118224219300;M16 COSTE BOITE ALINEA(ALIZE);;;13118224219307;23118224219304;;
433300;3537560223916;HUITRE PP GARDE NOIR VRAC AUCHAN;;;13537560223913;23537560223910;;
443734;3118224437346;COUTEAU HERITAGE EN BERLINGOT ITALIE;;;13118224437343;23118224437340;;
404591;3118224045916;EPLU  BOIS NAT RIVETS +GENCOD (REF404610);;;13118224045913;23118224045910;;
431592;3118224315927;CAFE TROQUET ABRICOT PS+GENCOD;;;13118224315924;23118224315921;;
10140001;3118220015289;CHEF 18 MANGO BLEU FOURREAU T3 COUT DU CHEF;;;13118220015286;23118220015283;;
10300041;3118220037281;SET 5 COUTEAUX LAG EVOLUTION BOIS NOIR EN BOITE VPC;;;13118220037288;23118220037285;;
446586;3118224465868;FOURCHETTE MANGO TURQUOISE 7467C;;;13118224465865;23118224465862;;
10790001;3118220014961;BLOC ARGENT 6 COUTEAUX BOLERO METALLISE PLOMB;;;13118220014968;23118220014965;;
442263;3118224422632;LOT DE 3 MUG IVOIRE MAT;;;13118224422639;23118224422636;;
30020229;3118220007789;FOURCHETTE ESCARGOT ACIDULE VERT 368C VRAC;;;;;;
10960071;3118220019027;COFFRET BI MAT 6 COUT AUGUSTE NATUREL AMARANTE L INOX MAT;;;13118220019024;23118220019021;;
445081;5414663285738;6 STEAK TROQUET ROUGE WINNY;;;15414663285735;25414663285732;;
437130;3118224371305;COUTEAU OSLO CHARME;;;13118224371302;23118224371309;;
Kit0650001;3118220016057;ENSEMBLE 5 COUTEAUX HECTOR;;;13118220016054;23118220016051;;
423930;3390509946167;TABLE METAL INOX EXP;;;13390509946164;23390509946161;;
30020336;3118220034822;FOURCHETTE ACIDULE BEE TURQUOISE 7715C VRAC;;;13118220034829;23118220034826;;
441370;3118224413708;COFFRET AIMANTE 6 CUILLERE LAG MARBRE MULTICOLOR;;;13118224413705;23118224413702;;
437500;3118224375006;COUTEAU FOURCHETTE OSLO +GENCOD;;;13118224375003;23118224375000;;
447931;3118224479315;COFFRET CUISINE 18 URBAN LAME CERAMIQUE NOIRE;;;13118224479312;23118224479319;;
10020041;3118220008977;CISEAU 22.5CM ACIDULE BLANC SUR CARTE;;;13118220008974;23118220008971;;
21180005;3118220022799;CAFE COLLIOURE 18/10 + GENCOD;;;13118220022796;23118220022793;;
30970017;3118220016293;CAFE ECUME KIR 221C VRAC GENCOD;;;13118220016290;23118220016297;;
30980003;3118220014084;CUILLERE INEDIT TIE AND DYE COUL ASSORTIES+GENCOD;;;13118220014081;23118220014088;;
238945;3222472389453;CT CUISINE 17 CM BOIS BACKELISE;;;13222472389450;23222472389457;;
444310;3118224443101;LOT 1OFF ET 1 EPLU ADFLEX COUL ASSORTI EN BOX PROMO 144LOTS;;;13118224443108;23118224443105;;
30020001;3118220000360;COFFRET CARTON 6 FOURCHETTES ACIDULE MULTICOLORE;;;13118220000367;23118220000364;;
10210031;3118220017771;PAIN LAG LASURE MANCHE BOIS NATUREL EN BERLINGOT;;;13118220017778;23118220017775;;
448420;3118224484203;COFFRET 4 TARTINEURS ACIDULE ROUGE 185C;;;13118224484200;23118224484207;;
80020006;3118220028326;LOT 6 VERRES GM 36 ACIDULE TURQUOISE 3135C;;;13118220028323;23118220028320;;
Kit0109;3118220014633;KIT DISPLAY 70 CERAMIQUE MANGO 1/4PALETTE LC;;;13118220014630;23118220014637;;
446390;3118224463901;COFFRET CERAMIQUE 2CX 125MM ET 75 LAME TITANE MULTICOLOR;;;13118224463908;23118224463905;;
421393;3596710291755;M24 AMANDE ORANGE EN POT PET;;;13596710291752;23596710291759;;
30650012;3118220006348;FOURCHETTE HECTOR NOIR BLACK 6 VRAC GENCOD;;;13118220006345;23118220006342;;
Kit0750032;3118220038387;KIT TOP CHEF CUISSON 48 PIECES;;;13118220038384;23118220038381;;
31010007;3118220016668;CAFE REFLET METALLISE PLOMB VRAC GENCOD;;;13118220016665;23118220016662;;
446780;3118224467800;DESOSSER 15CM FORGE BOIS BACKELISE NOIR FX TB;;;13118224467807;23118224467804;;
Emba0008;3118220008410;COFFRET BI MATIERE ROUGE 185C VIDE POUR 6 COUTEAUX ACIDULE;;;13118220008417;23118220008414;;
446592;3118224465929;CUILLERE MANGO CHOCOLAT 7533C;;;13118224465926;23118224465923;;
434850;3222473119226;CUISINE METAL FX CASINO;;;13222473119223;23222473119220;;
302128;3118223021287;CUILLERE TABLE TROQUET IVOIRE PS;;;13118223021284;23118223021281;;
418818;3118224188187;Z BLOC 5 CTX METAL +1 HACHOIR +1 FUSIL CARTON UNIT. REDOUTE;;;13118224188184;23118224188181;;
423970;3390509946204;CUISINE 18CM METAL INOX EXP;;;13390509946201;23390509946208;;
10210013;3118220010178;PAIN LAG LASURE MANCHE BOIS NATUREL BOITE CADEAU;;;13118220010175;23118220010172;;
448780;3610882891244;TUBO 6 STEAK RECORD MAISON ETE RGE-BLEU-VER-ORANG-MARI-JAUNE;;;13610882891241;2361082891248;;
446433;3118224464335;FOURCHETTE ESCAPADE PRUNE +GENCOD;;;13118224464332;23118224464339;;
10320004;3118220011090;HUITRE POLYPRO ANCIEN MOD SS GARDE VERT 360C VRAC;;;13118220011097;23118220011094;;
142843;3118221428439;VITRINE EVERCUT POUR PRESENTOIR;;;13118221428436;23118221428433;;
40020017;3118220023901;CURETTE A HOMARD ACIDULE ROUGE VRAC + GENCOD;;;13118220023908;23118220023905;;
10210004;3118220003767;STEAK PS LAG LASURE MANCHE BOIS NATUREL FX TB EXP FR ALLEMAN;;;13118220003764;23118220003761;;
315301;3118223153018;CAFE VICHY TURQUOISE 321C  VRAC;;;;;;
10010156;3118220014015;COFFRET 1 OFFICE CERAMIQUE MANCHE VENDEE LAME BLANCHE;;;13118220014012;23118220014019;;
446003;3118224460030;COUTEAU ACIDULE BEE TAUPE WARM GREY 8 +GENCOD;;;13118224460037;23118224460034;;
Cons0008;3118220003927;COLLECTEUR DE POINTS SYSTEME U /DISPLAY VITRINE;;;13118220003924;23118220003921;;
11690004;3118220037007;SANTUKO FUSION POLYPRO TB COLLECTION EN PACK ECOLOGIQUE;;;13118220037004;23118220037001;;
445420;3118224454206;OFFICE MEMORY FX COUTEAU DU CHEF EXPORT T1;;;13118224454203;23118224454200;;
136637;3118221366373;KIT PLV LINEAIRE VAISSELLE FNAC;;;13118221366370;23118221366377;;
30140021;3010006033992;CAFE MANGO ROUGE 185C EURODIF;;;13010006033999;23010006033996;;
307001;3118223070018;FTTE DE TABLE MISTRAL MARINE;;;13118223070015;23118223070012;;
40020011;3118220021693;ZESTEUR LAGUIOLE INTUITION METAL +GENCOD;;;13118220021690;23118220021697;;
11980034;3118220056169;CUISINE 17 LAGUIOLE HERITAGE NANOCUT  MIF CARTONNETTE LH;;;13118220056166;23118220056163;;
10010123;3118220010833;COFFRET 3 CERAMIQUE STEAK+CHEF155+EPL LAME BLANC MANCHE BLEU;;;13118220010830;23118220010837;;
442110;3118224421109;ASSIETTE PLATE 26CM IVOIRE MAT;;;13118224421106;23118224421103;;
30900008;3118220011601;FOURCHETTE INEDIT DECOR BOIS FONCE VRAC GENCOD;;;13118220011608;23118220011605;;
30050008;3118220002975;FOURCHETTE EVOLUTION SENS LASURE FONCE +GENCOD;;;13118220002972;23118220002979;;
442306;3118224423066;LOT DE 6 BOLS TALON 14CM 40CL ARDOISE MAT;;;13118224423063;23118224423060;;
111535;3118221115353;EQUERRE PM 512MM  DD11 10/10 VERSION BASSE;;;13118221115350;23118221115357;;
Comp008TbCof10001;3118220022270;OFFICE 9 FURTIF EVERCUT CLASSIC MANCHE NOIR;;;13118220022277;23118220022274;;
442350;3118224423509;ASSIETTE CARREE 25CM IVOIRE MAT;;;13118224423506;23118224423503;;
11910015;3118220050358;"COUTEAU PAIN 9"" FORGE   BLEU EXCLUSIVE MI";;;13118220050355;23118220050352;;
10424285;3118220007536;OFFICE 9 MAESTRO ALL-CLAD N°01 25/10 Z20C13 EVERCUT BERLINGO;;;13118220007533;23118220007530;;
446210;3118224462102;BLOC ACRYLIQUE VIDE POUR 3 CX BASE PLASTIC NOIR;;;13118224462109;23118224462106;;
10680684;3118220012813;BEURRE INEDIT UNION JACK+GENCOD;;;13118220012810;23118220012817;;
446974;3118224469743;STEAK ACIDULE COUL PANACHE PROMO;;;13118224469740;23118224469747;;
30970009;3118220013513;M24 ECUME CURACAO 313C POT PET;;;13118220013510;23118220013517;;
315290;3118223152905;CUILLERE VICHY ROSE 214C VRAC;;;;;;
60020002;3118220008724;SOMMELIER ACIDULE BLANC COFFRET BI MAT PEGBORDABLE;;;13118220008721;23118220008728;;
30230005;3118220005679;M16 INEDIT CANADA BOITE DECO;;;13118220005676;23118220005673;;
CCA27;3118220007918;CAISSE AME. GC30 600 X 400 X 200 CODE 39-08;;;13118220007915;23118220007912;;
10950005;3118220015234;TARTINEUR DROITIER GUY SAVOY SOUS SACHET;;;13118220015231;23118220015238;;
Kit0740002;3118220022430;PLV LINEAIRE VIDE 1 ELEMENT TATI;;;13118220022437;23118220022434;;
442286;3118224422861;LOT DE 6 MUG TERRACOTA MAT;;;13118224422868;23118224422865;;
436452;3118224364529;LAG FERMANT 11CM BOIS NOIR+BTE DETAILLANT;;;13118224364526;23118224364523;;
Kit0080;3118220009332;DISPLAY 166 CERAMIQUE BASQUE 1/4 PALETTE 60*40 LC;;;13118220009339;23118220009336;;
11500004;3118220029859;SANTUKO 19 CM POLYMERE TOP CHEF FRANCAIS FLAMAND;;;13118220029856;23118220029853;;
94255;3118220942554;COUPE PAPIER LAGUIOLE;;;13118220942551;23118220942558;;
50100001;3118220005327;LOT DE 4 TASSE CAFE 12CL ARDOISE MAT;;;13118220005324;23118220005321;;
446500;3118224465004;YANAGIBA 21CM JAPONAIS TB EN BOITE GRISE;;;13118224465001;23118224465008;;
447750;3118224477502;M16 ACIDULE BEE ANIS 583C PCB4;;;13118224477509;23118224477506;;
000141;3118220001411;PRESTATION QUALITE;;;;;;
50020001;3118220003422;ASSIETTE PLATE RONDE 25CM ACIDULE ROUGE 185C;;;13118220003429;23118220003426;;
419360;3118224193600;OFFICE OXYGENE/FX CDF;;;13118224193607;23118224193604;;
30980002;3118220014077;FOURCHETTE INEDIT TIE AND DYE COUL ASSORTIES+GENCOD;;;13118220014074;23118220014071;;
11510003;3118220029941;OFFICE BOIS STABILISE LAME MICRODENTE TOP CHEF FRANCAIS FLAM;;;13118220029948;23118220029945;;
432860;3254564490709;M12 OSLO POISSON BTE AUCHAN;;;13254564490706;23254564490703;;
21180002;3118220022768;COUTEAU COLLIOURE + GENCOD;;;13118220022765;23118220022762;;
435370;3118224353707;FOURCHETTE BOLERO BRIQUE+GENCOD;;;13118224353704;23118224353701;;
30020331;3118220034778;COUTEAU ACIDULE BEE ROUGE COQUELICOT RED032 VRAC;;;13118220034775;23118220034772;;
31100010;3118220017290;FOURCHETTE CALICOT PIXEL VRAC GENCOD;;;13118220017297;23118220017294;;
404732;3118224047323;COUTEAU GRILLADE NATURA + SLEEV;;;13118224047320;23118224047327;;
Comp0740044;3118220021358;PLEXIGLASS VITRINE 1000 COUVERTS-TUILES (BARRE DE FORCE);;;13118220021355;23118220021352;;
60500001;3118224151839;SOMMELIER LAG CORNE SOUS ETUI 415183;;;13118224151836;23118224151833;;
10120008;3760061252783;CUISINE 15 MAESTRO IDEAL EN BOITE CADEAU BAUMSTAL;;;13760061252780;23760061252787;;
10960077;3118220019089;TUBO NOIR 6 COUT AUGUSTE NATUREL AMARANTE LAME INOX MAT;;;13118220019086;23118220019083;;
419230;3118224192306;600 COUTEAU STEAK MICRODENTE 419200;;;13118224192303;23118224192300;;
Comp0164;3118220016224;ENSEMBLE AFFICH FOREX LCDC R/V 60*28+2 VISUEL SYST U STA0279;;;;;;
10020068;3118220013254;SECATEUR A VOLAILLE ACIDULE ROSE CARTE PEGB;;;13118220013251;23118220013258;;
Outi1940029;3118220050501;PORTE LAME REVOL STEAK;;;;;;
301662;3118223016627;COUTEAU TABLE MC GREGOR BLEU ROY;;;;;;
Cons0045;3118220008588;CHAUSSURE VITAMINE BASSE;;;13118220008585;23118220008582;;
10120101;3118220028807;STEAK 12 CM FORGE EN BERLINGOT TOP CHEF AMAZON;;;13118220028804;23118220028801;;
427020;3118224270202;M24 BASTILLE MARINE;;;13118224270209;23118224270206;;
Kit0750074;3118220056626;DISPLAY 900*400 OP FIDELITE LAG HERITAGE 2026;;;13118220056623;23118220056620;;
404650;3118224046500;CT FROMAGE POLYPRO + SLEEVE;;;13118224046507;23118224046504;;
Comp0200;3118221193900;SLEEVE 56*70 DOUBLE PERFORATION VERTICALE PET 50µ 119390;;;13118221193907;23118221193904;;
449196;3118224491966;COUTEAU SENS NOIR CARBONE+GENCOD;;;13118224491963;23118224491960;;
445014;3118224450147;CHEF MEMORY EN BMR;;;13118224450144;23118224450141;;
11730009;3118220052352;BLOC +  SET 4 COUTEAUX TOP CHEF;;;13118220052359;23118220052356;;
440738;3118224407387;BLOC 6 STEAKS IMPORT CERISE 187 ALDI;;;;;;
10300004;3118223144580;JAMBON 25CM LAG EXPRESSION POM LAG EVOLUTION VRAC 314458;;;13118223144587;23118223144584;;
421394;3596710291762;M24 AMANDE JAUNE EN POT PET;;;13596710291769;23596710291766;;
446427;3118224464274;COUTEAU ESCAPADE CAFE AU LAIT +GENCOD;;;13118224464271;23118224464278;;
303179;3118223031705;CT HUITRE PLASTIQUE GARDE NOIR;;;13118223031702;23118223031709;;
10210028;3118220017740;CUISINE 19 LAG LASURE MANCHE BOIS NATUREL EN BERLINGOT;;;13118220017747;23118220017744;;
Comp1130001;3118220027466;BOITE TB COLLECTION VIDE + FACADE POUR M24 BOREAL;;;13118220027463;23118220027460;;
428040;3118224280409;CUILLERE TABLE  ISLANDE+GENCOD;;;13118224280406;23118224280403;;
444983;3118224449837;OFFICE MEMORY BOITE GRISE;;;13118224449834;23118224449831;;
123744;3118221237444;COFFRET CARTON VIDE POUR 6 CAFES SENS ENCOCHES DIF;;;;;;
30363705;3614614472497;6 STEAK TROQUET EN TUBO CORAIL 7625C CARREFOUR;;;13614614472494;23614614472491;;
11400004;3118220026520;CUISINE 17CM TRADITION BOIS D'OLIVIER EN FX TB;;;13118220026527;23118220026524;;
Kit0020001;3118220018389;DISPLAY 108 ACIDULE BEE COUL ASSORT 36EPL-36OF-18 TART-18FRO;;;13118220018386;23118220018383;;
21290002;3118220026186;M16 REVEL (MAZARIN) NOIR ET DORE BOITE ALINEA;;;13118220026183;23118220026180;;
11060058;3118220027633;CAC S200 AEROFRAME TOXIFIE LAME SERRATION EN BOITE TECHNIQUE;;;13118220027630;23118220027637;;
Comp0740075;3118220025738;PORTE VERRE PLAT 1330x500 DRLX;;;13118220025735;23118220025732;;
Kit0100001;3118220031340;DISPLAY PALETTE 121 PIECES LAGUIOLE HERITAGE;;;13118220031347;23118220031344;;
444780;3118224447802;COFFRET 1 COUTEAU CERAMIQUE 155MM MANCHE ORANGE LAME BLANCHE;;;13118224447809;23118224447806;;
124287;3118221242875;VISUEL 15*7.5CM BAC MENAGERE CLEO;;;13118221242872;23118221242879;;
20160010;3118220002616;M48 OSLO BRILLANT CLASSIQUE BOITE CADEAU LISA;;;13118220002616;23118220002610;;
30150003;3118220002661;CUILLERE AMANDE TURQUOISE+GENCOD;;;13118220002668;23118220002665;;
448091;3118224480915;PAIN 19 ACIDULE MANCHE ROUGE 185C SOUS FX T3 COUT DU CHEF;;;13118224480912;23118224480919;;
10050036;3118220057241;COFFRET  LAGUIOLE HERITAGE FROMAGE 3P SENS INOX;;;13118220057248;23118220057245;;
603034;3118226030347;TUBE GRIS MARTELE 3MDIA 25MM;;;13118226030344;23118226030341;;
Comp0740067;3118220025318;PLAN MERCH POUR VITRINE COUTEAU GIFI 2018;;;13118220025315;23118220025312;;
10430021;3118220023628;COFFRET 6 STEAK RECORD CAMAIEU BLEU;;;13118220023625;23118220023622;;
446392;3118224463925;COFFRET CERAMIQUE CX 155MM LAME TITANE MULTICOLOR;;;13118224463922;23118224463929;;
442146;3118224421468;LOT DE 6 CALOTTES 20.5CM IVOIRE MAT;;;13118224421465;23118224421462;;
401893;3118224018934;M24 BACCARAT METAL SATINE POTPET;;;13118224018931;23118224018938;;
442353;3118224423530;LOT DE 3 ASSIETTES CARREES 25CM IVOIRE MAT;;;13118224423537;23118224423534;;
444510;3118224445105;COFFRET CERAMIQUE 1 OFFICE 75MM+1 CHEF 15 LAME NOIRE;;;13118224445102;23118224445109;;
438312;3118224383124;CUILLERE BASTILLE BLANC+GENCOD;;;13118224383121;23118224383128;;
304690;3118223046907;COUTEAU TABLE AMANDE VERT;;;;;;
444505;3118224445051;FRUIT/LEG 14 POLYPRO FX COUTEAU DU CHEF;;;13118224445058;23118224445055;;
30050009;3118220003002;CUILLERE EVOLUTION SENS LASURE FONCE +GENCOD;;;13118220003009;23118220003006;;
30363716;3118220034969;LOT 3 FETTES TROQUET PANACHE ANIS-TURQ-AUBERG-ORANGE;;;13118220034966;23118220034963;;
445040;3118224450406;STEAK URBAN FX COUTEAU DU CHEF T1;;;13118224450403;23118224450400;;
Div0850008;3118220056541;STYLO BILLE NOIR  TB OUTDOOR;;;13118220056548;23118220056545;;
445751;3118224457511;SANTUKO LAG EXPRESSION MANCHE BOIS NOIR FX COUTEAU DU CHEF T;;;13118224457518;23118224457515;;
438040;3118224380406;M24 INFINITY ANIS EN RANGE COUVERTS;;;13118224380403;23118224380400;;
10000002;3118220001305;Z BLOC BLANC 5 COUTEAUX MANCHE BLANC LAME BLANC TUBE PVC VPC;;;13118220001302;23118220001309;;
Kit0047;3118220001039;KIT PLV LINEAIRE COUVERTS ALINEA L120;;;;;;
Comp0740003;3118220012714;CASSETTE INCLINE VERRES;;;13118220012711;23118220012718;;
238946;3222472389460;CT STEAK 13 CM BOIS BACKELISE;;;13222472389467;23222472389464;;
Comp0125;3118220012875;DISPLAY MIXTE 1200X800 BROCHES/ETAGERES;;;;;;
446910;3118224469101;CHEF 30CM LARGE FORGE BOIS BACKELISE NOIR BERLINGOT;;;13118224469108;23118224469105;;
300350;3118223003504;CUILL TABLE CLEO 18% 10/10;;;13118223003501;23118223003508;;
439822;3118224398227;OFFICE 9CM LAG EXPRESSION POM FX T1 ANTIVOL;;;13118224398224;23118224398221;;
21190004;3118220022829;CUILLERE PAIMPOL 18/10 + GENCOD;;;13118220022826;23118220022823;;
448310;3118224483107;OUVRE BOUTEILLE TRANSITION SACHET+GENCOD;;;13118224483104;23118224483101;;
315327;3118223153278;CUILLERE ACIDULE BEE ANIS 583C VRAC;;;13118223153275;23118223153272;;
310004;3118223100043;EPLUCHEUR BOIS BAK.JAUNE RIVET;;;;;;
10020034;3118220005389;COTE DE BOEUF 12CM ACIDULE BEE MANCHE ROUGE LAME INOX VRAC;;;13118220005386;23118220005383;;
428630;3118224286302;HUITRE PP SS GARDE NOIR+GENCOD;;;13118224286309;23118224286306;;
416810;3118224168103;M24 CLEO PACK LISA D'ALBAN;;;13118224168100;23118224168107;;
448200;3118224482001;CUISINE 17 LAG LASURE MANCHE BOIS GRISE SOUS  FX TB T3;;;13118224482008;23118224482005;;
Cons0015;3118220003996;KAKEMONO GAUCHE DISPLAY SYSTEME U;;;13118220003993;23118220003990;;
Kit0032;3118221366366;KIT PLV LINEAIRE COUTEAUX H220 LINEAIRE L133 LECLERC ESPAGNE;;;13118221366363;23118221366360;;
446426;3118224464267;COUTEAU ESCAPADE FICELLE +GENCOD;;;13118224464264;23118224464261;;
32070009;3616957761221;COUTEAU OPEN DECOR FLORAL CARREFOUR HOME;;;03616955895010;03616954319999;;
446071;3118224460719;STEAK LAG EVOLUTION LASURE NATUREL+SLEEVE+GENCOD;;;13118224460716;23118224460713;;
437510;3118224375105;COUTEAU DESSERT OSLO +GENCOD;;;13118224375102;23118224375109;;
314662;3118223146621;CUILLERE BLACK DOTS VRAC;;;13118223146628;23118223146625;;
30900007;3118220011595;COUTEAU STEAK INEDIT DECOR BOIS FONCE VRAC GENCOD;;;13118220011592;23118220011599;;
430340;3118224303405;FOURCHETTE VIEUX PARIS MONOPRIX;;;13118224303402;23118224303409;;
40020012;3118220021709;EPLUCHEUR TOMATE LAGUIOLE INTUITION METAL +GENCOD;;;13118220021706;23118220021703;;
10020102;3118220020580;CISEAU UNIVERSEL ACIDULE NOIR SUR CARTE;;;13118220020587;23118220020584;;
41000007;3118220021259;ZESTEUR SILICONE COUL PANACHE +GENCOD;;;13118220021256;23118220021253;;
314200;3118223142005;FETTE DESSERT OPERA;;;;;;
Comp0082;3118220010567;COFFRET BI MAT VIDE CUISINE 21 FURTIF EVERCUT+ETUI+STICKER;;;13118220010564;23118220010561;;
448640;3118224486405;CAFE INEDIT ECOSSAIS JAUNE +GENCOD;;;13118224486402;23118224486409;;
10020032;3010006077910;COFFRET DE LA MER ACIDULE ROUGE 185C EURODIF;;;13010006077917;23010006077914;;
20160020;3118220023314;FOURCHETTE OSLO DECOR SQUARE VRAC + GENCOD;;;13118220023311;23118220023318;;
430375;3118224303757;M24 TROQUET ANIS 390C POT PET + BTE UNIT DAXON;;;13118224303754;23118224303751;;
Comp0500006;3118220033443;FERMANT LAG EVOLUTION BOIS NATUREL 10CM VRAC;;;13118220033440;23118220033447;;
441140;3257983102550;PAIN SURGELER BI MAT SOFT FX CORA;;;13257983102557;23257983102554;;
30650030;3118220006911;CAFE HECTOR MASTIC 7536C VRAC GENCOD;;;13118220006918;23118220006915;;
136762;3118221367622;VISUEL+KAKEMONO OP CASINO ACIDULE TITANE;;;;;;
10010016;3118220002036;COFFRET 1 COUTEAU CERAMIQUE 155MM LAME NOIRE SUISSE;;;13118220002033;23118220002030;;
436970;3118224369708;OFFICE BAMBOO STICK BOITE DETAILLANT TB CLASSICS;;;13118224369705;23118224369702;;
10300014;3118220013933;JAMBON EXPRESSION METAL SATINE SOUS BERLINGOT;;;13118220013930;23118220013937;;
Outi1940048;3118220051300;GABARIT DOS SENSEO 1 VERSION BOIS;;;;;;
419270;3118224192702;M24 PCES NEW TOSCANE BTE FORGEE (KOS) BRILLANT;;;13118224192709;23118224192706;;
404531;3118224045312;CT OFFICE BOIS COULEUR RIVETS;;;13118224045319;23118224045316;;
436885;3118224368855;FROMAGE BOIS PALISSANDRE+FX CDF;;;13118224368852;23118224368859;;
Kit0037;3118220003590;KIT DISPLAY PALETTE LAGUIOLE COUTEAU COUVERT USTENSILES 2014;;;13118220003597;23118220003594;;
428120;3118224281208;CUILL BACCARAT JAUNE+GENCOD;;;;;;
30040010;3118220006430;COUTEAU POIS CLASSIC GRIS COOL GREY 11C VRAC GENCOD;;;13118220006437;23118220006434;;
143350;3118221433501;KIT PLV LINEAIRE COUTEAUX H320 L120 ALINEA;;;13118221433508;23118221433505;;
Kit0740029;3118220045163;KIT IMPLANTATION COUTELLERIE CONFORAMA 2022;;;13118220045160;23118220045167;;
21040002;3118220023239;FOURCHETTE DROP METAL VRAC + GENCOD;;;13118220023236;23118220023233;;
300360;3118223003603;CAFE CLEO 18% 10/10;;;13118223003600;23118223003607;;
436281;3118224362815;Z SANTUKO 17 TRANSITION FX CDF UNITAIRE REDOUTE;;;13118224362812;23118224362819;;
300225;3118223002255;CT LAG TABLE METAL 12/10;;;13118223002252;23118223002259;;
511548;3118225115489;M48 TROQUET MARINE;;;13118225115486;23118225115483;;
20160019;3118220023307;COUTEAU OSLO DECOR SQUARE VRAC + GENCOD;;;13118220023304;23118220023301;;
442376;3118224423769;LOT DE 6 ASSIETTES CARREES 25CM TERRACOTA MAT;;;13118224423766;23118224423763;;
300380;3118223003801;CUILL MAZZAGRAN  CLEO 18% 10/10;;;13118223003808;23118223003805;;
413010;3118224130100;BOUCHER 21 METAL FX CDF;;;13118224130107;23118224130104;;
446420;3118224464205;COUTEAU ESCAPADE ANIS +GENCOD;;;13118224464202;23118224464209;;
446101;3118224461013;DOUBLE AIGUISEUR POIGNEE COLORIS PANANCHES;;;13118224461010;23118224461017;;
442340;3118224423400;EXPRESSO TERRACOTA MAT;;;13118224423407;23118224423404;;
Comp0007;3118220005112;ETAGERE A POTS 1330 GRIS LECLERC LA PARDIEU;;;13118220005119;23118220005116;;
Kit0750007;3118220005358;DISPLAY 308 LAGUIOLE USTENSILES-COFFRETS 1/4 PALETTE 60*40;;;13118220005355;23118220005352;;
10020057;3118220010093;CHEF 19 ACIDULE LAME INOX MANCHE ROUGE 185C BOITE CADEAU;;;13118220010090;23118220010097;;
30140044;3614613272210;M24 CANDIES ANIS 583C PANIER CARREFOUR;;;13614613272217;23614613272214;;
432741;3254564484371;M24 BOLERO CELADON AUCHAN;;;;;;
136221;3118221362214;COFFRET VIDE M16 ACIDULE BEE ABS BTE LARGE 38*30*5.4;;;13118221362211;23118221362218;;
10650021;3118220028104;6 STEAKS HECTOR REGLISSE (NOIR) EN BOITE VPC;;;13118220028101;23118220028108;;
10424297;3118220012271;MAESTRO TB N°4 POLYVALENT MICRO 13CM BERLINGOT;;;13118220012278;23118220012275;;
Comp0740062;3118220024243;ENSEMBLE VISUEL MAGNET ET PASTILLE GIFI COUTEAU L100 STA0332;;;13118220024240;23118220024247;;
Comp1190001;3118220026100;BOITE PREMIUM VIDE + FACADE POUR M16 PAIMPOL;;;13118220026107;23118220026104;;
Comp0209;3118220018723;SLEEVE FOURREAU 1 PM 65*80 PET 50µ CSSLE06;;;13118220018720;23118220018727;;
10010052;3118220005884;COFFRET 3 STEAK CERAMIQUE LAME BLANCHE PACK ECO;;;13118220005881;23118220005888;;
433060;3254564698136;BOUCHER 21CM FORGE AUCHAN/FRX;;;13254564698133;23254564698130;;
430700;3453830035990;FETTE VIEUX PARIS COMPTOIR DE;;;13453830035997;23453830035994;;
31010016;3118220017542;CUILLERE REFLET METALLISE ARGENT VRAC GENCOD;;;13118220017549;23118220017546;;
238933;3222472389330;CT CUISINE 17 CM FORGE;;;13222472389337;23222472389334;;
449110;3118224491102;FUSIL A AIGUISER MECHE OVALE;;;13118224491109;23118224491106;;
Kit0750017;3118220029743;DISPLAY 189 PCS CTX PRO TOP CHEF 1/4 PAL BILINGUE FR/FLAMAND;;;13118220029740;23118220029747;;
444782;3118224447826;COFFRET 1 COUTEAU CERAMIQUE 155MM MANCHE PRUNE LAME BLANCHE;;;13118224447823;23118224447820;;
Comp0950003;3118220020344;CARTE DEDICACE GUY SAVOY 4 PAGES 1 PLI 210*105 380G/M2;;;13118220020341;23118220020348;;
449226;3118224492260;CAFE SENS NOIR CARBONE+GENCOD;;;13118224492267;23118224492264;;
432470;3118224324707;PLANCHE BI-MAT +7 CTX SENSIO;;;13118224324704;23118224324701;;
443884;3118224438848;COFFRET BI MAT 6 STEAKS LAG EVOLUTION MIROIR;;;13118224438845;23118224438842;;
30140043;3118220013162;CAFE MANGO BLEU ACIER 5405C+GENCOD;;;13118220013169;23118220013166;;
10010027;3613865208343;COFFRET 6 CERAMIQUE OF-EMI-C15-C13-U10-EP TAUPE409C LAME BLA;;;13613865208340;23613865208347;;
31010001;3118220014374;M16 REFLET METALLISE CUIVRE BOITE DECO LISA;;;13118220014371;23118220014378;;
30970014;3118220016262;COUTEAU ECUME KIR 221C VRAC GENCOD;;;13118220016269;23118220016266;;
441612;3118224416129;GRILLADIN ABSOLU BOIS FX TB;;;13118224416126;23118224416123;;
602782;3118226027828;DOC ABSOLU;;;13118226027825;23118226027822;;
10020095;3118220018372;A UTILISER POUR ACIDULE;;;13118220018379;23118220018376;;
30140024;3010006033954;CUILLERE MANGO ANTHRACITE 446C EURODIF;;;13010006033951;23010006033958;;
31050020;3118220023406;CUILLERE FURTIF TERRE DE SIENNE 7631C VRAC + GENCOD;;;13118220023403;23118220023400;;
446580;3118224465806;FOURCHETTE MANGO ANIS 382C;;;13118224465803;23118224465800;;
10020071;3118220013285;SECATEUR A VOLAILLE ACIDULE ANIS CARTE PEGB;;;13118220013282;23118220013289;;
30970033;3118220016453;CAFE ECUME TITANE BLUE 5405C VRAC GENCOD;;;13118220016450;23118220016457;;
Kit0740006;3118220025349;PLV LINEAIRE 1000 COUVERT GIFI;;;13118220025346;23118220025343;;
50020013;3118220004061;VERRE GM 36 ACIDULE ROUGE 185C;;;13118220004068;23118220004065;;
446330;3118224463307;UNIVERSEL 15 EQUILIBRE JAPONAIS CDF EN BOITE CADEAU;;;13118224463304;23118224463301;;
10500010;3118220025974;LAGUIOLE FERMANT LAME 10 CM BOIS CLAIR;;;13118220025971;23118220025978;;
603030;3118226030309;GRILLE DOUBLE CADRE 2000*400*6;;;13118226030306;23118226030303;;
445890;3118224458907;FERMANT LAG EVOLUTION CORNE LAME NOIRE EN BTE;;;13118224458904;23118224458901;;
446585;3118224465851;FOURCHETTE MANGO TAUPE 7531C;;;13118224465858;23118224465855;;
Comp0750019;3118220029767;ENSEMBLE AFFICHE+KAKEMONO TOP CHEF 1/4 FRANCAIS FLAMAND;;;13118220029764;23118220029761;;
444740;3118224447406;COFFRET 2 CERAMIQUE 95MM +155MM +1 EPL MANCHE ORA LAME BLANC;;;13118224447403;23118224447400;;
10424280;3118220004337;FORGE PREMIUM TB N°9 SLICER 21CM EVERCUT COFFRET BI MAT;;;13118220004334;23118220004331;;
Kit0740030;3118220045828;KIT COUTELLERIE CARREFOUR COMPLET 1 ELEMENT;;;13118220045825;23118220045822;;
31020030;3118220034013;CUILLERE NUANCE CELADON BLEU VRAC + GENCOD;;;13118220034010;23118220034017;;
441610;3118224416105;GRILLADIN ABSOLU PALISSANDRE DES INDES BOITE GRISE;;;13118224416102;23118224416109;;
11000020;3118220029996;CUISINE CERAMIQUE SILICONE LAME BLANCHE TOP CHEF FR FLAMAND;;;13118220029993;23118220029990;;
416900;3118224169001;6 CTX LAG METAL BOITE VPC;;;13118224169008;23118224169005;;
403012;3118224030127;CUISINE 17CM FORGE POM  FX TB;;;13118224030124;23118224030121;;
448390;3118224483909;HUITRE AVEC GARDE TRANSITION SACHET+GENCOD;;;13118224483906;23118224483903;;
448500;3118224485002;LOT 1BEURRE+1FROMAGE+1 OFFICE LAG ACIDULE COUL PANACHE SOUS;;;13118224485009;23118224485006;;
Div0860029;3118220040274;Moule brigade plastique GM;;;;;;
442116;3118224421161;LOT DE 6 ASSIETTES PLATES 26CM IVOIRE MAT;;;13118224421168;23118224421165;;
436451;3118224364512;LAG FERMANT 11CM BOIS NATUREL+BTE DETAILLANT;;;13118224364519;23118224364516;;
30240004;3118220002333;CAFE INEDIT ITALIE NEW+GENCOD;;;13118220002330;23118220002337;;
Kit0083;3118220009387;DISPLAY 24 ROULETTES A PIZZA CERAMIQUE BRETAGNE3118220006003;;;;;;
448600;3118224486009;BAC NOIR 5 CASES VIDE POUR GAMME CLEO TYPE 1 AVEC MOKA MAZ;;;13118224486006;23118224486003;;
441621;3118224416211;EMINCEUR ABSOLU PALISSANDRE DES INDES BERLINGOT;;;13118224416218;23118224416215;;
136561;3118221365611;POT PRESENTATION COUVERTS POUR LINEAIRE H12.7*D7.5CM;;;13118221365618;23118221365615;;
428831;3010005420045;COUTEAU SOHO +GENCOD EURODIF;;;13010005420042;23010005420049;;
Kit0070001;3118220016071;ENSEMBLE 5 COFFRETS FURTIF BASIC LAME INOX;;;13118220016078;23118220016075;;
10010015;3118220001626;COFFRET CERAMIQUE 3P 155MM+95MM+EPL MANCHE ROSE LAME NOIRE;;;13118220001623;23118220001620;;
10640009;3118220035867;CUISINE 17 BI-MAT TB PROFESSIONNEL EN PACK ECOLOGIQUE;;;13118220035864;23118220035861;;
301040;3118223010403;COUTEAU TABLE LACET;;;;;;
448650;3118224486504;COFFRET 6 STEAKS MANGO COUL ASSORTIES;;;13118224486501;23118224486508;;
448073;3118224480731;FRUIT LEG 14 ACIDULE MANCHE NOIR CARBONE SOUS FX TB T2;;;13118224480738;23118224480735;;
124279;3118221242790;VISUEL BAC MENAGERE CLEO SANS MAZAGRAN ALINEA;;;;;;
301070;3118223010700;CUILLERE CAFE LACET;;;13118223010707;23118223010704;;
442080;3118224420805;BLOC BOIS OPEN PIED INCLINE 5 CX MANCHE ABS MITRE FORGEE;;;13118224420802;23118224420809;;
30170015;3118220004849;CAFE LAG DUO VERT 381C+ GENCOD;;;13118220004846;23118220004843;;
Comp0192;3118220018464;ETAGERE SIMPLE 1/4;;;;;;
10010103;3118220010390;COFFRET 2 CERAMIQUE METALLISE BRONZE 1 OF+1 C13 LAME BLANCHE;;;13118220010397;23118220010394;;
Cons0950001;3118220020658;SAC COTON NOIR 140G GUY SAVOY AVEC ANSES 40*35;;;13118220020655;23118220020652;;
30040030;3118220019140;M16 INEDIT SCANDINAVE BLEU BOITE DECO;;;13118220019147;23118220019144;;
136587;3118221365871;VISUEL LINEAIRE COUVERTS L100 CONFORAMA SUISSE;;;;;;
442495;3118224424957;6 STEAK TROQUET NOIR POT PET;;;13118224424954;23118224424951;;
10120001;3118220001015;Z BLOC MAGNETIQ 5 COUTEAUX FORGE MANCHE PLASTIQUE NOIR VPC;;;13118220001012;23118220001019;;
411250;3118224112502;M24 ZEPHIR JAUNE CITRON POT PET;;;13118224112509;23118224112506;;
10020029;3118220003811;CUISINE 17 ACIDULE COUL PANACHE FX T3 COUT DU CHEF;;;13118220003818;23118220003815;;
448511;3118224485118;LOT 1BEURRE+1FROMAGE LAG ACIDULE NOIR CARBONE SOUS SACHET;;;13118224485115;23118224485112;;
416290;3118224162903;MALETTE  7 PCES METAL IMP+ BARRE;;;;;;
21480005;3118220030497;M24 ESSENTIEL BOITE TB COLLECTION;;;13118220030494;23118220030491;;
449040;3118224490402;FOURCHETTE PENDERIE ACIDULE COUL ASS SUR CARTE;;;13118224490409;23118224490406;;
Comp0204;3118221372657;SLEEVE 63*165 DOUBLE PERFORATION VERTICALE PET 50µ 137265;;;13118221372654;23118221372651;;
Kit0750069;3118220051539;DISPLAY 1/4 PAL OP FIDELITE LAG HERITAGE PROXI 2025;;;13118220051536;23118220051533;;
143607;3118221436076;BAC 2 COMPARTIMENTS 8/10;;;13118221436073;23118221436070;;
30090015;3118220025363;COFFRET 6 CUILLERES EVOLUTION CUIR COULEUR  ASSORTIES;;;13118220025360;23118220025367;;
445802;3118224458020;COFFRET CERAMIQUE 2CX LAG TABLE LAME NOIRE MANCHE ROUGE;;;13118224458027;23118224458024;;
10960065;3118220018969;TUBO NOIR 6 COUT AUGUSTE PREMIUM POM GRIS PAVOT L MAT;;;13118220018966;23118220018963;;
Comp0740082;3118220027459;ENSEMBLE VISUEL COUVERTS CRF BELGIQUE POUR BAC 6 CASES;;;13118220027456;23118220027453;;
1042;3118220010420;LAGUIOLE TABLE COLORIS ASSORTIS;;;13118220010427;23118220010424;;
11510012;3118220042179;OFFICE BOIS STABILISE LAME LISSE EN PACK ECOLOGIQUE;;;13118220042176;23118220042173;;
10460001;3118220015258;2 GRILLADES PRADEL SUR SKIN LCDC;;;13118220015255;23118220015252;;
446492;3118224464922;SANTOKU  17CM JAPONAIS TB FX TB T3;;;13118224464929;23118224464926;;
442416;3118224424162;LOT DE 6 RAVIERS CARRES 17CM IVOIRE MAT;;;13118224424169;23118224424166;;
421040;3257981027060;STEAK FORGE RIV/ FRX CORA;;;13257981027067;23257981027064;;
445460;3118224454602;SANTUKO MEMORY FX COUTEAU DU CHEF EXPORT T3;;;13118224454609;23118224454606;;
10020119;3118220026650;6 CAFES LAGUIOLE INTUITION METAL COFFRET BOIS ENCOCHE;;;13118220026657;23118220026654;;
Div0860010;3118220038042;OUTIL CAMBRAGE;;;13118220038049;23118220038046;;
316022;3118223160221;UNIVERSEL LAME LISSE 13 ACIDULE BEE MANCHE NOIR CARBONE LAME;;;;;;
10020003;3118220001046;Z BLOC MAGNETIQUE 6 STEAKS ACIDULE COUL ASSORTI VPC;;;13118220001043;23118220001040;;
416280;3523670153731;EPLUCHEUR POLYPRO GRANDJURY;;;13523670153738;23523670153735;;
Comp0012;3118220005334;PANIERE VIDE + TUBE PVC M48 TB COLLECTION;;;13118220005331;23118220005338;;
302104;3118223021041;COUTEAU TABLE TROQUET ROUGE PS;;;13118223021048;23118223021045;;
448350;3118224483503;PINCEAU SILICONE TRANSITION SACHET+GENCOD;;;13118224483500;23118224483507;;
10424328;3118220042131;BLOC BOIS  5 COUTEAUX BRIGADE FORGE;;;13118220042138;23118220042135;;
10020087;3118220014275;Z BLOC UNIVERSEL PICOTS 5 COUTEAUX ACIDULE NOIR VPC;;;13118220014272;23118220014279;;
Kit0118;3118220015098;CRAVATE 12 ROULETTES PIZZA CERA BLANCHE USA+U.JACK BLISTER;;;;;;
Kit0740021;3118220039896;KIT COUVERTS TB 2 ELEMENTS VRAC + MENAGERES GIFI;;;13118220039893;23118220039890;;
30020007;3118220001268;COFFRET BI MAT 6 CUILLERES ACIDULE COUL ASSORTIE;;;13118220001265;23118220001262;;
400016;3118224000168;M24 LAG ORANGE MARBRE COF CADEA;;;13118224000165;23118224000162;;
30900009;3118220011618;CUILLERE INEDIT DECOR BOIS FONCE VRAC GENCOD;;;13118220011615;23118220011612;;
10120018;3118220017894;TRANCHELARD 15CM FORGE MAESTRO IDEAL EN BERLINGOT;;;13118220017891;23118220017898;;
444775;3118224447758;COFFRET 1 OFFICE CERAMIQUE 75MM PANACHE LAME BLANCHE;;;13118224447755;23118224447752;;
41000011;3118220021297;TARTINEUR SILICONE COUL PANACHE +GENCOD;;;13118220021294;23118220021291;;
30650003;3118220005471;COFFRET 3 COUTEAUX DE TABLE HECTOR VERT ANIS 381C;;;13118220005478;23118220005475;;
402671;3118224026717;6 CTX LAG ABS BLEU BLOC INCLINE;;;13118224026714;23118224026711;;
Comp0950002;3118220020337;FLYER GUY SAVOY COUTEAU DE TABLE 4 PAGES 1 PLI 210*105 380G;;;13118220020334;23118220020331;;
448290;3118224482902;ZESTEUR TRANSITION SACHET+GENCOD;;;13118224482909;23118224482906;;
Kit0750067;3118220049758;DISPLAY BOIS LE MAREYEUR 100% MADE IN FRANCE V6;;;13118220049755;23118220049752;;
111560;3118221115605;EQUERRE 1000MM  DD11 10/10 VERSION BASSE 100CM;;;13118221115602;23118221115609;;
10010018;3118220002067;COFFRET RASE LEGUME CERAMIQUE PANAC MAISON ETE BELG LAME BLA;;;13118220002064;23118220002061;;
448110;3257984139852;OFFICE FORGE POM FX CORA;;;13257984139859;23257984139856;;
30040018;3118220006515;CAFE POIS GRAPHIK INEDIT MULTICOLOR VRAC GENCOD;;;13118220006512;23118220006519;;
136585;3118221365857;VISUEL+KAKEMONO DISPLAY PALETTE LAG EVOLUTION;;;;;;
10120109;3118220028890;CUISINE 25 CM FORGE MAESTRO IDEAL EN BERLINGOT TOP CHEF;;;13118220028897;23118220028894;;
411500;3118224115008;FETTE BULLE FRAMBOISE+GENCOD;;;13118224115005;23118224115002;;
315210;3118223152103;OFFICE BOIS PERVENCHE VIOLET C;;;13118223152100;23118223152107;;
444757;3118224447574;COFFRET 3 CX STEAK CERAMIQUE MANCHE GRIS 11C LAME BLANCHE;;;13118224447571;23118224447578;;
10960075;3118220019065;TUBO NOIR 6 COUT AUGUSTE NATUREL EBENE LAME INOX MAT;;;13118220019062;23118220019069;;
424500;3118224245002;M24 KOBE CHARME;;;13118224245009;23118224245006;;
314720;3118223147208;COUTEAU ACIDULE BEE BLEU 286C  VRAC;;;13118223147205;23118223147202;;
21170009;3118220024885;CUILLERE BRUME AUBERGINE + GENCOD;;;13118220024882;23118220024889;;
Comp0195;3118221364607;BLOC VIDE MAGNETIQUE POUR 6 STEAKS EXPRESSION REF 443940;;;;;;
30140016;3010006033930;CUILLERE MANGO TURQUOISE 7467C EURODIF;;;13010006033937;23010006033934;;
444070;3118224440704;FERMANT LAG EVOLUTION BOIS NATUREL LAME NOIRE BTE;;;13118224440701;23118224440708;;
419900;3118224199008;M24 TROQUET FRAMBOISE PS POT PET;;;13118224199005;23118224199002;;
Cons0005;3118220008236;ETIQUETTE IMPRIMEE NE PEUT ETRE VENDU 40*16 VELIN BLANC;;;;;;
30020327;3118220034730;COUTEAU ACIDULE BEE JAUNE CUMIN 7752C VRAC;;;13118220034737;23118220034734;;
32210035;3617703024270;CUILLERE OPEN UNI COLOR VERT SAUGE CARREFOUR HOME;;;03617704528784;03617701359787;;
Comp0740008;3118220014695;PORTE VERRES/MENAGERES INCLINE 1000;;;;;;
Comp0740200;3118220047679;MONTANT GONDOLE PERFO 2 FACES HTR  2215 MM NOIR RAL 9005;;;13118220047676;23118220047673;;
432642;3254564484241;M16 PYRAMIDE FRAMBOISE AUCHAN;;;13254564484248;23254564484245;;
10120111;3118220028913;CUISINE 35 CM FORGE MAESTRO IDEAL EN BERLINGOT TOP CHEF;;;13118220028910;23118220028917;;
441643;3118224416433;CUISINIER ABSOLU BOIS FX COUTEAU DU CHEF;;;13118224416430;23118224416437;;
448261;3118224482612;BLOC BLANC 6 USTENSILES TITANE CUISINE ACIDULE BEE ROUGE 185;;;13118224482619;23118224482616;;
441100;3257983102505;OFFICE BI MAT SOFT FX CORA;;;13257983102502;23257983102509;;
10300050;3118220047952;BLOC MAGNETIQUE 5 COUTEAUX LAGUIOLE EXPRESSION METAL;;;13118220047959;23118220047956;;
448932;3118224489321;LOT 3 CUILLERES MANGO ROUGE 185C;;;13118224489328;23118224489325;;
10320008;3118223089614;STEAK POLYPRO CARREFOUR THIERS F VRAC SANS GENCOD;;;13118223089611;23118223089618;;
448733;3118224487334;COUTEAU EVOLUTION CUIR TAUPE WARM GREY 11C+GENCOD;;;13118224487331;23118224487338;;
10300006;3118220011755;OFFICE EXPRESSION METAL SATINE BERLINGOT;;;13118220011752;23118220011759;;
403701;3118224037010;CUILL MC GREGOR ROSE+GENCOD;;;;;;
10020079;3118220013902;CISAILLE A CRUSTACES ACIDULE BLANC SUR CARTE;;;13118220013909;23118220013906;;
Kit0079;3118220009264;KIT PLV LINEAIRE VAISSELLE 100CM VIDE;;;;;;
447130;3118224471302;BOITE 12 GRILLADES BOIS NATURA;;;13118224471309;23118224471306;;
Comp0740033;3118220019713;ETAGERE 28 POTS VERRES + 28 VERRES DRLX;;;13118220019710;23118220019717;;
31020020;3118220032767;COUTEAU NUANCE BLANC VRAC GENCOD;;;13118220032764;23118220032761;;
Comp0148;3118220015401;COFFRET PLEXIGLAS ACRYLIQUE VIDE POUR 6 COUTEAUX GS FEMME;;;;;;
10320022;3118220022751;COUTEAU HUITRE GALET MULTIFORME EN BOURRICHE;;;13118220022758;23118220022755;;
Cons0053;3118220011113;COIFFE EN CARTON C30 81*121*190 DISPLAY VITRINE;;;;;;
426620;3118224266205;TABLE SENSIO / FRX  CDF;;;13118224266202;23118224266209;;
20390006;3118220013858;M16 NEW TRANSITION EN BOITE TB COLLECTION;;;13118220013855;23118220013852;;
434250;3118224342503;MALLETTE BARBECUE 17 PMETAL;;;13118224342500;23118224342507;;
448630;3118224486306;CUILLERE INEDIT ECOSSAIS JAUNE +GENCOD;;;13118224486303;23118224486300;;
Kit0132;3118220016897;GONDOLE BASSE 6 PANIERS 1330;;;;;;
Outi1940010;3118220048744;CAC MK1.5 MOLETTE MICRODENTURE outi1942;;;;;;
427470;3118224274705;BOULANGER GRAPHIC / BTE;;;13118224274702;23118224274709;;
432082;3118224320822;TUBO DE 6 STEAKS RECORD COUL ASSORTIES EN DISPLAY DE 30;;;13118224320829;23118224320826;;
10640001;3118220009530;OFFICE BI MAT SOFT ROUGE 200C GRIS ANTHRACITE FX COUT DU CHE;;;13118220009537;23118220009534;;
30363710;3609231257695;6 STEAK BISTROT CLASSIC NOIR POT PET EN DISPLAY CARREFOUR;;;13609231257692;23609231257699;;
30050007;3118220002944;COUTEAU EVOLUTION SENS LASURE FONCE +GENCOD;;;13118220002941;23118220002948;;
30970010;3614613272340;M24 ECUME CAMPARI ROUGE 485C POT PET CARREFOUR;;;13614613272347;23614613272344;;
307110;3118223071107;FOURCHETTE BULLE FRAMBOISE;;;13118223071104;23118223071101;;
123847;3118221238472;STICKER ARGENT12.5*2CM POUR COFFRET 6 COUTEAUX OU FETTES TRA;;;13118221238479;23118221238476;;
301190;3118223011905;CUILLERE CAFE VIEUX PARIS;;;;;;
41000006;3118220021242;PINCEAU SILICONE SILICONE COUL PANACHE +GENCOD;;;13118220021249;23118220021246;;
304900;3118223049007;CUILLERE CAFE CURVING BRILLANT;;;13118223049004;23118223049001;;
143791;3118221437912;VISUEL+STICKER CX FLY L100 FRANCE;;;;;;
307120;3118223071206;CUILLERE BULLE FRAMBOISE;;;13118223071203;23118223071200;;
435393;3118224353936;CAFE BOLERO ARDOISE+GENCOD;;;13118224353933;23118224353930;;
440856;3118224408568;BOURRICHE DE 36 HUITRE LAG BOIS ASSORTIES SOUS COQUE;;;13118224408565;23118224408562;;
442406;3118224424063;LOT DE 6 ASSIETTES CARREES DESSERT 21CM TERRACOTA MAT;;;13118224424060;23118224424067;;
Comp0047;3118220008601;COFFRET M26 VIDE BI MAT ROUGE 185C 300*300* POUR ACIDULE;;;;;;
10010009;3118220001152;COFFRET 3 STEAK CERAMIQUE LAME NOIRE PANACHE 4 COULEURS;;;13118220001159;23118220001156;;
10010162;3118220014183;COFFRET 4CERAMIQUE OF+STEAK+C13+EP MANCHE BRESIL LAME BLANCH;;;13118220014180;23118220014187;;
30090003;3118220002197;M16 EVOLUTION CUIR MARRON GLACE 438C;;;13118220002194;23118220002191;;
30363696;3118220015494;M16 TROQUET ROUGE POT PET;;;13118220015491;23118220015498;;
10010126;3118220011137;COFFRET 4CERAMIQUE OF+ST+C13+EP METALLISE TIE AND DYE LAM BL;;;13118220011134;23118220011131;;
21030002;3118220015449;M16 ORFEVRE MARTELE SATINE BOITE LISA;;;13118220015446;23118220015443;;
Kit0070;3118220007499;KIT DISPLAY PALETTE LAGUIOLE COUTEAU COUVERT NOEL 2015 FLOCO;;;13118220007496;23118220007493;;
Div0950002;9782841236190;LIVRE RECETTES DESSERT;;;13118220020501;23118220020498;;
426710;3118224267103;DESOSSER CHALET VRAC+GENCOD;;;13118224267100;23118224267107;;
448732;3118224487327;COUTEAU EVOLUTION CUIR  MARRON GLACE 438C+GENCOD;;;13118224487324;23118224487321;;
441722;3118224417225;EMINCEUR EXPRESSION LAG EVOL MANCHE BOIS NOIR BOITE GRISE EX;;;13118224417222;23118224417229;;
437231;3118224372319;FOURCHETTE TOSCANE BLANC +GENCOD;;;13118224372316;23118224372313;;
446440;3118224464403;CUILLERE ESCAPADE ANIS +GENCOD;;;13118224464400;23118224464407;;
10020089;3118220017573;EPLUCHEUR ACIDULE COULEUR PANACHE SUR CARTE PEGB +GENCOD;;;13118220017570;23118220017577;;
419280;3118220106628;COUTEAUX HUITRE SANS GARDE;;;13118220106625;23118220106622;;
Kit0010031;3118220027565;DISPLAY 110 CERAMIQUES 1/4 PALETTE 60*40 LE COUTEAU DU CHEF;;;13118220027562;23118220027569;;
000248;3118220002487;INTERIM LOGISTIQUE;;;;;;
10590005;3118220006232;CISEAU LINGERE BI MAT COUTEAU DU CHEF;;;13118220006239;23118220006236;;
20110024;3118220029637;MAZAGRAN HERITAGE FINITION SABLE SUR CARTE PEGBORDABLE;;;13118220029634;23118220029631;;
10010122;3118220010826;COFFRET 3 CERAMIQUE STEAK+CHEF155+EPL LAME BLANC MANCHE ROUG;;;13118220010823;23118220010820;;
443255;3245672220999;M16 CLEO AUCHAN RUSSIE CODE OIA383735+ETIQ REF 101511;;;13245672220996;23245672220993;;
448660;3118224486603;COFFRET 6 FOURCHETTES MANGO COUL ASSORTIES;;;13118224486600;23118224486607;;
Kit0074;3118220007673;KIT PLV LINEAIRE  LAGUIOLE MODULE COUVERTS;;;13118220007670;23118220007677;;
442133;3118224421338;LOT DE 3 ASSIETTES PLATES 26CM TERRACOTA MAT;;;13118224421335;23118224421332;;
Comp0100026;3118220051102;COIFFE PALETTE 72 BARQUETTES;;;13118220051109;23118220051106;;
20550001;3118220032880;1 LOT 1 CT 1 FTTE 1 CUILL 1 CAFE BAROQUE EN BOITE;;;13118220032887;23118220032884;;
31260028;3118220042995;CUILLERE COTTAGE IVOIRE + GENCOD;;;13118220042992;23118220042999;;
137655;3118221376556;VISUEL COUVERTS FLY SETAM Allemagne;;;;;;
Comp0187;3118220033351;BOITE VIDE M16 CALICOT MDD CRF;;;13118220033358;23118220033355;;
136575;3118221365758;DEPLIANT HECTOR COUCHE MODERNE SATINE 300G 20*20CM;;;;;;
441090;3257983102499;SANTUKO FORGE FX CORA;;;13257983102496;23257983102493;;
446972;3118224469729;OFFICE ACIDULE  COUL PANACHE PROMO;;;13118224469726;23118224469723;;
10320015;3118220019737;LOT 12 CTX STEAK ECO NOIRS;;;13118220019734;23118220019731;;
000246;3118220002463;INTERIM WEB;;;;;;
31000002;3118220017955;FOURCHETTE TABLE SILICONE GALET 429C VRAC GENCOD;;;13118220017952;23118220017959;;
Comp0099;3118221362009;DISPLAY VIDE NOIR HEXACHROME 375*400*250 B25BL;;;13118221362006;23118221362003;;
Kit0750072;3118220055766;KIT MARCHANDISES HYPERMARCHE OP FIDELITE TOP CHEF 2026;;;13118220055763;23118220055760;;
10010005;3118220001114;COFFRET 1 CHEF 155 CERAMIQUE LAME NOIRE PANACHE 4 COULEURS;;;13118220001111;23118220001118;;
Kit0010023;3118220014985;DISPLAY 98 CERAMIQUE BASQUE 1/4 PALETTE 60*40 LC;;;13118220014982;23118220014989;;
40840007;3118220034891;BOURRICHE X50 LOT 6 FTTES HUITRE SCOTCH BBR MADE IN FRANCE;;;13118220034898;23118220034895;;
441710;3118224417102;STEAK EXPRESSION LAG EVOLUTION MANCHE BOIS NOIR BOITE GRISE;;;13118224417109;23118224417106;;
10010068;3118220007611;COFFRET 4 STEAK CERAMIQUE METALLISE ARGENT LAME BLANCHE;;;13118220007618;23118220007615;;
30686872;3061006449429;FOURCHETTE INEDIT UNION JACK+ GENCOD EURODIF;;;13061006449426;23061006449423;;
10010017;3118220002043;COFFRET 2 CX CERAMIQUE 125MM ET 75MM LAME NOIRE SUISSE;;;13118220002040;23118220002047;;
432880;3254564484517;2 PCES SERV. OSLO BTE AUCHAN;;;;;;
10450002;3118220023161;SANTUKO 18CM SENSIO FX COUTEAU DU CHEF;;;13118220023168;23118220023165;;
448101;3118224481011;CUISINE 17 ACIDULE MANCHE ROUGE 185C SOUS FX T3 COUT DU CHEF;;;13118224481018;23118224481015;;
301200;3118223012001;COUTEAU DESSERT  VIEUX PARIS;;;;;;
305110;3118223051109;CUILLERE TABLE ZEPHIR FRAMBOISE;;;;;;
423730;3390509945962;CUISINE 17CM PP BASIC EXP;;;13390509945969;23390509945966;;
21530007;3118220029705;CUILLERE BOBINE REVETEMENT PVD NOIR MAT SUR CARTE PREMIUM;;;13118220029702;23118220029709;;
10020120;3118220029248;BOURRICHE 60 FOURCHETTES HUITRES ACIDULE ROUGE + GENCOD;;;13118220029245;23118220029242;;
404602;3118224046029;EPLUCHEUR BOIS NELLE COULEUR AVEC RIV;;;13118224046026;23118224046023;;
442210;3118224422106;TASSE CAFE 12CL ARDOISE MAT;;;13118224422103;23118224422100;;
433050;3254564698112;CUISINE 25CM FORGE AUCHAN/FRX;;;13254564698119;23254564698116;;
431570;3118224315705;FETTE TROQUET NOIRE PS+GENCOD;;;13118224315702;23118224315709;;
Kit0111;3118220014732;DISPLAY 24 COFFRETS CERAMIQUE METALLISE ARGENT LAME BLANCHE;;;13118220014739;23118220014736;;
51740006;3118220044821;SET DE 6 GRANDES ASSIETTES TOP CHEF;;;13118220044828;23118220044825;;
10340016;3367305242175;OFFICE LUXE M.OLIVIER + SLEEVE 524217;;;13367305242172;23367305242179;;
30303043;3118220005525;CUILLERE TABLE EXPRESSION MANCHE BOIS NOIR BERLINGOT;;;13118220005522;23118220005529;;
143795;3118221437950;ETAGERE A POTS DE 96 COUVERTS FLY SETAM;;;13118221437957;;;
Cons0031;3118220008298;CARNET COMMANDE TRIPLI 297*210MM NUMEROTE;;;13118220008295;23118220008292;;
40010006;3118220009196;ROULETTE PIZZA CERAMIQUE BLANCHE CORSE SOUS BLISTER PEG;;;13118220009193;23118220009190;;
Comp0215;3118220033375;STICKER DIAM 140MM M6;;;13118220033372;23118220033379;;
Acce1060031;3118220028579;CAPUCHONS EN CAOUTCHOUC Ø11 mm;;;13118220028576;23118220028573;;
Div0850007;3118220056534;STYLO BILLE BLANC  TB OUTDOOR;;;13118220056531;23118220056538;;
20870005;3118220007772;M16 LAG EVOLUTION MIROIR SATINE;;;13118220007779;23118220007776;;
1Cera0010001;3118220014237;COFFRET 2 CX CERAMIQUE 125MM ET 75MM LAME NOIRE VPC;;;;;;
Cons0050001;3118220008342;COFFRET BI MAT VIDE ROUGE M16 SENS;;;13118220008349;23118220008346;;
136632;3118221366328;KIT PLV LINEAIRE COUTEAUX CORA FRANCE L133 2 BACS DE 5;;;13118221366325;23118221366322;;
Comp0004;3118220008069;ETIQUETTE ADHESIVE M16 45*27 1 COULEUR BLEU NUIT 5;;;;;;
30020003;3118220000384;COFFRET CARTON 6 CAFES ACIDULES MULTICOLOR;;;13118220000381;23118220000388;;
311840;3118223118406;FETTE DESSERT OSLO VRAC;;;13118223118403;23118223118400;;
10020065;3118220012486;BARRE AIMANTEE ACIDULE SOUS BLISTER COUL PANACHE;;;13118220012483;23118220012480;;
448601;3118224486016;BAC NOIR 5 CASES VIDE POUR GAMME CLEO TYPE 2 SANS MOKA MAZ;;;13118224486013;23118224486010;;
30050001;3118220003408;M16 EVOLUTION SENS ROUGE 185C COFFRET BI MAT;;;13118220003405;23118220003402;;
30040031;3118220019157;M16 INEDIT SCANDINAVE ROUGE BOITE DECO;;;13118220019154;23118220019151;;
447460;3118224474600;FOUET ACIDULE  COUL PANACHE SOUS BLISTER;;;13118224474607;23118224474604;;
434860;3222473119240;CHEF METAL FX CASINO;;;13222473119247;23222473119244;;
30020269;3118220029101;CUILLERE A SERVIR ACIDULE NOIR CARBONE VRAC;;;13118220029108;23118220029105;;
30656601;3118220016507;CAFE HECTOR WARM GREY 11C VRAC GENCOD;;;13118220016504;23118220016501;;
10960063;3118220018945;COFFRET BI MAT 6COUT AUGUSTE PREMIUM POM BLANC SUCRE G L MAT;;;13118220018942;23118220018949;;
402962;3118224029626;CUISINE 25 FORGE POM  FX COUTEAU TB;;;13118224029623;23118224029620;;
449242;3118224492420;COFFRET 6 CUILLERES SENS BLANC PUR;;;13118224492427;23118224492424;;
442493;3118224424933;6 STEAK TROQUET GRIS TAUPE POT PET;;;13118224424930;23118224424937;;
Kit0010034;3118220038479;DISPLAY COUTEAU DU CHEF CERAM 1/4 PALETTE BLANC ET NOIR;;;13118220038476;23118220038473;;
421350;3118224213506;M16 PCES VENISE EN BOITE;;;13118224213503;23118224213500;;
419450;3118224194508;COUTEAU GROS F/L  BAKELISE FX COUTEAU DU CHEF;;;13118224194505;23118224194502;;
Kit1000002;3118220021600;DISPLAY CARTON 48 COUTEAU DE CUISINE SILICONE MADE IN FRANCE;;;13118220021607;23118220020724;;
444332;3118224443323;M16 ACIDULE BEE GRIS BRUME 430C;;;13118224443320;23118224443327;;
30020332;3118220034785;FOURCHETTE ACIDULE BEE ROUGE COQUELICOT RED032 VRAC;;;13118220034782;23118220034789;;
311920;3118223119205;STEAK WOODSTICK;;;;;;
Kit0750042;3118220041363;DISPLAY 30 PCES COUTEAUX ET CUISSONS 1/8PAL TOP CHEF V2;;;13118220041360;23118220041367;;
Kit0740034;3118220047860;KIT MOBILIER 1 ELEMENT COUVERTS IMPLANTATION PROMOCASH;;;13118220047867;23118220047864;;
446050;3118224460504;DISPLAY 144 PCES LAG EVOLUTION LASURE 3 COULEURS;;;13118224460501;23118224460508;;
404582;5414663364273;OFFICE ERGO COL. PANACHE+ SLVEEVE CORA;;;15414663364270;25414663364277;;
10020002;3118220001060;COFFRET COTE DE BOEUF 4 EMINCEURS ACIDULE ROUGE 185C SPCB6;;;13118220001067;23118220001064;;
30020299;3118220017153;M16 ACIDULE BEE TAUPE WARM GREY 8 BOITE COULEUR;;;13118220017150;23118220017157;;
436272;3257984128160;CUISINE 19 TRANSITION FX CORA;;;13257984128167;23257984128164;;
Emba0034;3118220003354;PLEXI DU LINEAIRE 133 1 VITRINE 645MM*294-1/2 123855;;;;;;
447530;3118224475300;EPLUCHEUR TOMATE ACIDULE COUL PANACHE SOUS BLISTER;;;13118224475307;23118224475304;;
Acce1060023;3118220024748;LAME CUSTOM NOIRE C.A.C. MOX;;;13118220024745;23118220024742;;
301692;3118223016924;CUILLERE CAFE MC GREGOR BLEU ROY;;;;;;
432320;3257981224728;STEAK HG OLIVIER CORA;;;13257981224725;23257981224722;;
Div0860004;3118220037984;ELECTRODE;;;13118220037981;23118220037988;;
Kit0750062;3118220047488;DEMI DISPLAY BOIS LE MAREYEUR MIF;;;13118220047485;23118220047482;;
40020018;3118220023918;PIC A BIGORNEAUX ACIDULE NOIR VRAC + GENCOD;;;13118220023915;23118220023912;;
Kit0750018;3118220029750;DISPLAY 195 PCS CTX PRO TOP CHEF 1/4 PAL BILINGUE FR/FLAMAND;;;13118220029757;23118220029754;;
21360001;3118220026001;M16 ETRETAT 18/10 BOITE PREMIUM;;;13118220026008;23118220026005;;
Kit0033;3118220002838;KIT PLV LINEAIRE VERALEC 133 MIXTE COUTEAUX COUVERTS;;;;;;
30040004;3118220003330;LOT 4 COUVERTS POIS INEDIT ROUGE 485C;;;13118220003337;23118220003334;;
10020090;3118220017580;BEURRE ACIDULE COULEUR PANACHE SUR CARTE PEGB +GENCOD;;;13118220017587;23118220017584;;
Comp0120004;3118220056848;BOITE DETAIL VIDE XXL POUR CTX XXL;;;13118220056845;23118220056842;;
441713;3118224417133;STEAK  EXPRESSION LAG EVOLUTION MANCHE BOIS  NOIR BERLINGOT;;;13118224417130;23118224417137;;
442770;3118224427705;BLOC HETRE 4 COUTEAUX MANCHE POM 3 RIV PLEINE SOIE;;;13118224427702;23118224427709;;
11000022;3118220032972;KIT 5 COUTEAUX SILICONE;;;13118220032979;23118220032976;;
437020;3118224370209;SANTUKO BAMBOO STICK BOITE DETAILLANT TB CLASSICS;;;13118224370206;23118224370203;;
438070;3118224380703;M24 INFINITY ORANGE EN RANGE COUVERTS;;;13118224380700;23118224380707;;
433911;3118224339114;M24 BOLERO IVOIRE BTE LISA(F);;;13118224339111;23118224339118;;
426100;3118224261002;COUT.LAG VERT ABS+GENCOD;;;13118224261009;23118224261006;;
448700;3118224487006;STEAK MANCHE ARDOISE P7545C LAME MOTIF COQUILLAGE SOUS BERLI;;;13118224487003;23118224487000;;
437040;3118224370407;STEAK STICK BOITE DETAILLANT TB CLASSICS;;;13118224370404;23118224370401;;
Comp0008;3118220008090;VISUEL+STICKER LINEAIRE L266 COUTEAUX PROTO 2014;;;;;;
303660;3118223036601;LAG 11 CM CANTAL ABS BOISE VERT;;;;;;
422690;3390509945559;COUTEAU FRUIT/LEG 15CM INOX;;;13390509945556;23390509945553;;
Cons0850008;3118220033894;PROTECTION CARTON DIVERS;;;13118220033891;23118220033898;;
446578;3118224465783;COUTEAU MANGO BLANC TRANSPARENT;;;13118224465780;23118224465787;;
447272;3118224472729;GRILLADIN ABSOLU ABS FX TB;;;13118224472726;23118224472723;;
11000025;3118220035829;SANTUKO 16 SILICONE TB PROFESSIONNEL PACK ECOLOGIQUE;;;13118220035826;23118220035823;;
30090016;3118220025370;COFFRET 6 CAFES EVOLUTION CUIR COULEUR  ASSORTIES;;;13118220025377;23118220025374;;
Comp0115;3118220012394;CUISINE 16 EXPRESSION METAL SATINE VRAC;;;13118220012391;23118220012398;;
Div0860018;3118220038127;PORTE LAME MEULAGE;;;13118220038124;23118220038121;;
433390;3118224333907;SANTUKO TRANSITION EN BERLINGOT;;;13118224333904;23118224333901;;
448962;3118224489628;FRUIT LEG  ALLIANCE SOUS BERLINGOT;;;13118224489625;23118224489622;;
30230004;3118220002296;CAFE INEDIT CANADA+GENCOD;;;13118220002293;23118220002290;;
Comp0024;3118220005822;DISPLAY PALETTE LAG 80*120 VAISSELLE COUVERTS;;;;;;
30656602;3118220019249;M16 HECTOR BLANC RAL 9003;;;13118220019246;23118220019243;;
302023;3118223020235;COUTEAU TABLE BACCARAT NOIR;;;;;;
444030;3118224440308;M24 BALTIQUE STYLE BOX;;;13118224440305;23118224440302;;
406860;3118224068601;M24 BACCARAT COLORIS PANACHES;;;1311822406868;2311822406865;;
30050026;3118220019928;M16 LAG EVOLUTION SENS LASURE BOIS CLAIR;;;13118220019925;23118220019922;;
10100022;3118220047938;6 STEAK LAG HERITAGE TRADITION NOYER BOITE CADEAU;;;13118220047935;23118220047932;;
10120110;3118220028906;CUISINE 30 CM FORGE MAESTRO IDEAL EN BERLINGOT TOP CHEF;;;13118220028903;23118220028900;;
415420;3118224154205;FETTE ZEPHIR FRAMB+GENCOD;;;13118224154202;23118224154209;;
Kit0750041;3118220040755;TG TOP CHEF COUTELLERIE CUISSON VERSION 3;;;13118220040752;23118220040759;;
31010010;3118220016699;CUILLERE REFLET METALLISE CUIVRE VRAC GENCOD;;;13118220016696;23118220016693;;
Comp0121;3118220012639;ETIQUETTE ADHESIVE 33.5*2.7CM LAG EVOL COFFRET 6 COUTEAUX;;;13118220012636;23118220012633;;
30363702;3614614472466;M24 TROQUET CORAIL 7625C POT PET CARREFOUR;;;13614614472463;23614614472460;;
442436;3118224424360;LOT DE 6 RAVIERS CARRES 17CM TERRACOTA MAT;;;13118224424367;23118224424364;;
421030;3257981027039;OFFICE FORGE RIV/ FRX CORA;;;13257981027036;23257981027033;;
314900;3118223149004;CHEF 21CM METAL 20/10 URBAN;;;;;;
Comp1200002;3118220026094;BOITE PREMIUM VIDE + FACADE POUR M16 PORQUEROLLES;;;13118220026091;23118220026098;;
11060019;3118220023031;COUTEAU EASTMAIN MICARTA COTON + ETUI AFFUTAGE + BOITE;;;13118220023038;23118220023035;;
Comp0740202;3118220047693;FOND PLEIN  H400MM LGR1330MM  NOIR RAL 9005;;;13118220047690;23118220047697;;
314660;3118223146607;COUTEAU BLACK DOTS VRAC;;;13118223146604;23118223146601;;
449252;3118224492529;COFFRET 6 CAFES SENS BLANC PUR;;;13118224492526;23118224492523;;
10700002;3118220020900;2 OFFICES EVERCUT LAME LISSE EN ECRIN;;;13118220020907;23118220020904;;
444181;3118224441817;DISPLAY DE 24 SETS 4 CX ACIDULE BEE EN BTE PEG VIOLET-TURQ-R;;;13118224441814;23118224441811;;
19523;3118220008656;SET DE 3 COUTEAUX LAME ANTI ADH 445900+445910+445920 VPC;;;13118220008653;23118220008650;;
30656610;3118220034341;TUBO 6 STEAK HECTOR REGLISSE;;;13118220034348;23118220034345;;
436070;3118224360705;SANTOKU  SEDUCTION BTE;;;13118224360702;23118224360709;;
136087;3118221360876;VISUEL + STICKER LINEAIRE VERALEC;;;;;;
10020009;3118220001886;COFFRET BI MAT 3 PIECES ENFANT ACIDULE ROSE 226C;;;13118220001883;23118220001880;;
434300;3118224343005;4 FETTE ESCARGOT CARTE NEUTRE;;;;;;
420401;3118224204016;SERVICE A DECOUPER NAC IVOIRE MI;;;13118224204013;23118224204010;;
10340045;3118220055865;COUTEAU COQUILLE ST JACQUES BOIS TRADITION MIF CARTO TB HC;;;13118220055862;23118220055869;;
448631;3118224486313;CUILLERE INEDIT ECOSSAIS BLEU +GENCOD;;;13118224486310;23118224486317;;
30140019;3010006033893;FOURCHETTE MANGO ROUGE 185C EURODIF;;;13010006033890;23010006033897;;
308870;3118223088709;CUILLERE TABLE BAROQUE;;;13118223088706;23118223088703;;
Kit0750060;3118220047235;DISPLAY BOIS 72P PETITE COUTELLERIE LAGUIOLE 2.9  OF-EP-ST;;;13118220047232;23118220047239;;
442120;3118224421208;ASSIETTE PLATE 26CM ARDOISE MAT;;;13118224421205;23118224421202;;
Comp0010;3118220008113;VISUEL+STICKER LINEAIRE SYSTEME U L266 COUTEAUX PROTO 2014;;;;;;
442840;3118224428405;COFFRET BORDEAU A FENETRE 6 CX LAG IVOIRE NACRE MI;;;13118224428402;23118224428409;;
10080001;3118220003514;SET DE 4 COUTEAUX FURTIF EVERCUT CLASSIC MANCHE NOIR;;;13118220003511;23118220003518;;
300340;3118223003405;FETTE CLEO 18% 10/10;;;13118223003402;23118223003409;;
30363691;3118220007253;CUILLERE TROQUET IVOIRE VRAC;;;;;;
Comp0050008;3118220029255;BOITE TB COLLECTION VIDE + FACADE POUR M24 IMPERIAL;;;13118220029252;23118220029259;;
441900;3118224419007;BOITE CADEAU 6 FETTES LAG GATEAU MULTICOLOR;;;13118224419004;23118224419001;;
Acce1060016;3118220021570;PAIRE DE PLAQUETTES CUSTOM G10 TOXIFIEE NOIR MARAUDEUR;;;13118220021577;23118220021574;;
10010020;3118220002128;COFFRET CERAMIQUE STEAK 95MM LAME NOIRE SUISSE;;;13118220002125;23118220002122;;
30040029;3118220019133;M16 INEDIT PIXEL BOITE DECO;;;13118220019130;23118220019137;;
444650;3118224446508;BLOC 6 STEAKS RECORD BLEU 3135C;;;13118224446505;23118224446502;;
20130001;3118220001220;M16 KOBE BOITE LISA SPCB3;;;13118220001227;23118220001224;;
10190003;3118220012820;BEURRE INEDIT USA+GENCOD;;;13118220012827;23118220012824;;
10170006;3118220048614;COFFRET BOIS 6 STEAK LAGUIOLE DUO BLEU MARINE 541C;;;13118220048611;23118220048618;;
Comp0740157;3118220040250;PACK HABILLAGE DISPLAY OP LAG HERITAGE;;;13118220040257;23118220040254;;
30050030;3118220026148;COUTEAU SENS BOIS D'OLIVIER + GENCOD;;;13118220026145;23118220026142;;
427440;3118224274408;POLYVALENT 16CM GRAPHIC / BTE;;;13118224274405;23118224274402;;
436550;3118224365502;DESOSSER FORGE+BTE GRISE+STICKER;;;13118224365509;23118224365506;;
448102;3118224481028;CUISINE 17 ACIDULE MANCHE ROUGE 185C SOUS FX TB T3;;;13118224481025;23118224481022;;
40020015;3118220021730;OFFICE LAGUIOLE INTUITION METAL +GENCOD;;;13118220021737;23118220021734;;
Pres0006;3118220000063;TEST BROUILLARD SALIN;;;;;;
433320;3118224333204;COF.LUXE 6 FETT LAG BOIS NOIR GS;;;13118224333201;23118224333208;;
315660;3118223156606;HACHOIR POUR BLOC 418814;;;;;;
Comp0750016;3118220025622;BROCHE SIMPLE FOND PERFORE 400 Ø8 AVEC P.E. MEME LONGUEUR;;;13118220025629;23118220025626;;
21370003;3118220028234;COUTEAU BREGANÇON FINITION SABLEE CARTE PEGBORDABLE;;;13118220028231;23118220028238;;
30020243;3118220005891;BOITE 12 FOURCHETTE ESCARGOT ACIDULE COUL ASSORTIES VRAC;;;13118220005898;23118220005895;;
428230;3118224282304;FOURCHETTE AMANDE BORDEAU+GENCOD;;;;;;
10300029;3118220026087;BOITE 12 STEAK EXPRESSION OLIVIER MICRODENTE LAG EVOLUTION;;;13118220026084;23118220026081;;
448545;3118224485453;CUILLERE BASTILLE NOIR+GENCOD;;;13118224485450;23118224485457;;
30240002;3118220002319;FOURCHETTE INEDIT ITALIE NEW+GENCOD;;;13118220002316;23118220002313;;
Kit0740011;3118220031487;VITRINE PORTE COUTEAUX RETAIL LOUIS 58*38.5*6.5;;;13118220031484;23118220031481;;
446371;3118224463710;COFFRET CERAMIQUE CX 75MM LAME TITANE BRONZE;;;13118224463717;23118224463714;;
Kit0290001;3118220016019;ENSEMBLE 5 COFFRETS JAPONAIS TB;;;13118220016016;23118220016013;;
444210;3118224442104;LOT DE 4 SETS DE TABLE LAG ARDOISE 43.5*28*0.4;;;13118224442101;23118224442108;;
30090009;3010006077774;CAFE LAG POINT SELLIER IMIT CUIR TAUPE W+GENCOD EURODIF;;;13010006077771;23010006077778;;
5356;3118220053564;M24 TROQUET BOCAL VERRE;;;13118220053561;23118220053568;;
10649;3118220106499;FOURCHETTE POISSON VIEUX PARIS;;;;;;
20820004;3118220043947;CAFE SAN REMO EN BOITE KRAFT PEGBOARDABLE;;;13118220043944;23118220043941;;
Comp0950001;3118220020320;CARTE PROMO GUY SAVOY 4 PAGES 1 PLI CARREE 105*105 380G/M2;;;13118220020327;23118220020324;;
446320;3118224463208;OFFICE 10 EQUILIBRE JAPONAIS CDF EN BOITE CADEAU;;;13118224463205;23118224463202;;
Comp0850005;3118220024762;A SUPPRIMER;;;13118220024769;23118220024766;;
Comp0036;3118221365925;BOITE VIDE 40*25*17 136592 POUR BLOC REF443930;;;13118221365922;23118221365929;;
10960089;3118220026360;A UTILISER POUR AUGUSTE;;;13118220026367;23118220026364;;
41400002;3118220027657;LOUCHE PENDERIE LAGUIOLE HERITAGE SENS OLIVIER SUR CARTE;;;13118220027654;23118220027651;;
30020326;3118220034723;M16 LAG ACIDULE BEE PANACHE NOUVELLES COULEURS BOITE LARGE;;;13118220034720;23118220034727;;
Comp0740206;3118220047730;EQUERRE 2 POSITIONS (0-15°) 3 ACCROS LGR400MM  NOIR RAL 9005;;;13118220047737;23118220047734;;
11980019;3118220053311;STEAK LAG HERITAGE ACCESS MIF BOIS FONCE VRAC;;;13118220053318;23118220053315;;
10010058;3118220005983;COFFRET 2 CERAMIQUE BLANCHE CUISINE13+OFFICE MANCHE BRETAGNE;;;13118220005980;23118220005987;;
10390005;3118220043152;STEAK STAR METAL FX CDF;;;13118220043159;23118220043156;;
303239;3118223032306;AIGUISEUR  PROFESSIONNEL + GENCOD;;;13118223032303;23118223032300;;
403711;3118224037119;CAFE MC GREGOR ROSE+GENCOD;;;;;;
445450;3118224454503;CHEF MEMORY FX COUTEAU DU CHEF EXPORT T3;;;13118224454500;23118224454507;;
444735;3118224447352;M16 ACIDULE BEE VIOLET LILAS 5145C BTE LARGE;;;13118224447359;23118224447356;;
30650007;3118220006294;COUTEAU HECTOR BLANC RAL 9003 VRAC GENCOD;;;13118220006291;23118220006298;;
10050025;3118220018679;HUITRE HERITAGE SENS LASURE PANACHE +GENCOD EN BOURRICHEX60;;;13118220018676;23118220018673;;
314673;3118223146737;CAFE WHITE DOTS VRAC;;;13118223146734;23118223146731;;
442615;3118224426159;FILET DE SOLE 17CM FURTIF BASIC MANCHE NOIR LAME INOX EN BOI;;;13118224426156;23118224426153;;
441703;3118224417034;OFFICE EXPRESSION LAG EVOLUTION MANCHE BOIS NOIR BERLINGOT;;;13118224417031;23118224417038;;
446490;3118224464908;SANTUKO 17CM JAPONAIS TB EN BOITE GRISE;;;13118224464905;23118224464902;;
448890;3118224488904;LOT 3 COUTEAUX MANGO TURQUOISE 7467C;;;13118224488901;23118224488908;;
10010161;3118220014176;COFFRET 4 STEAK CERAMIQUE BRESIL LAME BLANCHE;;;13118220014173;23118220014170;;
Div0840001;3118220014602;KDO 25;;;;;;
444732;3118224447321;M16 ACIDULE BEE GRIS BRUME 430C BTE LARGE;;;13118224447328;23118224447325;;
Cons0850010;3118220033900;TOTEM IMPRIME CARTON DBLE CANNELURE 200*80*15CM REF 560;;;13118220033907;23118220033904;;
21160013;3118220027282;COUTEAU POISSON IMPERIAL;;;13118220027289;23118220027286;;
435373;3118224353738;FOURCHETTE BOLERO ARDOISE+GENCOD;;;13118224353735;23118224353732;;
20480001;3118220007000;COUTEAU CLEO 10/10 VRAC;;;;;;
143358;3118221433587;KIT PLV LINEAIRE COUVERTS CORA L266;;;13118221433584;23118221433581;;
10500037;3118220057357;COUTEAU DE POCHE SURICATE BOIS BLEU GRIS  MIF SS BLISTER TB;;;13118220057354;23118220057351;;
10640008;3118220035850;BOUCHER 21 BI-MAT TB PROFESSIONNEL EN PACK ECOLOGIQUE;;;13118220035857;23118220035854;;
11050001;3118220026223;EPLUCHEUR FURTIF PANACHE 3 COULEURS;;;13118220026220;23118220026227;;
30170004;3118220001671;M24 DUO BLEU FONCE 2188C EN PANIER FIL ACIER;;;13118220001678;23118220001675;;
40840010;3118220034921;BOURRICHE 50 LOTS 6 CURETTES HOMARD SCOTCHE BBROUGE MIFR;;;13118220034928;23118220034925;;
437010;3118224370100;PAIN BAMBOO STICK BOITE DETAILLANT TB CLASSICS;;;13118224370107;23118224370104;;
438132;3118224381328;CUILLERE INFINITY ROSE +GENCOD;;;13118224381325;23118224381322;;
4340501;3118220000247;MULTI TOUT PETIT MODELE;;;13118220000244;23118220000241;;
71590021;3118220036437;PLAT A ROTIR 32CM CUISSON TOP CHEF NEVERSTICK1;;;13118220036434;23118220036431;;
446013;3118224460139;FOURCHETTE ACIDULE BEE TAUPE WARM GREY 8 +GENCOD;;;13118224460136;23118224460133;;
440860;3118224408605;OFFICE EXPRESSION POM LAG EVOLUTION BOITE AIMANTEE ROUGE;;;13118224408602;23118224408609;;
448241;3118224482414;BLOC MAGNETIQUE 6 STEAKS ACIDULE BEE BRUME 430C LAME TITANE;;;13118224482411;23118224482418;;
314711;3118223147116;FOURCHETTE ACIDULE BEE TURQUOISE 3135C  VRAC;;;;;;
31260026;3118220042971;COUTEAU COTTAGE IVOIRE + GENCOD;;;13118220042978;23118220042975;;
10320011;3118220014657;1 OFFICE+1 EPLUCHEUR ERGO COULEUR PANACHEE SUR SKIN LCDC;;;13118220014654;23118220014651;;
10300002;3118220005563;BOITE DE 12 EMINCEUR EXPRESSION LAG EVOLUTION;;;13118220005560;23118220005567;;
447271;3118224472712;GRILLADIN ABSOLU ABS EN BERLINGOT;;;13118224472719;23118224472716;;
402670;3118224026700;6 CTX LAG ABS GRIS ML BLOC;;;13118224026707;23118224026704;;
Comp0740155;3118220040205;PIECE BLOCAGE CASQUETTE DISPLAY;;;13118220040202;23118220040209;;
446444;3118224464441;CUILLERE ESCAPADE TURQUOISE +GENCOD;;;13118224464448;23118224464445;;
406380;3118224063804;6 CTX VENISE DS BOITE;;;13118224063801;23118224063808;;
441571;3118224415719;CUILLERE A SERVIR TETE POLYAMIDE EXPRESSION /CARTE;;;13118224415716;23118224415713;;
20520002;3118220043961;FOURCHETTE VIEUX PARIS EN BOITE KRAFT PEGBOARDABLE;;;13118220043968;23118220043965;;
403412;3118224034125;STEAK 12CM SENSIO FX TB;;;13118224034122;23118224034129;;
10424289;3118220012196;MAESTRO TB N°1 OFFICE 9CM EVERCUT BERLINGOT;;;13118220012193;23118220012190;;
602783;3118226027835;DOC SEDUCTION;;;13118226027832;23118226027839;;
416190;3390509975419;M24 1 ER PRIX CARREFOUR ROUGE;;;;;;
424800;3118224248003;M24 BAROQUE CHARME;;;13118224248000;23118224248007;;
448214;3118224482148;CUISINE 19 LAG LASURE MANCHE BOIS BLANCHI SOUS FX COUTEAU DU;;;13118224482145;23118224482142;;
30650028;3118220006898;FOURCHETTE HECTOR MASTIC 7536C VRAC GENCOD;;;13118220006895;23118220006892;;
444363;3118224443637;CUILL VICHY ROUGE 185C;;;13118224443634;23118224443631;;
428961;3222475201295;VIANDE POLYPRO FX  CASINO;;;13222475201292;23222475201299;;
11910014;3118220050341;"COUTEAU CHEF 8"" FORGE  BLEU EXCLUSIVE MI";;;13118220050348;23118220050345;;
444341;3118224443415;COUTEAU VICHY BLEU TURQUOISE 321C;;;13118224443412;23118224443419;;
448550;3118224485507;CAFE BASTILLE TOMATE 485C+GENCOD;;;13118224485504;23118224485501;;
443250;3245672220883;M16 CLEO AUCHAN CODE OIA383735;;;13245672220880;23245672220887;;
10010064;3118220007482;COFFRET 9 CERAMIQUE MANCHES COUL ASSORTIES LAME NOIRE;;;13118220007489;23118220007486;;
310003;3118223100036;EPLUCHEUR BOIS BAK.BLEU RIVET;;;;;;
429560;3118224295601;CAFE BAGUETTE CHARME;;;;;;
301230;3118223012308;COUTEAU POISSON VIEUX PARIS;;;;;;
422060;3118224220603;M16 PCES EVA FORGE BOITE ALINEA(SELECT);;;13118224220600;23118224220607;;
444190;3118224441909;BLOC MAGNETIQUE 5 CTX LAG EXPRESSION POM LAME NOIRE ANTI ADH;;;13118224441906;23118224441903;;
30650010;3118220006324;CAFE HECTOR BLANC RAL 9003 VRAC GENCOD;;;13118220006321;23118220006328;;
419950;3222472709343;CT CUISINE 17 FORGE BOIS/FRX;;;13222472709340;23222472709347;;
31020027;3118220032835;CAFE NUANCE BRUYERE VRAC GENCOD;;;13118220032832;23118220032839;;
10424282;3118220004351;FORGE PREMIUM TB N°11 CHEF 21CM EVERCUT COFFRET BI MAT;;;13118220004358;23118220004355;;
432540;3118224325407;SAUTEUSE AXIO 28CM/ COUVERCLE+BANDEAU;;;13118224325404;23118224325401;;
443680;3118224436806;COFFRET BI MAT DE 6 STEAKS HECTOR COUL PANACHE;;;13118224436803;23118224436800;;
30303044;3118220005532;CAFE EXPRESSION MANCHE BOIS NOIR BERLINGOT;;;13118220005539;23118220005536;;
30140017;3010006033985;CAFE MANGO TURQUOISE 7467C EURODIF;;;13010006033982;23010006033989;;
433340;3118224333402;COF.LUXE 6 CAFE LAG BOIS NOIR GS;;;13118224333409;23118224333406;;
10050004;3118220004542;STEAK EVOLUTION SENS LASURE FONCE +GENCOD;;;13118220004549;23118220004546;;
30050002;3118220003415;M16 EVOLUTION SENS NOIR CARBONE COFFRET BI MAT;;;13118220003412;23118220003419;;
444340;3118224443408;COUTEAU VICHY ROSE 214C;;;13118224443405;23118224443402;;
10010048;3118220005280;COFFRET 3  STEAK CERAMIQUE MANCHE USA LAME BLANCHE;;;13118220005287;23118220005284;;
302529;3118223025209;STEAK 12CM CHALET SOUS SLEEVE+GENCOD;;;13118223025206;23118223025203;;
143798;3118221437981;BAC DE 10 CASIERS COUTEAUX FLY SETAM;;;;;;
404100;3118224041000;CUILL BACCARAT METAL+GENCOD;;;;;;
439700;5400247054821;M24 TROQUET ANIS WINNY POT PET;;;15400247054828;25400247054825;;
Comp1230006;3118220038431;BOX VIDE PROMOTION GM 419*254*300 AVEC COCARDE;;;13118220038438;23118220038435;;
441230;5400247057273;STEAK BOIS LAGUIOLE NATUREL SLEEVE CORA;;;15400247057270;25400247057277;;
431572;3118224315729;FOURCHETTE TROQUET ABRICOT PS+GENCOD;;;13118224315726;23118224315723;;
30090001;3118220002173;M16 EVOLUTION CUIR TAUPE WARM GREY 11C;;;13118220002170;23118220002177;;
435394;3118224353943;CAFE BOLERO CHOCOLAT+GENCOD;;;13118224353940;23118224353947;;
30001;3118220013469;STEAK POINTU INEDIT TIE AND DYE COUL ASSORTIES+GENCOD;;;13118220013466;23118220013463;;
Kit0048;3118221429085;KIT PLV LINEAIRE COUVERTS FLY 100 FRANCE;;;13118221429082;23118221429089;;
Comp0084;3118220010581;COFFRET BI MAT VIDE PM MAESTRO EVERCUT+ETUI+STICKER;;;13118220010588;23118220010585;;
448224;3118224482247;PAIN LAG LASURE MANCHE BOIS BLANCHI SOUS FX COUTEAU DU CHEF;;;13118224482244;23118224482241;;
426630;3118224266304;TABLE SENSIO VRAC+SLEEVE+GENCOD;;;13118224266301;23118224266308;;
30020006;3118220001251;COFFRET BI MAT 6 FOURCHETTES ACIDULE COUL ASSORTIE;;;13118220001258;23118220001255;;
Acce1060028;3118220025950;ETUI TACTIQUE KYDEX PROTECTEUR SANS ATTACHE MOLLE EN SACHET;;;13118220025957;23118220025954;;
10424306;3118220012707;SET 7 MAESTRO EVERCUT COFFRET BI-MAT;;;13118220012704;23118220012701;;
30020248;3118220006577;MAZAGRAN ACIDULE NOIR CARBONE VRAC GENCOD;;;13118220006574;23118220006571;;
30180003;3118220001787;CUILLERE INEDIT BRESIL+GENCOD;;;13118220001784;23118220001781;;
20390001;3118220011243;M16 NEW TRANSITION VRAC;;;13118220011240;23118220011247;;
20490001;3118220015425;LOT 1 COUTEAU+1 FOURCHETTE SOHO AVEC MARQUAGE  SOUS SACHET;;;13118220015422;23118220015429;;
443230;3245672220838;lot 6 cafe cleo auchan code oia383730;;;13245672220835;23245672220832;;
Kit0036;3118220003583;KIT DISPLAY VAISSELLE 2014;;;13118220003580;23118220003587;;
443164;3118224431641;SANTUKO 19 FURTIF CLASSIC LAME NOIRE MANCHE NOIR BOITE CADEA;;;13118224431648;23118224431645;;
439842;3118224398425;STEAK 11CM LAG EXPRESSION POM FX T1 ANTIVOL;;;13118224398422;23118224398429;;
10020001;3118220001077;COFFRET COTE DE BOEUF 4 EMINCEURS ACIDULE NOIR CARBONE SPCB6;;;13118220001074;23118220001071;;
30140001;3118220002722;M24 MANGO MULTICOLOR EN PRESENTOIR;;;13118220002729;23118220002726;;
21370001;3118220026018;M16 BREGANÇON FINITION MIROIR 18/10 BOITE PREMIUM;;;13118220026015;23118220026012;;
30650009;3118220006317;CUILLERE HECTOR BLANC RAL 9003 VRAC GENCOD;;;13118220006314;23118220006311;;
31040021;3118220023604;CAFE DROP FRAMBOISE 7641C VRAC + GENCOD;;;13118220023601;23118220023608;;
30020291;3118220016927;BOITE 6 FOURCHETTES ACIDULE COUL ASSORTIES VPC;;;13118220016924;23118220016921;;
447520;3118224475201;OUVRE BOUTEILLE ACIDULE COUL PANACHE SOUS BLISTER;;;13118224475208;23118224475205;;
445830;3118224458303;GRILLE 84 CERAMIQUE BLANCHE ET NOIRE MARQUE TB ALINEA;;;13118224458300;23118224458307;;
Cons0850004;3118220033870;FILM TRANSFERT THER ZEBRA RUBAN CIRE RESINE LAIZE110MM*300;;;13118220033877;23118220033874;;
436740;3118224367407;STEAK 12 OMEGA FX CDF;;;13118224367404;23118224367401;;
10400001;3118220028609;Z SET 3 COUTEAUX (OFFICE POLYVALENT PAIN) ABSOLU ABS;;;13118220028606;23118220028603;;
B4184;3118220041844;LAG 12 CM INOX / PROTECTION;;;13118220041841;23118220041848;;
10424313;3118220031685;CUISINE 21CM MAESTRO EN BOITE RETAIL;;;13118220031682;23118220031689;;
431460;3118224314609;CUILLERE TROQUET MARINE PS+GENCO;;;13118224314606;23118224314603;;
446425;3118224464250;COUTEAU ESCAPADE MANDARINE +GENCOD;;;13118224464257;23118224464254;;
Comp0098;3118220011236;ETAGERE PLEINE DE 50;;;13118220011233;23118220011230;;
448670;3118224486702;COFFRET 6 CUILLERES MANGO COUL ASSORTIES;;;13118224486709;23118224486706;;
305090;3118223050904;COUTEAU TABLE ZEPHIR FRAMBOISE;;;;;;
000140;3118220001404;PRESTATION D'ACHAT;;;;;;
444761;3118224447611;COFFRET 2 CERAMIQUE 125MM ET 75MM MANCHE ANIS LAME BLANCHE;;;13118224447618;23118224447615;;
Comp0740156;3118220040229;BROCHE NOIR SIMPLE L400 BDC AVEC PE DEPASSANT;;;13118220040226;23118220040223;;
Cons0023;3118220004429;BARRE DE RENFORT DISPLAY;;;;;;
136081;3118221360814;VISUEL + STICKER LINEAIRE CARREFOUR FRANCE L133;;;;;;
Outi1940009;3118220047648;PORTE LAME RTS LANCETTE HUITRE;;;;;;
10300016;3118220013957;TRANCHER 22 EXPRESSION METAL SATINE SOUS BERLINGOT;;;13118220013954;23118220013951;;
444342;3118224443422;COUTEAU VICHY NOIR 6C;;;13118224443429;23118224443426;;
442393;3118224423936;LOT DE 3 ASSIETTES CARREES DESSERT 21CM ARDOISE MAT;;;13118224423933;23118224423930;;
Comp0750100;3118220046245;HABILLAGE DROIT FOREX 1000*1800MM DISPLAY LAG HERITAGE 2023;;;13118220046242;23118220046249;;
10320013;3118220019188;SERVICE DECOUPE ERGO 4 PCS BLEU;;;13118220019185;23118220019182;;
446576;3118224465769;COUTEAU MANGO TURQUOISE 7467C;;;13118224465766;23118224465763;;
304310;3118223043104;LAG DES CIMES 9 CM BUB RGE;;;13118223043101;23118223043108;;
20580001;3118220005846;M24 ALIZE-COSTE VRAC;;;13118220005843;23118220005840;;
302102;3118223021027;COUTEAU TABLE TROQUET LAVANDE PS;;;;;;
Cons0042;3118220008571;FLACON 500ML AVEC POMPE GEL DESINFECTANT STOKOSEPT REF29245;;;13118220008578;23118220008575;;
305240;3118223052403;CUILLERE TABLE AMANDE BORDEAU;;;;;;
Comp0070001;3118220039643;BOITE ECOLO PM OFFICE 9CM TB COLLECTION FURTIF METAL;;;13118220039640;23118220039647;;
439853;3118224398531;SANTUKO 18CM LAG EXPRESSION POM FX TB T3;;;13118224398538;23118224398535;;
405781;3118224057810;M24 LAG NACRE IVOIRE COF + BAND.;;;;;;
444291;3118224442913;LOT 1TIRE BOUCHON ET 1 DECAP LAG GRIS EN BOX PROMO 144LOTS;;;13118224442910;23118224442917;;
136583;3118221365833;VISUEL +STICKER LINEAIRE COUT L100 GABON;;;;;;
Comp0147;3118221362306;ETIQ LISA M16  CLEO 100*40 1 COUL RECTO VERSO REF 136230;;;;;;
302132;3118223021324;CUILLERE CAFE TROQUET LAVANDE PS;;;;;;
443040;3118224430408;OFFICE LAG EXPRESSION MANCHE BOIS NOIR BTE TB CLASSICS;;;13118224430405;23118224430402;;
10010111;3118220010710;COFFRET 1 CHEF 155 CERAMIQUE LAME BLANCHE MANCHE ROSE 213C;;;13118220010717;23118220010714;;
444285;3605753871357;M16 ESCAPADE TURQUOISE ALINEA;;;13605753871354;23605753871351;;
11910012;3118220050327;"COUTEAU OFFICE 3.8"" FORGE   BLEU EXCLUSIVE MI";;;13118220050324;23118220050321;;
407770;3118224077702;M24 ZEPHIR BLEU DS POT PET;;;13118224077709;23118224077706;;
10010118;3118220010789;COFFRET 3 STEAK CERAMIQUE LAME BLANCHE MANCHE ROUGE 185C;;;13118220010786;23118220010783;;
21170010;3118220024892;CAFE BRUME AUBERGINE + GENCOD;;;13118220024899;23118220024896;;
30810003;3118220025509;M24 BASTILLE NOIR BOITE TB COLLECTION;;;13118220025506;23118220025503;;
20160031;3118220025899;M16 OSLO DECOR SQUARE BOITE TB COLLECTION;;;13118220025896;23118220025893;;
446583;3118224465837;FOURCHETTE MANGO FRAMBOISE 220C;;;13118224465834;23118224465831;;
423000;3390509945863;COUPERET;;;13390509945860;23390509945867;;
Comp0070003;3118220039667;BOITE ECOLO GM CUISINE 21CM TB COLLECTION FURTIF METAL;;;13118220039664;23118220039661;;
447960;3118224479605;COFFRET EMINCEUR 11 URBAN LAME CERAMIQUE BLANCHE;;;13118224479602;23118224479609;;
10430023;3118223028125;FTTE A DECOUPER RECORD JAUNE;;;13118223028122;23118223028129;;
21520052;3118220050082;FOURCHETTE POISSON LAGUIOLE INTUITION BRILLANT + GENCOD;;;13118220050089;23118220050086;;
440500;3118224405000;CAFE BLACK DOTS+GENCOD;;;13118224405007;23118224405004;;
Kit0053;3118220004382;KIT PLV LINEAIRE COUVERTS L130 ARTS DE LA TABLE LISA ETAG65;;;13118220004389;23118220004386;;
307340;3118223073408;COUTEAU TABLE TOSCANE (KOS) BRILLANT;;;13118223073405;23118223073402;;
447610;3118224476109;BLOC NOIR 5CX MANCHE NOIR LAME NOIR EN TUBE PVC;;;13118224476106;23118224476103;;
143805;3118221438056;ECHANTILLON SALON CHRISTELLE;;;;;;
10010142;3118220012974;COFFRET 3 STEAK DENT MANGO CERAMIQUE LAME BLANCHE PANACHE 6;;;13118220012971;23118220012978;;
Comp0193;3118220018518;TUBE CARTON NOIR 27*5.5CM AVEC COUVERCLE+ETIQ;;;;;;
136581;3118221365819;VISUEL DISPLAY BLANC  CX LAG EXPRES MANCHE BOIS SOUS FX CDF;;;;;;
10270011;3118220035928;COUTEAU CUISINE BACKELISE TB PROFESSIONNEL PACK ECOLOGIQUE;;;13118220035925;23118220035922;;
313780;3118223137803;STEAK 11CM EP 2.0 Z40 LAG EXPRESSION POM;;;;;;
4404;3118220044043;SURGELE MASTER 12/10 S/ FOUR CDF;;;13118220044040;23118220044047;;
424600;3118224246009;M24 EVA CHARME;;;13118224246006;23118224246003;;
314663;3118223146638;CAFE BLACK DOTS VRAC;;;13118223146635;23118223146632;;
446582;3118224465820;FOURCHETTE MANGO CHOCOLAT 7533C;;;13118224465827;23118224465824;;
Comp0740001;3118220012615;PORTE VERRES/MENAGERES INCLINE 1330;;;13118220012612;23118220012619;;
448541;3118224485415;CUILLERE BASTILLE EMERAUDE 326C+GENCOD;;;13118224485412;23118224485419;;
448450;3118224484500;DISPLAY PALETTE LAGUIOLE  EVOLUTION COUVERTS-COUTEAUX;;;13118224484507;23118224484504;;
30040026;3118220013094;M24 POIS CLASSIC COULEURS ASSORTIES POT PET;;;13118220013091;23118220013098;;
441632;3118224416327;POLYVALENT ABSOLU BOIS FX TB;;;13118224416324;23118224416321;;
Acce0008;3118223033006;PINCE A CRUSTACES REF 303300;;;13118223033003;23118223033000;;
Comp0740252;3118220052796;CAISSON BOIS COUTEAUX 1290*485*460 MM;;;13118220052793;23118220052790;;
10210001;3118220002098;PAIN LASURE BOIS COUL PANACHE FX COUTEAU DU CHEF SUISSE;;;13118220002095;23118220002092;;
30656612;3118220049475;M16  HECTOR BOIS;;;13118220049472;23118220049479;;
10010138;3118220012738;COFFRET CERAMIQUE  6 STEAK LAME NOIRE;;;13118220012735;23118220012732;;
444476;3118224444764;CAFE ACIDULE BEE VIOLET 2597C +GENCOD;;;13118224444761;23118224444768;;
Kit0092;3118220011502;DISPLAY 36 CERAMIQUE FINLANDEK LAME BLANCHE;;;13118220011509;23118220011506;;
441601;3118224416013;MARAICHER ABSOLU PALISSANDRE DES INDES BERLINGOT;;;13118224416010;23118224416017;;
446630;3118224466308;CUILLERE LAG EVOLUTION MIROIR;;;13118224466305;23118224466302;;
442790;3118224427903;BLOC METAL 5 COUTEAUX METAL;;;13118224427900;23118224427907;;
Kit0010023;3118220013339;KIT DISPLAY 160 CERAMIQUE MANCHES TIE AND DIE;;;;;;
31000004;3118220017979;CAFE SILICONE GALET 429C VRAC GENCOD;;;13118220017976;23118220017973;;
430560;3118224305607;LAGUIOLE 12CM CORNE/BLISTER;;;13118224305604;23118224305601;;
Kit0750061;3118220047471;DEMI DISPLAY BOIS LE MAREYEUR MIF VIDE;;;13118220047478;23118220047475;;
10020012;3118220002012;CUISINE 17 ACIDULE ROUGE 185C FX T3 COUT DU CHEF SUISSE;;;13118220002019;23118220002016;;
447435;3118224474358;SET DE 5 COUTEAUX FURTIF BASIC LAME INOX MANCHE NOIR;;;13118224474355;23118224474352;;
Kit0750064;3118220048973;DISPLAY GRAND MODELE 1200*800 OP FIDELITE TOP CHEF 2024;;;13118220048970;23118220048977;;
21160019;3118220046887;COUTEAU POISSON IMPERIAL + GENCOD;;;13118220046884;23118220046881;;
447351;3118224473511;OFFICE 9 ACIDULE  BEE ROUGE LAME TITANE NOIRE SOUS BERLINGOT;;;13118224473518;23118224473515;;
40010011;3118220010437;ROULETTE PIZZA CERAMIQUE BLANCHE METALLISE BRONZE BLIST PEG;;;13118220010434;23118220010431;;
304410;3118223044101;FTTE TABLE GRENOBLE INOX;;;13118223044108;23118223044105;;
446961;3010005419476;CAFE TROQUET ROUGE GENCOD EURODIF;;;13010005419473;23010005419470;;
449230;3118224492307;COFFRET 6 FOURCHETTES SENS MULTICOLOR;;;13118224492304;23118224492301;;
Cons0043;3118220007475;CHAUSSURE MARIE CUIR REF FAB 8002 NORME EN ISO20345/2011 S3S;;;13118220007472;23118220007479;;
10350002;3367305228193;CUISINE 19 CHALET FX PRADEL HERITAGE 522819;;;13367305228190;23367305228197;;
428640;3118224286401;AIGUISEUR PROFESSIONNEL+GENCOD;;;13118224286408;23118224286405;;
446072;3118224460726;STEAK LAG EVOLUTION LASURE BLANCHI+SLEEVE+GENCOD;;;13118224460723;23118224460720;;
31020011;3614613272449;COUTEAU NUANCE OPALE VERT VRAC GENCOD CARREFOUR;;;13614613272446;23614613272443;;
21530005;3118220029682;FOURCHETTE BOBINE REVETEMENT PVD NOIR BRILLANT CARTE PREMIUM;;;13118220029689;23118220029686;;
136082;3118221360821;VISUEL + STICKER LINEAIRE CARREFOUR BELGIQUE GONDOLE BASSE;;;13118221360828;23118221360825;;
Comp0033;3118220006133;VISUEL+STICKER LINEAIRE MIXTE COUTEAUX COUVERTS L100 RUSSIE;;;;;;
427562;3118224275627;CT LAG NACRE CHAMP MI+GENCOD;;;13118224275624;23118224275621;;
446532;3118224465325;COUTEAU POIS INEDIT GRIS TAUPE WARM GRAY 9;;;13118224465322;23118224465329;;
137652;3118221376525;MEUBLE LINEAIRE COUTEAUX FLY SETAM JANUEL;;;;;;
Cons0048;3118220008878;LOT DE 12 ROULEAUX PAPIER TOILETTE REF GOM239098;;;13118220008875;23118220008872;;
Kit0081;3118220009363;DISPLAY 24 ROULETTES A PIZZA CERAMIQUE UNION J 3118220005921;;;13118220009360;23118220009367;;
30090011;3010006077798;CUILLERE LAG POINT SELLIER IMIT CUIR TAUPE W +GENCOD EURODIF;;;13010006077795;23010006077792;;
20160021;3118220023321;CUILLERE OSLO DECOR SQUARE VRAC + GENCOD;;;13118220023328;23118220023325;;
31050005;3118220015678;M16 FURTIF WHITE TITANE EN BOITE TB COLLECTION;;;13118220015675;23118220015672;;
Kit0750008;3118220005365;DISPLAY 141 CERAMIQUE UNION JACK 1/4 PALETTE 60*40 LC;;;13118220005362;23118220005369;;
305130;3118223051307;COUTEAU TABLE ZEPHIR JAUNE;;;;;;
435310;3118224353103;CUILLERE OSLO+GENCOD;;;13118224353100;23118224353107;;
10270013;3118220035942;COUTEAU STEAK  BACKELISE TB PROFESSIONNEL PACK ECOLOGIQUE;;;13118220035949;23118220035946;;
430527;3118224305270;COUTEAU AMANDE NOIR+GENCOD;;;13118224305277;23118224305274;;
Kit0054;3118220004405;KIT PLV LINEAIRE COUTEAUX L133 CRF DOM TOM;;;13118220004402;23118220004409;;
Comp0153;3118220015586;BOITE MONTAGE RAPIDE 180X45 X30 CBMR23;;;13118220015583;23118220015580;;
30790008;3118220032859;FOURCHETTE BOLERO TAUPE GENCOD;;;13118220032856;23118220032853;;
431310;3118224313107;CAFE ZEPHIR JAUNE CITRON+GENCOD;;;13118224313104;23118224313101;;
441530;3118224415306;LOUCHE TETE INOX EXPRESSION/CARTE;;;13118224415303;23118224415300;;
430670;3118224306703;M24 LAG NACRE MI ALDI;;;13118224306700;23118224306707;;
445622;3118224456224;M16 LAG EVOLUTION MIROIR BOITE LARGE PB TEXTE;;;13118224456221;23118224456228;;
10350001;3367305228186;PAIN 21 CHALET FX PRADEL HERITAGE 522818;;;13367305228183;23367305228180;;
10010119;3118220010796;COFFRET 3 STEAK CERAMIQUE LAME BLANCHE MANCHE ROSE 213C;;;13118220010793;23118220010790;;
312100;3118223121000;CAFE OSLO;;;13118223121007;23118223121004;;
40020029;3118220025776;CUILLERE A GLACE ACIDULE COLLECTION COULEUR 2.9 + GENCOD;;;13118220025773;23118220025770;;
Kit0070002;3118220016064;ENSEMBLE 5 COFFRETS  FURTIF CLASSIC LAME NOIRE;;;13118220016061;23118220016068;;
603191;3118226031917;INSERT +VERIN CHROMEDIA ET EMBOUT NOIR DIA 25MM;;;;;;
443360;3118224433607;M16 ESCAPADE ANIS BTE LISA DECO;;;13118224433604;23118224433601;;
Comp0080002;3118220022294;EMINCEUR 11 FURTIF EVERCUT CLASSIC MANCHE NOIR;;;13118220022291;23118220022298;;
402940;3118224029404;M24 TROQUET ROUGE 1/2S POT PET;;;13118224029401;23118224029408;;
307100;3118223071008;COUTEAU BULLE FRAMBOISE;;;13118223071005;23118223071002;;
446942;3010005419605;FOURCHETTE TROQUET GRIS TAUPE GENCOD EURODIF;;;13010005419602;23010005419609;;
435381;3118224353813;CUILLERE BOLERO IVOIRE+GENCOD;;;13118224353810;23118224353817;;
441970;3118224419700;M24 TROQUET IVOIRE PS POT PET;;;13118224419707;23118224419704;;
441750;3118224417508;TRANCHER  EXPRESSION LAG EVOLUTION MANCHE BOIS NOIR BOITE GR;;;13118224417505;23118224417502;;
Cons0076;3118220016118;COIFFE DISPLAY PALETTE 814x1224x1400AVEC PASSAGE DE FOURCHES;;;13118220016115;23118220016112;;
10010117;3118220010772;COFFRET 2 CERAMIQUE 1CUIS125+1OF LAME BLANC MANCHE VERT3275C;;;13118220010779;23118220010776;;
10640004;3367305228124;CHEF 18 BI-MAT FX PRADEL HERITAGE 522812;;;13367305228121;23367305228128;;
302070;3118223020709;FOURCHETTE TABLE BACCARAT METAL SATINE;;;;;;
123734;3118221237345;COFFRET CARTON VIDE POUR 6 STEAKS HERITAGE;;;;;;
40020021;3118220024267;LOUCHE PENDERIE INTUITION METAL SUR CARTE;;;13118220024264;23118220024261;;
440610;3118224406106;COFFRET 6 COUTEAUX LAG TABLE CORNE FDS;;;13118224406103;23118224406100;;
Kit0127;3118220015746;PLV LINEAIRE VIDE COUTEAUX CARREFOUR 2016 L66.5;;;;;;
448081;3118224480816;CHEF 19 ACIDULE MANCHE ROUGE 185C SOUS FX T3 COUT DU CHEF;;;13118224480813;23118224480810;;
436952;3118224369524;CUILLERE LAG GRIS NACRE+GENCOD;;;13118224369521;23118224369528;;
443940;3118224439401;BLOC MAGNETIQUE 6 STEAKS EXPRESSION;;;13118224439408;23118224439405;;
Comp0740043;3118220021341;STRUCTURE VITRINE 1000 COUVERTS-TUILES (BARRE DE FORCE);;;13118220021348;23118220021345;;
10020054;3118220010062;FRUIT LEG 14 ACIDULE LAME INOX MANCHE NOIR  EN BOITE CADEAU;;;13118220010069;23118220010066;;
436431;3118224364314;LAG FERMANT 12CM BOIS NATUREL+BTE DETAILLANT;;;13118224364311;23118224364318;;
603032;3118226030323;GRILLE DOUBLE CADRE 1500*600*6;;;13118226030320;23118226030327;;
10020028;3118220003804;FRUIT LEG 14 ACIDULE COUL PANACHE FX T2 COUT DU CHEF;;;13118220003801;23118220003808;;
Cons0083;3118220033771;REF SCA961128 LOT 6 BOBINES 150M H1 TORKMATIC 2 PLIS;;;13118220033778;23118220033775;;
446190;3118224461907;COFFRET CHEF 20  CUIS 16 OFF 9 LAME ANTI ADHERENTE BTE CADEA;;;13118224461904;23118224461901;;
447371;3118224473719;EMINCEUR 13 ACIDULE BEE ROUGE LAME TITANE NOIRE SOUS BERLING;;;13118224473716;23118224473713;;
Kit0119;3118220015104;CRAVATE 12 CUISINE 17 PRADEL FOURREAU COUTEAU DU CHEF;;;13118220015101;23118220015108;;
448340;3118224483404;CUILLERE A GLACE TRANSITION SACHET+GENCOD;;;13118224483401;23118224483408;;
10424286;3118220007543;SANTUKO MAESTRO ALL-CLAD N°03 25/10 Z20C13 EVERCUT BERLINGOT;;;13118220007540;23118220007547;;
143373;3118221433730;BOITE GRISE UNIT FORGE OU TRANSITION GM 410*76*31MM;;;13118221433737;23118221433734;;
30020305;3118220023741;M16 ACIDULE BEE BLEU ACIER 5405C BOITE COULEUR;;;13118220023748;23118220023745;;
430945;3118224309452;6 CX LAG BOIS NOIR LUXE EN BOITE NEUTRE;;;;;;
446555;3118224465554;CUILLERE POIS INEDIT JAUNE 3965C;;;13118224465551;23118224465558;;
449213;3118224492130;CUILLERE SENS ROUGE 185C+GENCOD;;;13118224492137;23118224492134;;
30020261;3118220029088;CAFE MOKA ACIDULE NOIR BLACK CARBONE VRAC;;;13118220029085;23118220029082;;
443215;3245672220951;LOT 6 FETTES CLEO AUCHAN RUSSIE CODE OIA383731;;;13245672220958;23245672220955;;
439371;3118224393710;M16 PYRAMIDE FRAMBOISE POT PET;;;13118224393717;23118224393714;;
30656592;3118220007468;M16 HECTOR NOIR BLACK 6C;;;13118220007465;23118220007462;;
21020002;3605756631118;M16 NUANCE GRIS BORIE COOL GREY 4C BOITE ALINEA;;;13605756631115;23605756631112;;
Kit0010023;3118220014169;DISPLAY 154 CERAMIQUE BASQUE 1/4 PALETTE 60*40 LC;;;13118220014166;23118220014163;;
Comp0740129;3118220037588;PORTE VERRES INCLINE 65 DRLX 1330 X 500 BLANC;;;13118220037585;23118220037582;;
442310;3118224423103;BOL TALON 14CM 40CL TERRACOTA MAT;;;13118224423100;23118224423107;;
11710018;3118220044579;LOT DE 4 COUTEAUX BRIGADE BOIS GIFI 2022;;;13118220044576;23118220044573;;
400140;3118224001400;2 CAFES ROMANE OPEN PACK;;;;;;
429590;3118224295908;FETTE VIEUX PARIS CHARME;;;;;;
425261;3118224252611;M24 KYOTO VRAC CHARME;;;13118224252618;23118224252615;;
20110005;3118220003057;COFFRET BI MAT BLEU AVEC 6 STEAKS HERITAGE;;;13118220003054;23118220003051;;
40020019;3118220023925;PIC A BIGORNEAUX ACIDULE ROUGE VRAC + GENCOD;;;13118220023922;23118220023929;;
403702;3118224037027;CUILL  MC GREGOR BLEU+GENDOD;;;13118224037024;23118224037021;;
Cons0850031;3118220045781;PAPIER PAD FILLPACK TT 360M  70GR;;;13118220045788;23118220045785;;
123742;3118221237420;COFFRET CARTON VIDE POUR 6 FOURCHETTES SENS ENCOCHES DIF;;;;;;
10300022;3118220020894;BOITE DE 12 COTE DE BOEUF EXPRESSION BOIS NOIR LAG EVOLUTION;;;13118220020891;23118220020898;;
445695;3118224456958;LOT DE 8 COFFRETS 6CX+6FETTES BARBECUE COUL ASSORTIES;;;13118224456955;23118224456952;;
30970035;3118220017177;FOURCHETTE ECUME VERT ANIS MOJITO 361C VRAC GENCOD;;;13118220017174;23118220017171;;
30020280;3118220010918;FOURCHETTE ACIDULE BEE ORANGE 1655C VRAC;;;;;;
Kit1000001;3118220020726;DISPLAY CARTON 48 CERAMIQUE SILICONE LAME BLANC/ NOIRE;;;13118220020723;23118220020720;;
444535;3118224445358;COFFRET CERAMIQUE CUISINE 125MM LAME NOIRE MARQUE TB;;;13118224445355;23118224445352;;
10020044;3118220009004;EPLUCHEUR FIL Y ACIDULE ROSE SOUS BLISTER;;;13118220009001;23118220009008;;
436271;3118224362716;Z CUISINE 19 TRANSITION FX CDF UNITAIRE REDOUTE;;;13118224362713;23118224362710;;
Comp0091;3118220011021;COUPON A4 OP VIDE TIROIR GAMME EXPRESSION BOIS;;;;;;
30880003;3118220006546;CUILLERE CANDY ROSE VRAC GENCOD;;;13118220006543;23118220006540;;
444663;3118224446638;M16 ACIDULE BEE VIOLET 2597C;;;13118224446635;23118224446632;;
440950;3605752059558;M16 BLACK DOTS/ PITS BTE ALINEA;;;13605752059555;23605752059552;;
50020002;3118220003439;ASSIETTE PLATE RONDE 25CM ACIDULE NOIR CARBONE;;;13118220003436;23118220003433;;
446596;3118224465967;CUILLERE MANGO TURQUOISE 7467C;;;13118224465964;23118224465961;;
307020;3118223070209;CUILLERE A CAFE MISTRAL BORDEAU;;;13118223070206;23118223070203;;
30970016;3118220016286;CUILLERE ECUME KIR 221C VRAC GENCOD;;;13118220016283;23118220016280;;
10640007;3367305228162;OFFICE 8 BI-MAT FX PRADEL HERITAGE 522816;;;13367305228169;23367305228166;;
Div0950004;9782753302433;LIVRE RECETTES TOUT L'OEUF;;;13118220020525;23118220020522;;
10010187;3118220027510;COFFRET 3 CERAMIQUES OFF STEAK EPL LAME BLANCHE MANCHE GRIS;;;13118220027517;23118220027514;;
30101075;3118220010444;M24 LAG ABS VERT AMANDE 5503C;;;13118220010441;23118220010448;;
441603;3118224416037;MARAICHER ABSOLU BOIS FX COUTEAU DU CHEF;;;13118224416034;23118224416031;;
11510015_Sylob;3118220042261;BLOC 4 COUTEAUX BRIGADE BOIS STABILISE;;;13118220042268;23118220042265;;
447751;3118224477519;M16 ACIDULE  BEE BLANC GLACIER PCB4;;;13118224477516;23118224477513;;
440820;3118224408209;CADEAU BEE DESIGN;;;13118224408206;23118224408203;;
313091;3118223130910;CUILLERE BOLERO IVOIRE VRAC;;;;;;
142882;3118221428828;DOCUMENTATION EXPRESSION POM ET BOIS MODELE EN 4 PAGES;;;;;;
11980031;3118220056138;FRUIT ET LEGUME LAGUIOLE HERITAGE  MIF CARTONNETTE LH;;;13118220056135;23118220056132;;
10960081;3118220019300;COFFRET BI MAT 6 COUT AUGUSTE PREMIUM POM GRIS PAVOT L MAT;;;13118220019307;23118220019304;;
444742;3118224447420;COFFRET 2 CERAMIQUE 95MM+155MM +1 EPL MANCHE PRU LAME BLANCH;;;13118224447427;23118224447424;;
142850;3118221428507;FILM EVERCUT VERSION FRANCAISE;;;13118221428504;23118221428501;;
314671;3118223146713;FOURCHETTE WHITE DOTS VRAC;;;13118223146710;23118223146717;;
32070027;3616957761894;CUILLERE OPEN DECOR GUINGUETTE BLEU  CARREFOUR HOME;;;03616955895539;03616954320605;;
Kit0750044;3118220041974;DISPLAY 150 COUTEAUX PROFESSIONNELS TOP CHEF 1/4 PAL AUCHAN;;;13118220041971;23118220041978;;
Comp0013;3118220005402;DISPLAY 1/4 PALETTE CERAMIQUE +1 BARRE DE FORCE+2 BROCHES;;;;;;
419050;3118224190500;LOT 4  CUILL TROQUET BLEU;;;13118224190507;23118224190504;;
313327;3118223133270;COUTEAU AMANDE NOIR VRAC;;;13118223133277;23118223133274;;
443245;3245672220968;LOT 6  MAZAGRAN CLEO AUCHAN RUSSIE CODE OIA383732;;;13245672220965;23245672220962;;
30150002;3118220002654;FOURCHETTE AMANDE TURQUOISE+GENCOD;;;13118220002651;23118220002658;;
442166;3118224421666;LOT DE 6 CALOTTES 20.5CM TERRACOTA MAT;;;13118224421663;23118224421660;;
435342;3118224353424;13 DESSERT OSLO CHARME;;;13118224353421;23118224353428;;
10270008;3118220030251;COUTEAU FILET DE SOLE BOIS TRADITION LAME 20CM EN BERLINGOT;;;13118220030258;23118220030255;;
444913;3118224449134;M16 ZEPHIR PRUNE POT PET;;;13118224449131;23118224449138;;
315398;3118223153988;PAIN 20 LAG EXPRESSION MANCHE BOIS NOIR LAG EVOLUTION;;;13118223153985;23118223153982;;
21350007;3118220031753;M24 CAP FERRET FINITION SABLEE 18/10 BULK;;;13118220031750;23118220031757;;
Acce0002;3118220002746;BLOC MAGNETIQUE NOIR VIDE PM 20*12*15CM PROMO;;;;;;
30040006;3118220006393;COUTEAU POIS CLASSIC ROUGE 198C VRAC GENCOD;;;13118220006390;23118220006397;;
445230;3118224452301;COFFRET CERAMIQUE 2CX LAG TABLE LAME BLANCHE MANCHE BLANC NA;;;13118224452308;23118224452305;;
447910;3118224479100;COFFRET OFFICE URBAN LAME CERAMIQUE BLANCHE;;;13118224479107;23118224479104;;
Kit0114;3118220014985;DISPLAY 98 CERAMIQUE BASQUE 1/4 PALETTE 60*40 LC;;;13118220014982;23118220014989;;
Pres0041;3118220006928;PRESTATION CHANGEMENT DE MANCHES PRODUIT IMPORT;;;;;;
30303047;3118220015050;FOURCHETTE TABLE EXPRESSION MANCHE BOIS NOIR VRAC;;;;;;
448763;3118224487631;CAFE EVOLUTION CUIR TAUPE WARM GREY 11C+GENCOD;;;13118224487638;23118224487635;;
10000004;3118220001336;Z BLOC MAGNETIQUE 5 COUTEAUX MANCHE NOIR VPC;;;13118220001333;23118220001330;;
31020031;3118220034020;CAFE NUANCE CELADON BLEU VRAC + GENCOD;;;13118220034027;23118220034024;;
442915;3118224429150;COFFRET 1 COUTEAU CERAMIQUE 155MM LAME NOIRE MARQUE TB;;;13118224429157;23118224429154;;
11060023;3118220023079;COUTEAU CILAOS MICARTA LIN + ETUI AFFUTAGE + BOITE;;;13118220023076;23118220023073;;
Comp1490009;3118220038554;PROTECTION PVC POUR BOITES GM ACCESS ET ECO;;;13118220038551;23118220038558;;
10010158;3118220014039;COFFRET 2 CERAMIQUE CUISINE13+OFFICE VENDEE LAME BLANCHE;;;13118220014036;23118220014033;;
136060;3118221360609;BOITE VIDE M24 LISA ALBAN DECO;;;13118221360606;23118221360603;;
20110023;3118220029620;MAZAGRAN HERITAGE SUR CARTE PEGBORDABLE;;;13118220029627;23118220029624;;
441700;3118224417003;OFFICE EXPRESSION LAG EVOLUTION MANCHE BOIS NOIR BOITE GRISE;;;13118224417000;23118224417007;;
10020017;3118220003644;POCHE ACIDULE NOIR CARBON LAME INOX AVEC ETUI COFFRET BI MAT;;;13118220003641;23118220003648;;
32070015;3616957761948;CUILLERE OPEN DECOR NATURE CARREFOUR HOME;;;03616955895584;03616954320650;;
11980014;3118220053267;STEAK LAG HERITAGE ACCESS MIF GRAPHIT BLACK RAL9011 VRAC;;;13118220053264;23118220053261;;
437221;3118224372210;COUTEAU TOSCANE BLANC +GENCOD;;;13118224372217;23118224372214;;
436530;3118224365304;BOUCHER FORGE EN BOITE BENTO+STICKER;;;13118224365301;23118224365308;;
Comp0127;3118220013018;ETAGERE A POTS 133 (4GP);;;13118220013015;23118220013012;;
30020250;3118220006584;FOURCHETTE GATEAU ACIDULE NOIR CARBONE VRAC GENCOD;;;13118220006581;23118220006588;;
446522;3118224465226;M16 VIRGULE JAUNE 458C EN BOITE LISA;;;13118224465223;23118224465220;;
11060161;3118220055780;CAC 24K LAME SERRATION MANCHE G10 KAKI EN BOITE TECHNIQUE;;;13118220055787;23118220055784;;
Comp0840002;3118220021402;BOITAGE POUR BOITE VIDE M16 LISA ALBAN DECO;;;13118220021409;23118220021406;;
20020004;3118220020870;CUILLERE INTUITION METAL + GENCOD;;;13118220020877;23118220020874;;
10300007;3118220011762;COTE A L'OS EXPRESSION METAL SATINE BERLINGOT;;;13118220011769;23118220011766;;
446890;3118224468906;TRANCHE LARD 29CM LARGE FORGE BOIS BACKELISE NOIR BERLINGOT;;;13118224468903;23118224468900;;
403470;3118224034705;FTTE DECOUPER PRADEL CARTE CDF;;;13118224034702;23118224034709;;
10120147;3118220035706;BOUCHER 21 CM FORGE TB PROFESSIONNEL EN PACK ECOLOGIQUE;;;13118220035703;23118220035700;;
10010006;3118220001121;COFFRET 2 CERAMIQUE 1CUIS125+1OF LAME BLANCHE PANACHE 4 COUL;;;13118220001128;23118220001125;;
30020016;3118220003132;COFFRET BI MAT 6 CAFES ACIDULE BEE LAG NOIR CARBONE;;;13118220003139;23118220003136;;
10080003;3118220001572;Z CHEF 19 FURTIF EVERCUT CLASSIC MANCHE NOIR BOITE CAD VPC;;;13118220001579;23118220001576;;
30020314;3118220032590;COUTEAU ACIDULE ANIS WB+GENCOD;;;13118220032597;23118220032594;;
30303042;3118220005518;FOURCHETTE TABLE EXPRESSION MANCHE BOIS NOIR BERLINGOT;;;13118220005515;23118220005512;;
442370;3118224423707;ASSIETTE CARREE 25CM TERRACOTA MAT;;;13118224423704;23118224423701;;
447331;3118224473313;M16 PAILLE FUSHIA BOITE DECO;;;13118224473310;23118224473317;;
11700002;3118220037038;STEAK 12CM BRIGADE TB COLLECTION PACK ECOLOGIQUE;;;13118220037035;23118220037032;;
440170;3118224401705;CUILLERE A CONFITURE METAL +BOITE SIMPLE BLEU PR00005918;;;13118224401702;23118224401709;;
Comp0740059;3118220023864;PORTE VERRE 1330 INCLINE BLANC RAL 9001;;;13118220023861;23118220023868;;
448901;3118224489017;LOT 3 FOURCHETTES MANGO ANIS 382C;;;13118224489014;23118224489011;;
30020258;3118220008632;BOITE DE 6 COUTEAUX ACIDULE BEE BLEU 286C VPC;;;13118220008639;23118220008636;;
11510007;3118220030022;SANTUKO 19 CM BOIS STABILISE TOP CHEF FRANCAIS FLAMAND;;;13118220030029;23118220030026;;
143357;3118221433570;KIT PLV LINEAIRE COUVERTS CORA L130;;;13118221433577;23118221433574;;
444350;3118224443507;FOURCHETTE VICHY ROSE 214C;;;13118224443504;23118224443501;;
Comp0400002;3118220022331;THERMO PM GAMME ABSOLU;;;13118220022338;23118220022335;;
313460;3118223134604;COUTEAU LAG INOX FORGE HERITAGE VRAC;;;13118223134601;23118223134608;;
402992;3118224029923;CHEF 19CM FORGE POM FX TB;;;13118224029920;23118224029927;;
30020304;3118220021594;COUTEAU ACIDULE BEE TURQUOISE 3135C VRAC SS ABEILLE;;;13118220021591;23118220021598;;
405071;3118224050712;S.SALADE LAG BLEU NACRE COF.BOIS;;;13118224050719;23118224050716;;
446690;3118224466902;COFFRET 6 STEAK LAME ANTI ADHERENTE COUL ASS;;;13118224466909;23118224466906;;
10010100;3118220010352;COFFRET 3 CERAMIQUE METALLISE ARGENT STEAK+C15+EP LAME BLANC;;;13118220010359;23118220010356;;
30970023;3118220016354;FOURCHETTE ECUME TRANSPARENT VRAC GENCOD;;;13118220016351;23118220016358;;
443271;3118224432716;COFFRET BORDEAU A FENETRE 6 FETTES LAG ROUGE ABS MARBRE;;;13118224432713;23118224432710;;
Comp0140001;3118220033184;MANCHE PM MANGO TURQUOISE 7467C POUR CERAMIQUE;;;13118220033181;23118220033188;;
446073;3118224460733;STEAK LAG EVOLUTION LASURE GRIS+SLEEVE+GENCOD;;;13118224460730;23118224460737;;
315322;3118223153223;CUILLERE ACIDULE BEE NOIR CARBONE VRAC;;;;;;
143615;3118221436151;EQUERRE DE 40MM;;;13118221436158;23118221436155;;
424650;3118224246504;M24 DIANE NOIR CHARME;;;13118224246501;23118224246508;;
143369;3118221433693;VISUEL 130*30CM SUPPORT ADHESIF LINEAIRE COUVERT CORA L133;;;;;;
449191;3118224491911;COUTEAU SENS ANIS 583C+GENCOD;;;13118224491918;23118224491915;;
400110;3118224001103;CT TABLE ROMANE OPEN PACK;;;13118224001100;23118224001107;;
Kit0085;3118220009400;DISPLAY 24 ROULETTES A PIZZA CERAMIQUE 2 COUL 3118220005556;;;;;;
441210;5400247057280;EPLUCHEUR BOIS NATUREL SLEEVE CORA;;;15400247057287;25400247057284;;
Acce0009;3118220012783;AIGUISEUR DOUBLE DIAMANT PANACH 102*52*42MM BLISTER LCD CHEF;;;13118220012780;23118220012787;;
10424284;3118220004375;MAESTRO TB N°13 STEAK 12CM COFFRET BI MAT;;;13118220004372;23118220004379;;
443184;3118224431849;CHEF 19 FURTIF CLASSIC LAME NOIRE MANCHE NOIR BOITE CADEAU I;;;13118224431846;23118224431843;;
30040023;3118220006980;M16 POIS CLASSIC VERT 362C;;;13118220006987;23118220006984;;
10020023;3118220003705;POCHE ACIDULE NOIR LAME TITANE AVEC ETUI COFFRET BI MAT;;;13118220003702;23118220003709;;
313480;3118223134802;CUILLERE LAG INOX FORGE HERITAGE VRAC;;;13118223134809;23118223134806;;
443871;3118224438718;COFFRET BI MAT DE 6 STEAKS LAG SENS STEPPE (KAKI);;;13118224438715;23118224438712;;
431200;3118224312001;COUTEAU CURVING BRILLANT+GENCOD;;;13118224312008;23118224312005;;
449161;3118224491614;COFFRET CHEF TRANSITION LAME NOIRE CERAMIQUE;;;13118224491611;23118224491618;;
314690;3118223146904;COUTEAU ACIDULE BEE ROSE 226C  VRAC;;;13118223146901;23118223146908;;
Comp0100020;3118220041394;BOITE VIDE LAGUIOLE POUR M16 LAGUIOLE INTUTION BRILLANT;;;13118220041391;23118220041398;;
31100006;3118220017252;FOURCHETTE CALICOT USA VRAC GENCOD;;;13118220017259;23118220017256;;
444737;3118224447376;M16 ACIDULE BEE BLEU ACIER 5405C  BTE LARGE;;;13118224447373;23118224447370;;
440901;3118224409015;CUISINE 16 EXPRESSION POM LAG EVOLUTION BOITE KRAFT;;;13118224409012;23118224409019;;
427590;3118224275900;CAFE LAG METAL 12/10+GENCOD;;;13118224275907;23118224275904;;
Comp0140009;3118220033269;MANCHE GM MANGO ANTHRACITE 446C POUR CERAMIQUE;;;13118220033266;23118220033263;;
20300001;3118220011724;FOURCHETTE TABLE EXPRESSION METAL SATINE BERLINGOT;;;13118220011721;23118220011728;;
446513;3118224465134;COFFRET 6 STEAKS LAG EVOLUTION LASURE GRIS;;;13118224465131;23118224465138;;
433472;3118224334720;6 CX LAG MARBRE BLEU ML BTE FENETRE JAUNE;;;13118224334727;23118224334724;;
Kit0060;3118220005419;KIT PLV LINEAIRE PROSUMA 133 MIXTE COUTEAUX COUVERTS;;;13118220005416;23118220005413;;
442843;3118224428436;COFFRET BORDEAU A FENETRE 6 CAFES LAG IVOIRE NACRE MI;;;13118224428433;23118224428430;;
435395;3118224353950;CAFE BOLERO CELADON VERT+GENCOD;;;13118224353957;23118224353954;;
448320;3118224483206;ROULETTE A PIZZA TRANSITION SACHET+GENCOD;;;13118224483203;23118224483200;;
30040021;3118220006966;M16 POIS CLASSIC ROSE 218C;;;13118220006963;23118220006960;;
11410008;3118220036925;TUBO 4 STEAKS LOUIS LAME LISSE;;;13118220036922;23118220036929;;
425660;3118224256602;M24 TAUPE HOKKAIDO CHARME;;;13118224256609;23118224256606;;
10424293;3118220012233;MAESTRO TB N°8 SANTUKO 18CM EVERCUT BERLINGOT;;;13118220012230;23118220012237;;
427820;3118224278208;CT POISSON VIEUX PARIS SAT+GENCO;;;;;;
430279;3118224302798;6 STEAKS TAUPE BLOC INCLINE;;;13118224302795;23118224302792;;
Div0860031;3118220040281;Moule new reccord GM;;;;;;
10210027;3118220017733;CUISINE 19 LAG LASURE MANCHE BOIS BLANCHI EN BERLINGOT;;;13118220017730;23118220017737;;
437520;3118224375204;FOURCHETTE DESSERT OSLO+GENCOD;;;13118224375201;23118224375208;;
433600;3118224336007;BIVOUAC+HOUSSE+SACHET+ETIQ;;;13118224336004;23118224336001;;
446575;3118224465752;COUTEAU MANGO TAUPE 7531C;;;13118224465759;23118224465756;;
21160011;3118220027268;FOURCHETTE DESSERT IMPERIAL;;;13118220027265;23118220027262;;
315221;3118223152219;STEAK BOIS FOUGERE 7746C;;;13118223152216;23118223152213;;
Comp0740046;3118220021396;STRUCTURE VITRINE 1300 COUTEAUX (POUR BARRE DE FORCE);;;13118220021393;23118220021390;;
447911;3118224479117;COFFRET OFFICE URBAN LAME CERAMIQUE NOIRE;;;13118224479114;23118224479111;;
11510002;3118220029934;OFFICE BOIS STABILISE LAME LISSE TOP CHEF FRANCAIS FLAMAND;;;13118220029931;23118220029938;;
143834;3118221438346;EMBASE DISPLAY PALETTE 80*120*180 ET 1/2 PALETTE 80*60*180;;;;;;
30020317;3118220032620;CAFE ACIDULE ANIS WB+GENCOD;;;13118220032627;23118220032624;;
Kit0750040;3118220040748;TG TOP CHEF COUTELLERIE VERSION 2;;;13118220040745;23118220040742;;
442070;3118224420706;M24 TROQUET TAUPE MARRON POT PET;;;13118224420703;23118224420700;;
448082;3118224480823;CHEF 19 ACIDULE MANCHE ROUGE 185C SOUS FX TB T3;;;13118224480820;23118224480827;;
404581;3118224045817;CT OFFICE ERGO COLORIS PANACHE;;;13118224045814;23118224045811;;
142812;3118221428125;ENSEMBLE EVERCUT ENVELOPPE-NOTICE-GARANTIE VERSION ANGLAISE/;;;13118221428122;23118221428129;;
31040010;3118220023499;COUTEAU DROP VERT 5487C VRAC + GENCOD;;;13118220023496;23118220023493;;
30650017;3118220006782;CUILLERE HECTOR BLEU 534C VRAC GENCOD;;;13118220006789;23118220006786;;
30230002;3118220002272;FOURCHETTE INEDIT CANADA+GENCOD;;;13118220002279;23118220002276;;
445800;3118224458006;COFFRET CERAMIQUE 2CX LAG TABLE LAME NOIRE MANCHE BLANC NACR;;;13118224458003;23118224458000;;
448521;3118224485217;COUTEAU BASTILLE EMERAUDE 326C+GENCOD;;;13118224485214;23118224485211;;
136041;3118221360418;BOITE VIDE GRISE 1 PCE GM LAG EXPRESSION 410*76*31MM;;;13118221360415;23118221360412;;
409770;3118224097700;M24 BULLES FRAMBOISE POT PET;;;13118224097707;23118224097704;;
30730010;3118220009110;M16 INEDIT GEOMETRIX SQUARE;;;13118220009117;23118220009114;;
306010;3118223060101;CUILLERE TABLE SOHO;;;13118223060108;23118223060105;;
427420;3118224274200;MARAICHER GRAPHIC / BTE;;;13118224274207;23118224274204;;
409060;3118224090602;SOMMELIER DESIGN + COQUE OVOIDE;;;13118224090609;23118224090606;;
80020002;3118220028289;LOT 6 VERRES PM 34 ACIDULE NOIR CARBONE;;;13118220028286;23118220028283;;
427830;3118224278307;FETTE POISSON V.PARIS SAT+GENCOD;;;;;;
600540;3118226005406;FILM TRANSFERT THER PAXAR RUBAN CIRE RESINE LAIZE55MM;;;13118226005403;23118226005400;;
Kit0750056;3118220045613;DEMI DISPLAY BOIS LE MAREYEUR;;;13118220045610;23118220045617;;
603192;3118226031924;JEU DE 2 PIEDS AVEC ROULETTES;;;;;;
31760009;3118220042643;M16 SAINT GERMAIN IVOIRE EN BOITE TB PREMIUM;;;13118220042640;23118220042647;;
10120178;3118220037892;SANTOKU 18CM GEORGES MANCHE BOIS BERLINGOT;;;13118220037899;23118220037896;;
302091;3118223020914;CUILLERE CAFE BACCARAT METAL BRILLANT;;;;;;
Kit0750012;3118220013537;DISPLAY 189 CERAMIQUE 1/4 PALETTE 60*40 LC LAME BLANC/ NOIRE;;;13118220013534;;;
10960020;3118220016996;COUTEAU AUGUSTE NATUREL PALISSANDRE LAME INOX MAT BERLINGOT;;;13118220016993;23118220016990;;
128791;3118221287913;STICKER DIAM 5CM M6 CAPITAL POUR COFFRET CERAMIQUE;;;;;;
10120148;3118220035713;CT PAIN 20CM FORGE TB PROFESSIONNEL EN PACK ECOLOGIQUE;;;13118220035710;23118220035717;;
10010127;3118220011328;COFFRET 4 STEAK CERAMIQUE METALLISE 4 COUL LAME BLANCHE;;;13118220011325;23118220011322;;
437321;3118224373217;SOUCOUPE CAFE 12CL VANILLE;;;13118224373214;23118224373211;;
404807;3118224048078;6 CTX LAG ABS BLEU ML COF.BOIS;;;13118224048075;23118224048072;;
10120060;3367305228353;OFFICE 9 FORGE FRX PRADEL HERITAGE 522835;;;13367305228350;23367305228357;;
426300;3118224263006;BOUCHER21 FORGE BOIS OLIVIER EN BERLINGOT;;;13118224263003;23118224263000;;
301210;3118223012100;FOURCHETTE DESSERT  VIEUX PARIS;;;;;;
11510011;3118220042223;BLOC 4 COUTEAUX BRIGADE BOIS STABILISE;;;13118220042220;23118220042227;;
31040018;3118220023574;COUTEAU DROP FRAMBOISE 7641C VRAC + GENCOD;;;13118220023571;23118220023578;;
21290006;3118220028425;FOURCHETTE MAZARIN MANCHE BLANC TETE INOX BROSSE + GENCOD;;;13118220028422;23118220028429;;
404731;3118224047316;COUTEAU GRILLADE HETRE + SLEEVE;;;13118224047313;23118224047310;;
446561;3118224465615;CAFE POIS INEDIT BLEU 5415C;;;13118224465612;23118224465619;;
10960059;3118220018907;TUBO NOIR 6 COUTEAUX AUGUSTE ABS ROUGE GROSEILLE;;;13118220018904;23118220018901;;
Kit0011;3118220001916;KIT OP DISPLAY VITRINE SYST U MISE DE BASE B;;;;;;
446285;3118224462850;COFFRET 4 PCES OF SANTUK CHEF DESO LAME TITANE MULTICOLOR;;;13118224462857;23118224462854;;
444150;3118224441503;4 COUTEAUX ACIDULE BEE TRANSPARENT BLANC EN BTE PEGBORDABLE;;;13118224441500;23118224441507;;
31100007;3118220017269;CUILLERE CALICOT USA VRAC GENCOD;;;13118220017266;23118220017263;;
10020005;3118220001602;COFFRET COTE DE BOEUF 4 EMINCEURS ACIDULE NOIR CARBON SPCB12;;;13118220001609;23118220001606;;
10210020;3118220017603;LOT 3 STEAK PS LAG LASURE MANCHE BOIS NATUREL SACHET+GENCOD;;;13118220017600;23118220017607;;
10010116;3118220010765;COFFRET 2 CERAMIQUE 1CUIS125+1OF LAME BLANC MANCHE BLEU 072C;;;13118220010762;23118220010769;;
10960030;3118220018143;COUTEAU AUGUSTE NATUREL EBENE LAME INOX BRILLANTE BERLINGOT;;;13118220018140;23118220018147;;
Comp0162;3118220015944;CARTONNETTE 185*85MM 250G POUR COFFRET RASE LEGUME CERAMIQUE;;;;;;
Acce0590001;3118220018433;BARRE AIMANTEE SOUS SACHET+GENCOD;;;13118220018430;23118220018437;;
412210;3118224122105;CAFE OSAKA BRILL+GENCOD;;;13118224122102;23118224122109;;
438101;3118224381014;FOURCHETTE INFINITY LAVANDE +GENCOD;;;;;;
Comp0500007;3118220033450;FERMANT LAG EVOLUTION BOIS NOIR 10CM VRAC;;;13118220033457;23118220033454;;
Comp0740041;3118220020672;ENSEMBLE 2 VISUEL STA0304 LCLD DISPLA TOLE COMPACT;;;13118220020679;23118220020676;;
30730011;3118220009127;M16 INEDIT GEOMETRIX LOSANGE;;;13118220009124;23118220009121;;
10010148;3118220013360;COFFRET OF+C13 CERAMIQUE METALLISE TIE AND DYE COUL PANACHE;;;13118220013367;23118220013364;;
446841;3118224468418;CUISINE 15CM FORGE BOIS BACKELISE NOIR BOITE GRISE;;;13118224468415;23118224468412;;
308900;3118223089003;CT LAG TABLE ABS ORANGE 10/10 ML;;;13118223089000;23118223089007;;
421340;3118224213407;M24 TROQUET PS COLORIS PANACHES;;;13118224213404;23118224213401;;
30140012;3010006033923;CUILLERE MANGO FRAMBOISE 220C EURODIF;;;13010006033920;23010006033927;;
40020003;3118220013070;6 PICS A BIGORNEAUX ACIDULE COUL ASSSORTIES BLISTER;;;13118220013077;23118220013074;;
448219;3118224482193;CUISINE 19 LAG LASURE MANCHE BOIS COUL PANACHE FX COUTEAU DU;;;13118224482190;23118224482197;;
433190;3254564698372;CUISINE 17 ALLIANCE/FRX AUCHAN;;;13254564698379;23254564698376;;
30250002;3118220002494;FOURCHETTE INEDIT NORVEGE+GENCOD;;;13118220002491;23118220002498;;
30050015;3118220003026;CAFE EVOLUTION SENS LASURE NATUREL +GENCOD;;;13118220003023;23118220003020;;
11410014;3118220043688;ENSEMBLE 5 COUTEAUX LOUIS;;;13118220043685;23118220043682;;
438080;3118224380802;M24 INFINITY ROSE EN RANGE COUVERTS;;;13118224380809;23118224380806;;
123733;3118221237338;COFFRET CARTON VIDE POUR 6 STEAKS HECTOR;;;;;;
Comp0750028;3118220032217;KAKEMONO PRESENSATION CUISSON TOP CHEF NEVERSTICK2;;;13118220032214;23118220032211;;
427010;3118224270103;EPLUCHEUR PP ECO COULEUR;;;13118224270100;23118224270107;;
10020020;3118220003675;POCHE ACIDULE NOIR CARBONE LAME INOX BOITE NEUTRE;;;13118220003672;23118220003679;;
10010157;3118220014022;COFFRET 1 CHEF 15 CERAMIQUE MANCHE VENDEE LAME BLANCHE;;;13118220014029;23118220014026;;
435660;3118224356609;CUISINE 17 FORGE OLIVIER EN BERLINGOT;;;13118224356606;23118224356603;;
30970038;3118220030169;M24 ECUME CAMPARI ROUGE 485C VRAC;;;13118220030166;23118220030163;;
427760;3118224277607;FOURCHETTE VIEUX PARIS SAT+GENCO;;;13118224277604;23118224277601;;
31560009;3118220034426;M16 INEDIT CHAT NEGATIF NOIR EN BOITE TB COLLECTION;;;13118220034423;23118220034420;;
448130;3257984139869;CUISINE 17 FORGE POM FX CORA;;;13257984139866;23257984139863;;
415700;3118224157008;OFFICE METAL 1ER PRIX S/FOURREAU;;;13118224157005;23118224157002;;
Kit0124;3118220015623;DISPLAY 154 CERAMIQUE CORSE 1/4 PALETTE 60*40 LC;;;13118220015620;23118220015627;;
447401;3118224474013;CHEF 19 ACIDULE  BEE ROUGE LAME TITANE NOIRE SOUS FX;;;13118224474010;23118224474017;;
51740008;3118220044845;SET DE 6 ASSIETTES DESSERT TOP CHEF;;;13118220044842;23118220044849;;
449232;3118224492321;COFFRET 6 FOURCHETTES SENS BLANC PUR;;;13118224492328;23118224492325;;
436243;3118224362433;OFFICE 9 TRANSITION FX TB;;;13118224362430;23118224362437;;
441830;3118224418307;BLOC 6 CX STEAK MANCHE BI-MAT;;;13118224418304;23118224418301;;
444652;3118224446522;BLOC 6 STEAKS RECORD AUBERGINE 5185C;;;13118224446529;23118224446526;;
30020009;3118220003064;COFFRET BI MAT 6 STEAKS ACIDULE BEE LAG ROUGE 185C;;;13118220003061;23118220003068;;
445670;3118224456705;6 COUTEAUX STEAK 6 FOURCHETTES BARBECUE BLEU;;;13118224456702;23118224456709;;
10300039;3118220036000;STEAK 11CM LAG EXPRESSION POM TB PROFESSIONNEL PACK ECOLOGIQ;;;13118220036007;23118220036004;;
10010178;3118220018006;COFFRET 2 CERAMIQUE DENTES OFFICE+SANTUKO LAME BLANCHE+1 EPL;;;13118220018003;23118220018000;;
30100002;3118220004689;M16 LAG ABS MARBRE GRIS MI;;;13118220004686;23118220004683;;
000237;3118220002371;INTERIM MAINTENANCE;;;;;;
437462;3118224374627;M24 LAG VANILLE BOITE LAG GM;;;13118224374624;23118224374621;;
11980021;3118220053335;STEAK LAG HERITAGE MEDIUM MIF IVOIRE VRAC;;;13118220053332;23118220053339;;
303220;3118223032207;AIGUISEUR PETIT MODELE;;;13118223032204;23118223032201;;
Kit0010033;3118220038462;DISPLAY LE COUTEAU DU CHEF CERAMIQUE 1/4 PALETTE;;;13118220038469;23118220038466;;
443970;3118224439708;LOT 4 COUVERTS EN BTE INEDITS PEGBORDABLE VICHY TURQUOISE 32;;;13118224439705;23118224439702;;
442820;3118224428207;6 STEAK TROQUET MARINE EN DISPLAY DE 12;;;13118224428204;23118224428201;;
Kit0750063;3118220047600;DISPLAY BOIS 96P PETITE COUTELLERIE LAGUIOLE 2.9 OF-EP-ST-TA;;;13118220047607;23118220047604;;
448622;3118224486221;FOURCHETTE INEDIT ECOSSAIS ROUGE +GENCOD;;;13118224486228;23118224486225;;
443872;3118224438725;COFFRET BI MAT DE 6 STEAKS LAG SENS PETROLE (GRIS BLEU);;;13118224438722;23118224438729;;
441200;3257983102482;STEAK ADFLEX COLORIS ASS NOIR VERT ORANGE TAUPE CORA;;;13257983102489;23257983102486;;
10120169;3118220037809;OFFICE 9 CM GEORGES MANCHE POM EN BERLINGOT;;;13118220037806;23118220037803;;
Emba0007;3118220008403;CAISSE 600*300*130 B30;;;13118220008400;23118220008407;;
21050001;3118220023178;COUTEAU FURTIF METAL VRAC GENCOD;;;13118220023175;23118220023172;;
434260;3118224342602;M27 LAG IMIT CORNE NOIRE MI 24P+S.DEC+TARTIN;;;13118224342609;23118224342606;;
21330001;3118220025844;M16 GUERANDE FINITION MIROIR 18/10 BOITE PREMIUM;;;13118220025841;23118220025848;;
437883;3118224378830;COFFRET 6 CX LAG BOIS +RHODO;;;13118224378837;23118224378834;;
431410;3118224314104;FETTE TROQUET LAVANDE PS+GENCOD;;;13118224314101;23118224314108;;
136635;3118221366359;KIT PLV LINEAIRE COUVERTS L130 ARTS DE LA TABLE LISA ESPAGNE;;;13118221366356;23118221366353;;
Kit0100004;3118220056596;DISPLAY CARTON DE 36 BLOCS 6 CX LAG ABS MI  MULTICOLOR CLAIR;;;13118220056593;23118220056590;;
425460;3118224254608;M24 GRACE CHARME;;;13118224254605;23118224254602;;
30020340;3118220050563;COFFRET LH PELLE A TARTE+ 6 FTTES GATEAU ACIDULE NOIR CARBON;;;13118220050560;23118220050567;;
30020270;3118220031418;FOURCHETTE A SERVIR ACIDULE ROUGE 185C VRAC;;;13118220031415;23118220031412;;
435770;3118224357705;CUISINE 19 SENSIO+BTE DETAILLANT TB CLASSIC;;;13118224357702;23118224357709;;
96305;3118220963054;MENAGERE LAGUIOLE INOX 24P ECRIN;;;;;;
10424307;3118220031623;OFFICE 9CM MAESTRO EN BOITE RETAIL;;;13118220031620;23118220031627;;
136584;3118221365840;VISUEL+KAKEMONO COUT CERAMIQUE COUT DU CHEF;;;;;;
449206;3118224492062;FOURCHETTE SENS NOIR CARBONE+GENCOD;;;13118224492069;23118224492066;;
433650;3118224336502;M24 KOBE BOITE LISA;;;13118224336509;23118224336506;;
31260002;3615005728391;M24 COTTAGE CUIR CARREFOUR;;;13615005728398;23615005728395;;
315220;3118223152202;STEAK BOIS PERVENCHE VIOLET C;;;13118223152209;23118223152206;;
10430018;3118220020719;BLOC PIN 6 STEAK RECORD CAMAIEU GRIS GIFI;;;13118220020716;23118220020713;;
10050009;3118220004597;BEURRE EVOLUTION SENS LASURE CLAIR +GENCOD;;;13118220004594;23118220004591;;
441642;3118224416426;CUISINIER ABSOLU BOIS FX TB;;;13118224416423;23118224416420;;
143790;3118221437905;VISUEL COUVERTS FLY L100 FRANCE;;;;;;
41000009;3118220021273;RAPE SILICONE COUL PANACHE +GENCOD;;;13118220021270;23118220021277;;
Cons0029;3118220006263;VISUEL+STICKER LINEAIRE CONFORAMA 2014;;;;;;
Kit0750005;3118220004740;DISPLAY 273 CERAMIQUE 1/4 PALETTE LC  2*60*40 LAME NOIRE-BLC;;;13118220004747;23118220004744;;
10840001;3118224489758;BOULANGER GRAPHIC SOUS BERLINGOT;;;13118224489755;23118224489752;;
136570;3118221365703;DEPLIANT 4 VOLETS FURTIF 14.8*21CM;;;13118221365700;23118221365707;;
443144;3118224431443;OFFICE FURTIF CLASSIC 9CM LAME NOIRE MANCHE NOIR BOITE CADEA;;;13118224431440;23118224431447;;
10080005;3118220034518;SET DE 4 COUTEAUX FURTIF EVERCUT CLASSIC MANCHE NOIR;;;13118220034515;23118220034512;;
448531;3118224485316;FOURCHETTE BASTILLE EMERAUDE 326C+GENCOD;;;13118224485313;23118224485310;;
10300010;3118220011793;SANTUKO EXPRESSION METAL SATINE FOURREAU;;;13118220011790;23118220011797;;
444400;3118224444009;STEAK INOX FX CDF;;;13118224444006;23118224444003;;
Comp0070005;3118220039681;BOITE ECOLO GM SANTOKU 19CM TB COLLECTION FURTIF METAL;;;13118220039688;23118220039685;;
444180;3118224441800;DISPLAY DE 24 SETS 4 CX ACIDULE BEE EN BTE PEGBORDABLE;;;13118224441807;23118224441804;;
Kit0750001;3118220004207;DISPLAY 167 CERAMIQUE 1/4 PALETTE 60*40 LAME BLANCHE 2014;;;13118220004207;23118220004201;;
10500032;3118220057302;COUTEAU DE POCHE SURICATE BOIS BRUN CUIVRE MIF EN BTE TB;;;13118220057309;23118220057306;;
10020073;3118220013308;SECATEUR A VOLAILLE ACIDULE NOIR CARTE PEGB;;;13118220013305;23118220013302;;
30363692;3256390153353;M24 TROQUET ROUGE PS EN BOITE VPC REF CLIENT 4725240;;;;13256390153350;;
30020295;3118220017115;M16 ACIDULE BEE BLACK CARBONE BOITE COULEUR;;;13118220017112;23118220017119;;
315922;3118223159225;CUILLERE LAG EVOLUTION MIROIR VRAC;;;3118223159222;23118223159229;;
30540003;3118220016170;M16 ZEPHIR  PARADISE PINK 191C 41 POT PET;;;13118220016177;23118220016174;;
11500001;3118220029828;DESOSSER 15 CM POLYMERE TOP CHEF FRANCAIS FLAMAND;;;13118220029825;23118220029822;;
30222286;3010006755184;CAFE BRETAGNE GENCOD EURODIF;;;13010006755181;23010006755188;;
30020245;3118220006058;6 STEAK ACIDULE COUL ASSORTIES EN BOITE VPC;;;13118220006055;23118220006052;;
10424281;3118220004344;MAESTRO TB N°10 PAIN 21CM COFFRET BI MAT;;;13118220004341;23118220004348;;
313490;3118223134901;CAFE LAG INOX FORGE HERITAGE VRAC;;;13118223134908;23118223134905;;
30140029;3118220007048;CAFE MANGO TAUPE 7531C VRAC;;;13118220007045;23118220007042;;
446452;3118224464526;CAFE ESCAPADE GRENAT +GENCOD;;;13118224464523;23118224464520;;
439905;3118224399057;M16 LAG HERITAGE CORA;;;13118224399054;23118224399051;;
10430011;3118220019393;BLOC 6 STEAK RECORD CAMAIEU VERT;;;13118220019390;23118220019397;;
439202;3257984128238;OFFICE BOIS ELAN FX CORA;;;13257984128235;23257984128232;;
31100029;3118220018051;M16 CALICOT BRETAGNE BOITE DECO;;;13118220018058;23118220018055;;
444763;3118224447635;COFFRET 2 COUTEAUX CERAMIQUE 125MM ET 75MM MANCHE BLEU;;;13118224447632;23118224447639;;
Kit0052;3118221366335;KIT PLV LINEAIRE USTENSILES L100 CONFORAMA;;;13118221366332;23118221366339;;
446680;3118224466803;COFFRET 6 STEAK LAME TITANE;;;13118224466800;23118224466807;;
443200;3245672220869;LOT 6 CX CLEO AUCHAN CODE OIA383733;;;13245672220866;23245672220863;;
431530;3118224315309;FETTE TROQUET ROUGE PS+GENCOD;;;13118224315306;23118224315303;;
10590002;3118220005310;SECATEUR VOLAILLE BOIS ROUGE/SKIN;;;13118220005317;23118220005314;;
448610;3118224486108;COUTEAU INEDIT ECOSSAIS JAUNE +GENCOD;;;13118224486105;23118224486102;;
446541;3118224465417;FOURCHETTE POIS INEDIT BLEU 5415C;;;13118224465414;23118224465411;;
10070027;3118220042162;BLOC 5 COUTEAUX FURTIF CLASSIQUE;;;13118220042169;23118220042166;;
10080014;3118220043039;SET DE 3 COUTEAUX FURTIF EVERCUT CLASSIC MANCHE NOIR;;;13118220043036;23118220043033;;
20110012;3118220023949;FOURCHETTE LAGUIOLE HERITAGE SATINE VRAC + GENCOD;;;13118220023946;23118220023943;;
000244;3118220002449;INTERIM FABRICATION;;;;;;
306660;3118223066608;CUILLERE TABLE ZEPHIR BLEU;;;;;;
11400002;3118220026506;STEAK 12CM TRADITION BOIS D'OLIVIER EN FX TB;;;13118220026503;23118220026500;;
435332;3118224353325;12 POISSON OSLO CHARME;;;13118224353322;23118224353329;;
10320001;3118220003743;HUITRE PLASTIQUE GARDE NOIR MANCHE AVEC TROU;;;13118220003748;23118220003747;;
30101072;3118223115030;FOURCHETTE LAG LUXE BOIS NOIR REF 311503;;;;;;
11510004;3118220029958;STEAK BOIS STABILISE LAME MICRODENTE TOP CHEF FRANCAIS FLAM;;;13118220029955;23118220029952;;
Comp0740032;3118220019706;ETAGERE 8 POTS VERRES + 8 VERRES ANCIEN MODELE;;;13118220019703;23118220019700;;
447550;3118224475508;PINCEAU SILICONE ACIDULE COUL PANACHE SOUS BLISTER;;;13118224475505;23118224475502;;
444762;3118224447628;COFFRET 2 CERAMIQUE 125MM ET 75MM MANCHE PRUNE LAME BLANCHE;;;13118224447625;23118224447622;;
439610;3118224396100;SET ENFANT 4 PCES CHEEKY;;;13118224396107;23118224396104;;
427580;3118224275801;CUILL LAG METAL 12/10+GENCOD;;;13118224275808;23118224275805;;
30101088;3118220022607;M24 LAGUIOLE BRUN ROUGE TON SUR TON GRAND COFFRET;;;13118220022604;23118220022601;;
442114;3118224421147;LOT DE 4 ASSIETTES PLATES 26CM IVOIRE MAT;;;13118224421144;23118224421141;;
20110015;3605751413153;M16 NOUVEL (HERITAGE) BOITE ALINEA;;;13605751413150;23605751413157;;
136088;3118221360883;VISUEL LINEAIRE VAISSELLE 130;;;;;;
Kit0750043;3118220041561;DISPLAY BOIS LE MAREYEUR 100% MADE IN FRANCE V4;;;13118220041568;23118220041565;;
11400007;3118220047990;BLOC MAGNETIQUE 5  COUTEAUX TRADITION BOIS D'OLIVIER;;;13118220047997;23118220047994;;
10120153;3118220035768;FILET DE SOLE 17 CM FORGE TB PROFESSIONNEL PACK ECOLOGIQUE;;;13118220035765;23118220035762;;
444656;3118224446560;BLOC 6 STEAKS RECORD ROSE 213C;;;13118224446567;23118224446564;;
446012;3118224460122;FOURCHETTE ACIDULE BEE BLEU ACIER 5405C +GENCOD;;;13118224460129;23118224460126;;
Kit0750068;3118220049765;DEMI DISPLAY BOIS LE MAREYEUR MIF V2;;;13118220049762;23118220049769;;
Kit0740023;3118220040212;KIT DISPLAY OP LAGUIOLE HERITAGE;;;13118220040219;23118220040216;;
448743;3118224487433;FOURCHETTE EVOLUTION CUIR TAUPE WARM GREY 11C+GENCOD;;;13118224487430;23118224487437;;
448903;3118224489031;LOT 3 CAFES MANGO ANIS 382C;;;13118224489038;23118224489035;;
Outi1940024;3118220050365;PN SURVIE 2024 MOULE SUR-MOULAGE MANCHE 1180074;;;;;;
Comp0142;3118220014343;DISPLAY VIDE OP EXPRESSION VERALEC;;;;;;
427840;3118224278406;FETTE HUITRE V.PARIS SAT+GENCOD;;;;;;
cca50;3118220008502;CAISSE AME. GC20 255X125X155;;;;;;
444755;3118224447550;COFFRET 3 CX STEAK CERAMIQUE PANACHE LAME BLANCHE;;;13118224447557;23118224447554;;
Kit0500003;3118220057289;DISPLAY 1/4 PAL 120 SURICATES HETRE NATUREL MIF BLISTER TB;;;13118220057286;23118220057283;;
30020255;3118220007338;M26 ACIDULE BEE BLANC GLACIER COFFRET BI MAT;;;13118220007335;23118220007332;;
10120183;3118220040793;SET 3 COUTEAUX (OFFICE SANTOKU PAIN) MAESTRO EN BOITE;;;13118220040790;23118220040797;;
71590043;3118220043251;PLAT A FOUR 35*25CM TOP CHEF EN FONTE D'ALUMINIUM;;;13118220043258;23118220043255;;
442336;3118224423363;LOT DE 6 EXPRESSO ARDOISE MAT;;;13118224423360;23118224423367;;
Kit0740022;3118220039902;KIT COUVERTS TB 3 ELEMENTS VRAC + MENAGERES GIFI;;;13118220039909;23118220039906;;
Comp0158;3118220015883;ENSEMBLE DE 41 COUTEAUX VRAC POUR LA VITRINE L266 KIT0125;;;13118220015880;23118220015887;;
10010036;3118220004146;COFFRET 2 CERAMIQUE CUISINE13+OFFICE UNION JACK LAME BLANCHE;;;13118220004143;23118220004140;;
30970027;3118220016392;FOURCHETTE ECUME OLIVE GREEN 5763C VRAC GENCOD;;;13118220016399;23118220016396;;
439200;3118224392003;OFFICE BOIS ELAN FX COUTEAU DU CHEF;;;13118224392000;23118224392007;;
20160030;3118220025882;M16 OSLO DECOR ETOILE ANTHRACITE BOITE TB COLLECTION;;;13118220025889;23118220025886;;
11060072;3118220031234;COUTEAU TIOR;;;13118220031231;23118220031238;;
444540;3118224445402;COFFRET CERAMIQUE RASE LEGUMES LAME NOIRE;;;13118224445409;23118224445406;;
416490;3118224164907;TUBO 6 CUILLERES LAG ABS GRIS;;;13118224164904;23118224164901;;
314680;3118223146805;COUTEAU ACIDULE BEE ROUGE 185C  VRAC;;;13118223146802;23118223146809;;
307021;3118223070216;CUILLERE A CAFE MISTRAL MARINE;;;13118223070213;23118223070210;;
447880;3118224478806;DISPLAY 132 PCES USTENSILES ACIDULE COUL PANACHEE;;;13118224478803;23118224478800;;
Kit0010023;3118220018334;DISPLAY 90 CERAMIQUE 1/4 PALETTE 60*40 LC LAME BLANCHE;;;;;;
421070;3257981027077;PAIN FORGE RIV/ FRX CORA;;;13257981027074;23257981027071;;
443370;3118224433706;M16 ESCAPADE GRENAT BTE LISA DECO;;;13118224433703;23118224433700;;
302108;3118223021089;COUTEAU TABLE TROQUET IVOIRE PS;;;13118223021086;23118223021083;;
30970007;3118220013490;M24 ECUME MOJITO 361C POT PET;;;13118220013497;23118220013494;;
421715;3605751288225;M16 BAROQUE/PHRARA BOITE ALINEA;;;13605751288222;23605751288229;;
449020;3118224490204;FETTE A SPAGHETTI PENDERIE ACIDULE COUL ASS SUR CARTE;;;13118224490201;23118224490208;;
Comp0123;3118221027007;BOX VIDE PROMOTION GM 419*254*300 REF 102700;;;13118221027004;23118221027001;;
446598;3118224465981;CUILLERE MANGO BLANC TRANSPARENT;;;13118224465988;23118224465985;;
40840011;3118220034938;BOURRICHE MIXTE CURETTES HOMARD + PICS BIGORNEAUX MIFRANCE;;;13118220034935;23118220034932;;
31260029;3118220043008;CAFE COTTAGE IVOIRE + GENCOD;;;13118220043005;23118220043002;;
313346;3118223133461;CUILLERE AMANDE ANIS VRAC;;;;;;
21520031_Sylob;3118220042452;CUILLERE DESSERT LAGUIOLE INTUITION SATINE EN BOITE PEGB;;;13118220042459;23118220042456;;
31050006;3118220015685;M16 FURTIF BLACK CARBONE EN  BOITE TB COLLECTION;;;13118220015682;23118220015689;;
447270;3118224472705;GRILLADIN ABSOLU ABS BOITE GRISE;;;13118224472702;23118224472709;;
Comp1490008;3118220038547;PROTECTION PVC POUR BOITES PM ACCESS ET ECO;;;13118220038544;23118220038541;;
10010040;3118220004719;COFFRET 1 OFFICE CERAMIQUE MANCHE UNION JACK LAME BLANCHE;;;13118220004716;23118220004713;;
445360;3118224453605;BLOC BOIS BLC 6 STEAKS LAG EVOL DUO COUL PANACHE;;;13118224453602;23118224453609;;
10960004;3118220013681;COFFRET CARTON NOIR 12 COUTEAUX AUGUSTE ABS  MARRON GLACE;;;13118220013688;23118220013685;;
10960002;3118220013667;COFFRET CARTON NOIR 12 COUTEAUX AUGUSTE ABS BLEU AUVERGNE;;;13118220013664;23118220013661;;
136043;3118221360432;BOITE VIDE GRISE 1 PCE GM GAMME ABSOLU 410*76*31MM;;;;;;
30656595;3118220015869;CUILLERE HECTOR BOIS VRAC AVEC GENCOD;;;13118220015866;23118220015863;;
436511;3118224365113;CUISINE 17 FORGE+BERLINGOT TB CLASSICS;;;13118224365110;23118224365117;;
445350;3609231249980;M16 ACIDULE ANIS 583C CRF SS ABEILLE;;;13609231249987;23609231249984;;
442266;3118224422663;LOT DE 6 MUG IVOIRE MAT;;;13118224422660;23118224422667;;
10020098;3118220020542;CISEAU UNIVERSEL ACIDULE ROUGE SUR CARTE;;;13118220020549;23118220020546;;
Comp0740014;3118220015784;PLEXIGLASS VITRINE 1300 COUTEAUX;;;13118220015781;23118220015788;;
11500013_Sylob;3118220042186;CUISINE 17 CM POLYMERE EN BERLINGOT;;;13118220042183;23118220042180;;
10020083;3118220014206;Z BLOC MAGNETIQUE 3 CUISINE ACIDULE BRUME 430C LAME TIT VPC;;;13118220014203;23118220014200;;
446951;3010005419513;CUILLERE TROQUET ROUGE GENCOD EURODIF;;;13010005419510;23010005419517;;
10010112;3118220010727;COFFRET 1 CHEF 155 CERAMIQUE LAME BLANCHE MANCHE BLEU 072C;;;13118220010724;23118220010721;;
10020047;3118220009035;EPLUCHEUR FIL Y ACIDULE ANIS SOUS BLISTER;;;13118220009032;23118220009039;;
430940;3118224309407;Z COF.LUXE 6 CX LAG BOIS NOIR GS;;;13118224309404;23118224309401;;
31020007;3614613272401;COUTEAU NUANCE BLANC VRAC GENCOD CARREFOUR;;;13614613272408;23614613272405;;
10020075;3118220013865;CISAILLE A CRUSTACES ACIDULE ROSE SUR CARTE;;;13118220013862;23118220013869;;
10950003;3118220012769;COUTEAU FEMME GUY SAVOY VRAC SANS GENCOD;;;13118220012766;23118220012763;;
32070016;3616957761931;CAFE OPEN DECOR NATURE CARREFOUR HOME;;;03616955895577;03616954320643;;
301240;3118223012407;FOURCHETTE POISSON VIEUX PARIS;;;;;;
445756;3118224457566;PAIN LAG EXPRESSION MANCHE BOIS NOIR EN BERLINGOT;;;13118224457563;23118224457560;;
30910005;3118220014312;M16 INEDIT FRANCE BOITE DECO;;;13118220014319;23118220014316;;
10960053;3118220018846;COFFRET BI MAT 6 COUTEAUX AUGUSTE ABS VERT PISTACHE;;;13118220018843;23118220018840;;
445100;5414663285714;M16 CLEO WINNY;;;15414663285711;25414663285718;;
11980035;3118220056176;SANTOKU 18 LAGUIOLE HERITAGE NANOCUT MIF CARTONNETTE LH;;;13118220056173;23118220056170;;
444620;3605752059152;M16 TROQUET VERT ANIS VIF 382C POT PET ALINEA;;;13605752059159;23605752059156;;
430690;3453830035983;COUTEAU VIEUX PARI COMPTOIR DE;;;13453830035980;23453830035987;;
436551;3118224365519;DESOSSER FORGE+BERLINGOT TB CLASSICS;;;13118224365516;23118224365513;;
438311;3118224383117;FOURCHETTE BASTILLE BLANC+GENCOD;;;13118224383114;23118224383111;;
21530010;3118220029736;CAFE BOBINE REVETEMENT PVD NOIR MAT SUR CARTE PREMIUM;;;13118220029733;23118220029730;;
Comp0030;3118220006089;ETIQUETTE ADHESIVE M16 MIROIR AVEC GENCOD;;;13118220006086;23118220006083;;
137440;3118221374408;PLAQUE NOIR COUVRE PALETTE 80*60;;;;;;
124286;3118221242868;VISUEL+STICKER LINEAIRE COUVERTS L130 LES ARTS DE LA TABLE E;;;;;;
31100002;3118220017214;FOURCHETTE CALICOT UNION JACK VRAC GENCOD;;;13118220017211;23118220017218;;
411490;3118224114902;COUT BULLE FRAMBOISE+GENCOD;;;13118224114909;23118224114906;;
Comp1230003;3118220025721;CAISSETTE HUITRE LAGIUOLE EVOL 10 KGS 40*29*14CM+ COUVERCLE;;;13118220025728;23118220025725;;
433360;3118224333600;STEAK TRANSITION+ BTE GRISE+ STICKER;;;13118224333607;23118224333604;;
Comp0214;3118220019546;COFFRET CARTON FENETRE 270*270 VIDE 6 STEAKS LAG EXPRESSION;;;13118220019543;23118220019540;;
123856;3118221238564;PLEXI DU LINEAIRE ALINEA L120 SOIT 2 VITRINES DE 57CM;;;;;;
30530002;3118220012653;FOURCHETTE BULLE BLEU + GENCOD;;;13118220012650;23118220012657;;
314670;3118223146706;COUTEAU WHITE DOTS VRAC;;;13118223146703;23118223146700;;
314842;3118223148427;CUILLERE ACIDULE BEE VIOLET 5145C  VRAC;;;13118223148424;23118223148421;;
11200001;3118220026285;TARTINEUR PORQUEROLLES SUR CARTE PEGBORDABLE;;;13118220026282;23118220026289;;
402972;3118224029725;JAMBON 25CM FORGE POM  FX TB;;;13118224029722;23118224029729;;
123745;3118221237451;COFFRET CARTON VIDE POUR 6 COUTEAUX INEDITS;;;;;;
412800;3118224128008;6 CAFES BANQUISE TUBO PVC;;;13118224128005;23118224128002;;
30970031;3118220016439;FOURCHETTE ECUME TITANE BLUE 5405C VRAC GENCOD;;;13118220016436;23118220016433;;
430274;3118224302743;6 STEAKS FUSHIA BLOC INCLINE;;;13118224302740;23118224302747;;
436285;3118224362853;SANTUKO 17 TRANSITION FX COUTEAU DU CHEF SUISSE;;;13118224362850;23118224362857;;
30020293;3118220016941;6 CAFES ACIDULE COUL ASSORTIES EN BOITE VPC;;;13118220016948;23118220016945;;
Comp0750018;3118220029033;PRESENTOIR 1/8 PALETTE LOW COST PLUS CASIER VRAC;;;13118220029030;23118220029037;;
30020323;3118220032682;FOURCHETTE ACIDULE TURQUOISE WB+GENCOD;;;13118220032689;23118220032686;;
410620;3118224106204;M24 AMANDE BLEU CIEL BTE  LISA;;;13118224106201;23118224106208;;
124184;3118221241847;COFFRET CARTON VIDE POUR 6 CX EVOLUTION CUIR;;;13118221241844;23118221241841;;
442330;3118224423301;EXPRESSO ARDOISE MAT;;;13118224423308;23118224423305;;
Kit0750030;3118220036918;KIT TETE DE GONDOLE TOP CHEF CUISSON DE 44 PIECES;;;13118220036915;23118220036912;;
430293;3118224302934;DESOSSER 6 MONTANA FX CDF;;;13118224302931;23118224302938;;
30140033;3118220007376;M24 MANGO TAUPE 7531C VRAC;;;13118220007373;23118220007370;;
436790;3118224367902;PAIN 20 OMEGA FX CDF;;;13118224367909;23118224367906;;
10210016;3118220010208;CUISINE 19 LAG LASURE MANCHE BOIS NATUREL BOITE CADEAU;;;13118220010205;23118220010202;;
30020014;3118220003118;COFFRET BI MAT 6 CUILLERES ACIDULE BEE LAG NOIR CARBONE;;;13118220003115;23118220003112;;
10120150;3118220035737;SANTUKO FORGE TB PROFESSIONNEL EN PACK ECOLOGIQUE;;;13118220035734;23118220035731;;
446553;3118224465530;CUILLERE POIS INEDIT ROUGE 485C;;;13118224465537;23118224465534;;
10140003;3118220015302;CUISINE 15 MANGO BLEU FOURREAU T2 COUT DU CHEF;;;13118220015309;23118220015306;;
31100026;3614614332401;M16 CALICOT PIXEL BOITE MDD CARREFOUR;;;13614614332408;23614614332405;;
10300025;3118220022126;BLOC MAGNETIQUE 6 STEAKS EXPRESSION BOIS;;;13118220022123;23118220022120;;
449160;3118224491607;COFFRET CHEF TRANSITION LAME BLANCHE CERAMIQUE;;;13118224491604;23118224491601;;
443283;3118224432839;COFFRET BORDEAU A FENETRE 6 CAFES LAG NACRE MARRON;;;13118224432836;23118224432833;;
449130;3118224491300;COFFRET STEAK TRANSITION LAME BLANCHE CERAMIQUE;;;13118224491307;23118224491304;;
442496;3118224424964;6 STEAK TROQUET ANIS POT PET;;;13118224424961;23118224424968;;
30680001;3118220005259;COUTEAU STEAK POINTU INEDIT UNION JACK+GENCOD;;;13118220005256;23118220005253;;
Kit0022;3118220002784;PALETTE D OP SYST U EXPRESSION;;;13118220002781;23118220002788;;
30363700;3118220016156;CAFE TROQUET GRIS ANTHRACITE VRAC SANS GENCOD;;;13118220016153;23118220016150;;
313073;3118223130736;COUTEAU BOLERO GRIS FONCE VRAC;;;;;;
30240001;3118220002302;COUTEAU INEDIT ITALIE NEW+GENCOD;;;13118220002309;23118220002306;;
30530003;3118220012660;CUILLERE BULLE BLEU+GENCOD;;;13118220012667;23118220012664;;
441150;3257983102567;FROMAGE LAG BOIS FX CORA;;;13257983102564;23257983102561;;
10120056;3367305228339;BOUCHER 21 FORGE FRX PRADEL HERITAGE 522833;;;13367305228336;23367305228333;;
445661;3118224456613;DISPLAY 108 PCES ACIDULE BEE COUL ASSORT 36 EPL-36 OF-36 CX;;;13118224456610;23118224456617;;
10424295;3118220012257;MAESTRO TB N°11 CHEF 21CM EVERCUT BERLINGOT;;;13118220012254;23118220012251;;
10120049;3118220022973;YATAGAN 22CM FORGE MAESTRO EN FRX TB;;;13118220022970;23118220022977;;
143843;3118221438438;BARRE DE RENFORT DISPLAY PALETTE 80*60*180;;;;;;
20160013;3118220011083;M16 OSLO NOIR TITANE EN BOITE;;;13118220011080;23118220011087;;
442186;3118224421864;LOT DE 6 ASSIETTES DESSERT 20CM ARDOISE MAT;;;13118224421861;23118224421868;;
444080;3118224440803;COFFRET 3 PCES CHEEKY TRANSLUCIDES CX-FETTE-CAFE;;;13118224440800;23118224440807;;
442396;3118224423967;LOT DE 6 ASSIETTES CARREES DESSERT 21CM ARDOISE MAT;;;13118224423964;23118224423961;;
444915;3118224449158;M16 ZEPHIR VIOLET C POT PET;;;13118224449155;23118224449152;;
10210019;3118220010284;CUISINE 19 LAG LASURE MANCHE BOIS GRIS EN BERLINGOT;;;13118220010281;23118220010288;;
404500;3118224045008;COUTEAU STEAK POLYPRO ECO + SLEE;;;13118224045005;23118224045002;;
30020241;3118220004634;COFFRET BI MAT 6 MOKA ACIDULE BEE LAG COULEUR ASSORTIE;;;13118220004631;23118220004638;;
143793;3118221437936;VISUEL COUTEAUX FLY L100 ALLEMAGNE;;;;;;
448040;3118224480403;COFFRET UNIVERSEL EQUILIBRE LAME CERAMIQUE BLANCHE MANCHE NO;;;13118224480400;23118224480407;;
439901;3118224399019;M16 HERITAGE VRAC;;;13118224399016;23118224399013;;
420510;3390509955527;CT HUITRE  A GARDE TRANSL/NOIR;;;13390509955524;23390509955521;;
Kit1000003;3118220027473;DISPLAY CARTON 72 CERAMIQUES SILICONE LAME NOIRE;;;13118220027470;23118220027477;;
443980;3118224439807;LOT 4 COUVERTS EN BTE INEDITS PEGBORDABLE VICHY NOIR 6C;;;13118224439804;23118224439801;;
424460;3118224244609;COUTEAU TABLE KOBE CHARME;;;13118224244606;23118224244603;;
307000;3118223070001;FTTE DE TABLE MISTRAL BORDEAU;;;13118223070008;23118223070005;;
21170001;3118220020061;M16 BRUME NOIR BOITE COLLECTION INOX;;;13118220020068;23118220020065;;
40020031;3118220025790;ZESTEUR ACIDULE COLLECTION COULEUR 2.9 + GENCOD;;;13118220025797;23118220025794;;
427210;3118224272107;PAIN 20CM FORGE BOIS+BTE DETAILLANT TB CLASSIC;;;13118224272104;23118224272101;;
Comp0218;3118220021303;BOITE VIDE ROUGE 1 PCE GM LAG EXPRESSION 410*76*31MM;;;13118220021300;23118220021307;;
303294;3118223032948;COUTEAU DE POCHE BLEU;;;;;;
40020004;3118220013087;6 CURETTES A HOMARD ACIDULE COUL ASSSORTIES BLISTER;;;13118220013084;23118220013081;;
Cons0047;3118220008816;SEL DE DENEIGEMENT EN BIG BAG DE 500KG;;;13118220008813;23118220008810;;
438000;3118224380000;Z SANTUKO GRAPHIC +BTE REDOUTE;;;13118224380007;23118224380004;;
Comp0075;3118220022256;COFFRET BI MAT VIDE POUR FERMANT EXPRESSION 10500001;;;13118220022253;23118220022250;;
Kit0750026;3118220032200;DISPLAY 195 COUTEAUX PROFESSIONNELS TOP CHEF GIFI;;;13118220032207;23118220032204;;
Emba0023;3118220003170;VISUEL COUTEAU ET COUVERT;;;;;;
31020029;3118220034006;FOURCHETTE NUANCE CELADON BLEU VRAC + GENCOD;;;13118220034003;23118220034000;;
10210007;3118220010116;STEAK PS LAG LASURE MANCHE BOIS NATUREL BERLINGOT;;;13118220010113;23118220010110;;
40020013;3118220021716;EPLUCHEUR LAGUIOLE INTUITION METAL+GENCOD;;;13118220021713;23118220021710;;
448950;3118224489505;COFFRET 2 CTX CERAM 155MM ET 75MM PANACHE ORA-ANIS-BLEU-PRUN;;;13118224489502;23118224489509;;
307014;3118223070148;CUILL DE TABLE MISTRAL GRIS;;;13118223070145;23118223070142;;
444661;3118224446614;M16 ACIDULE BEE VIOLET LILAS 5145C;;;13118224446611;23118224446618;;
Kit0041;3118221439152;KIT PLV LINEAIRE COUVERTS FLY SETAM Italie;;;13118221439159;23118221439156;;
Kit0750051;3118220045019;KIT BROCHES DISPLAY PM OP FIDELITE TOP CHEF 2023;;;13118220045016;23118220045013;;
10590006;3118220006249;CISEAU ECOLIER  BI MAT15CM COUTEAU DU CHEF;;;13118220006246;23118220006243;;
Comp0750012;3118220021761;AFFICHE CENTRALE FOREX 600*280MM 1/4DISPLAY REPAS FETES 2017;;;13118220021768;23118220021765;;
10450003;3118220036130;Z COFFRET OFF+PAIN+CUISINE+CHEF SENSION EN BOITE NEUTRE;;;13118220036137;23118220036134;;
446110;3118224461105;GRILLE CERAMIQUE 96 LAG LAMES BLANCHES ET NOIRES+TV;;;13118224461102;23118224461109;;
20520001;3118220043954;COUTEAU VIEUX PARIS EN BOITE KRAFT PEGBOARDABLE;;;13118220043951;23118220043958;;
303380;3118223033808;LAGUIOLE 12CM ABS BOISE VERT;;;13118223033805;23118223033802;;
117710;3118221177108;BMR MICRO BLANCHE430*164*110;;;;;;
10840008;3118220020078;CHEF 19 ALLIANCE SOUS BERLINGOT;;;13118220020075;23118220020072;;
10340014;3118223091907;EPLUCHEUR LUXE M.OLIVIER VRAC	309190;;;13118223091904;23118223091901;;
30363693;3118220012882;LOT 3 COUTEAUX TROQUET COUL ASSORTIES ANIS ROUGE NOIR;;;13118220012889;23118220012886;;
10210029;3118220017757;PAIN LAG LASURE MANCHE BOIS GRIS EN BERLINGOT;;;13118220017754;23118220017751;;
425260;3118224252604;M24 KYOTO CHARME;;;13118224252601;23118224252608;;
Kit0073;3118220007666;KIT PLV LINEAIRE  LAGUIOLE MODULE VAISSELLE+VERRE;;;13118220007663;23118220007660;;
Kit0077;3118220009233;DISPLAY 12 COFFRETS CERAMIQUE METALLISE REF10010066+10010067;;;;;;
440841;3118224408414;M24 AMANDE ANIS POT PET;;;13118224408411;23118224408418;;
10210025;3118220017719;CUISINE 17 LAG LASURE MANCHE BOIS NATUREL EN BERLINGOT;;;13118220017716;23118220017713;;
40020006;3118220021648;RAPE LAGUIOLE INTUITION METAL +GENCOD;;;13118220021645;23118220021642;;
31020018;3118220020139;CAFE NUANCE ORANGE PASTEL PANTONE 475U;;;13118220020136;23118220020133;;
30050033;3118220026179;CAFE SENS BOIS D'OLIVIER + GENCOD;;;13118220026176;23118220026173;;
442156;3118224421567;LOT DE 6 CALOTTES 20.5CM ARDOISE MAT;;;13118224421564;23118224421561;;
449186;3118224491867;COFFRET 6 STEAK SENS NOIR CARBONE;;;13118224491864;23118224491861;;
429720;3118224297209;M24 SAIGON CHARME;;;13118224297206;23118224297203;;
427240;3118224272404;STEAK FORGE BOIS+BTE DETAILLANT TB CLASSIC;;;13118224272401;23118224272408;;
449200;3118224492000;FOURCHETTE SENS  BLEU 7700C+GENCOD;;;13118224492007;23118224492004;;
448921;3118224489215;LOT 3 FOURCHETTES MANGO FRAMBOISE 220C;;;13118224489212;23118224489219;;
442363;3118224423639;LOT DE 3 ASSIETTES CARREES 25CM ARDOISE MAT;;;13118224423636;23118224423633;;
40590003;3118220034884;BOURRICHE X24 GANTS PROTECTEURS CUIR MADE IN FRANCE;;;13118220034881;23118220034888;;
3211;3118220032118;OFFICE BAKELISE PIVERT2 RIVETS;;;13118220032115;23118220032112;;
448204;3118224482049;CUISINE 17 LAG LASURE MANCHE BOIS BLANCHI FX COUTEAU DU CHEF;;;13118224482046;23118224482043;;
Kit0102;3118220013988;KIT PLV LINEAIRE 360 USTENSILES LAGUIOLE;;;;;;
444912;3118224449127;M16 ZEPHIR ORANGE POT PET;;;13118224449124;23118224449121;;
238988;3222472389880;OFFICE CHEF;;;13222472389887;23222472389884;;
10120084;3118220027947;COUTEAU TOP CHEF 24;;;13118220027944;23118220027941;;
40010001;3118220005556;ROULETTE PIZZA CERAMIQUE BLANCHE SOUS BLISTER PEGB COUL PANA;;;13118220005553;23118220005550;;
444160;3118224441602;4 COUTEAUX ACIDULE BEE ORANGE 1655C EN BTE PEGBORDABLE;;;13118224441609;23118224441606;;
10960005;3118220013698;COFFRET CARTON NOIR 12 COUTEAUX AUGUSTE ABS ROUGE GROSEILLE;;;13118220013695;23118220013692;;
40610003;3118220013452;FUSIL A AIGUISER  LAG METAL SUR CARTE PEGB;;;13118220013459;23118220013456;;
10010022;3118220002142;COFFRET 2 CERAMIQUE 125MM ET 75MM SUISSE LAME BLANCHE;;;13118220002149;23118220002146;;
Comp0750050;3118220041332;DISPLAY BOIS LE MAREYEUR POUR POINT DE VENTE;;;13118220041339;23118220041336;;
308850;3118223088501;COUTEAU TABLE BAROQUE;;;13118223088508;23118223088505;;
441160;3257983102574;COUTEAU TOMATE FX CORA;;;13257983102571;23257983102578;;
10010075;3118220009172;COFFRET 3  STEAK CERAMIQUE MANCHE CORSE LAME BLANCHE;;;13118220009179;23118220009176;;
402720;3118224027202;LOT 2 OFFICES SP2 + 1 EPLUC ERGO EN BOX PROMO;;;13118224027209;23118224027206;;
Kit0035;3118220003576;KIT DISPLAY 432 CERAMIQUE 2014;;;13118220003573;23118220003570;;
124285;3118221242851;VISUEL + STICKER LINEAIRE COUTEAUX L133 LECLERC ESPAGNE;;;13118221242858;;;
406551;3118224065518;Z M24 GRENOBLE INOX BOITE VPC;;;13118224065515;23118224065512;;
440260;3254565367970;COUPERET AUCHAN;;;13254565367977;23254565367974;;
10100008;3118223006307;PELLE A FOIE GRAS LAG ABS GRISML;;;13118223006304;23118223006301;;
443225;3245672220982;LOT 6 CUIL CLEO AUCHAN RUSSIE CODE OIA383734;;;13245672220989;23245672220986;;
445766;3118224457665;JAMBON LAG EXPRESSION MANCHE BOIS NOIR FX COUTEAU DU CHEF T4;;;13118224457662;23118224457669;;
Kit0116;3118220015074;CISEAUX MULTI USAGES BI MAT15CM COUTEAU DU CHEF SUR CRAVATE;;;13118220015071;23118220015078;;
446811;3118224468111;FILET DE SOLE 16CM FORGE BOIS BACKELISE NOIR BOITE GRISE;;;13118224468118;23118224468115;;
10430013;3118220019416;BLOC 6 STEAK RECORD CAMAIEU ROUGE;;;13118220019413;23118220019410;;
443130;3118224431306;COFFRET BORDEAUX 6 CAFES METAL LAG;;;13118224431303;23118224431300;;
Kit0016;3118220002692;KIT PLV LINEAIRE 1M COUTEAU CONFORAMA DECO SUISSE;;;;;;
30363706;3614614472503;6 STEAK TROQUET EN TUBO JAUNE 121C CARREFOUR;;;13614614472500;23614614472507;;
31040020;3118220023598;CUILLERE DROP FRAMBOISE 7641C VRAC + GENCOD;;;13118220023595;23118220023592;;
Kit0140001;3118220018563;KIT18 M24 MANGO EN PANIER FIL ACIER 3 COUL ASSORTIES;;;13118220018560;23118220018567;;
124257;3118221242578;VISUEL+STICKER LINEAIRE COUTEAUX FNAC L100;;;;;;
431210;3118224312100;FOURCHETTE CURVING BRILL+GENCOD;;;13118224312107;23118224312104;;
420521;3118224205211;CTX HUITRE BOIS MITRE INOX;;;13118224205218;23118224205215;;
Emba0024;3118220003187;FOND NOIR MAGNETIQUE BRUT 5/10 0.62*1M ANGLES CARRES;;;13118220003184;23118220003181;;
445782;3118224457825;COFFRET BORDEAU A FENETRE 6 CUILLERES LAG ROUGE NACRE;;;13118224457822;23118224457829;;
446560;3118224465608;CAFE POIS INEDIT ROSE 7424C;;;13118224465605;23118224465602;;
143608;3118221436083;PLATEAU SUPPORT 5 ECHANTILLONS;;;13118221436080;23118221436087;;
21180004;3118220022782;CUILLERE COLLIOURE 18/10 + GENCOD;;;13118220022789;23118220022786;;
423840;3390509946075;OFFICE BACKELISE CLASSIC EXP;;;13390509946072;23390509946079;;
10010063;3118220007444;COFFRET 4 STEAK CERAMIQUE MANCHE POIS MULTICOLOR LAME BLANCH;;;13118220007444;23118220007441;;
Comp0740013;3118220015715;BARRE DE FORCE 1330 AVANCEE;;;13118220015712;23118220015719;;
446432;3118224464328;FOURCHETTE ESCAPADE GRENAT +GENCOD;;;13118224464325;23118224464322;;
10960048;3118220018792;COFFRET BI MAT 6 COUTEAUX AUGUSTE ABS BLANC CHANTILLY;;;13118220018799;23118220018796;;
442060;3118224420607;EPLUCHEUR ADFLEX FX+ SLEEVE+GENCOD COLORIS ASSORTIS;;;13118224420604;23118224420601;;
Kit0750066;3118220049697;KIT PLV DRIVE VOITURE OP FIDELITE TOP CHEF 2024;;;13118220049694;23118220049691;;
446570;3118224465707;COUTEAU MANGO ANIS 382C;;;13118224465704;23118224465701;;
444260;3118224442609;M24 TROQUET AUBERGINE 513C POT PET;;;13118224442606;23118224442603;;
142883;3118221428835;DOCUMENTATION EVERCUT POUR PRESENTOIR VERSION ALLEMANDE;;;13118221428832;23118221428839;;
20870002;3118220005716;FOURCHETTE LAG EVOLUTION MIROIR SATINE GENCOD;;;13118220005713;23118220005710;;
10010044;3118220005136;COFFRET 1 RASE LEGUME CERAMIQUE UNION JACK LAME BLANCHE;;;13118220005133;23118220005130;;
426010;3118224260104;M24 BASTILLE BLEU CHARME;;;13118224260101;23118224260108;;
30050022;3118220010512;COUTEAU STEAK SENS BLEU 286C VRAC;;;13118220010519;23118220010516;;
30140005;3010006034043;COFFRET 6 CAFES MANGO COUL ASSORTIES EURODIF;;;13010006034040;23010006034047;;
446721;3118224467213;CUISINE 25CM LARGE FORGE+BERLINGOT TB CLASSICS;;;13118224467210;23118224467217;;
124242;3118221242424;EQUERRE FNAC;;;13118221242421;23118221242428;;
447752;3118224477526;M16 ACIDULE BEE BLEU TURQUOISE 3135C PCB4;;;13118224477523;23118224477520;;
10960026;3118220017054;COUTEAU AUGUSTE NATUREL CORNE BLONDE LAME INOX BRIL BERLINGO;;;13118220017051;23118220017058;;
10010088;3118220009301;COFFRET 3  STEAK CERAMIQUE MANCHE BASQUE LAME BLANCHE;;;13118220009308;23118220009305;;
443154;3118224431542;FILET DE SOLE17 FURTIF CLASSIC LAME NOIRE MANCHE NOIR BTE CA;;;13118224431549;23118224431546;;
142861;3118221428613;FILM EVERCUT MULTI VERSIONS F- ESP-PORT- FLAMAND-AL-ITA-ANG;;;13118221428610;23118221428617;;
30090002;3118220002180;M16 EVOLUTION CUIR CAMEL 7407C;;;13118220002187;23118220002184;;
Comp0107;3118220012325;COFFRET BI MAT 255 VIDE POUR 6 STEAKS LAG EXPRESSION;;;13118220012322;23118220012329;;
442274;3118224422748;LOT DE 4 MUG ARDOISE MAT;;;13118224422745;23118224422742;;
31020014;3614613272470;CAFE NUANCE OPALE VERT VRAC GENCOD CARREFOUR;;;13614613272477;23614613272474;;
437120;3118224371206;BARRE AIMANTEE +BOITE CARTON+GENCOD;;;13118224371203;23118224371200;;
10010021;3118220002135;COFFRET 2 CERAMIQUE 95MM+155MM +1 EPL SUISSE LAME BLANCHE;;;13118220002132;23118220002139;;
10960070;3118220019010;COFFRET BI MAT 6 COUT AUGUSTE NATUREL PALISSANDRE L INOX MAT;;;13118220019017;23118220019014;;
443690;3118224436905;GRILLE 72 CERAMIQUE BLANCHE +TV;;;13118224436902;23118224436909;;
427460;3118224274606;SANTUKO GRAPHIC / BTE;;;13118224274603;23118224274600;;
Comp0055;3118220009073;VISUEL MAGNET 130*4.5CM LA COUTELLERIE;;;;;;
446574;3118224465745;COUTEAU MANGO ROUGE 185C;;;13118224465742;23118224465749;;
10120127;3118220032156;STEAK 12CM FORGE BOIS NOYER MADE IN FRANCE PACK ECOLOGIQUE;;;13118220032153;23118220032150;;
142827;3118221428279;DOCUMENTATION EVERCUT POUR PRESENTOIR VERSION RUSSE;;;13118221428276;23118221428273;;
30140006;3010006033855;COUTEAU MANGO TAUPE 7531C EURODIF;;;13010006033852;23010006033859;;
304660;3118223046600;FOURCHETTE TABLE AMANDE BLEU CIEL;;;;;;
142930;3118221429306;FILM POUR COUTEAUX CERAMIQUE VERSION FRANCAISE;;;13118221429303;23118221429300;;
30020329;3118220034754;CUILLERE ACIDULE BEE JAUNE CUMIN 7752C VRAC;;;13118220034751;23118220034758;;
448220;3118224482209;PAIN LAG LASURE MANCHE BOIS GRISE SOUS FX TB T3;;;13118224482206;23118224482203;;
30050010;3118220003033;CAFE EVOLUTION SENS LASURE FONCE +GENCOD;;;13118220003030;23118220003037;;
446530;3118224465301;COUTEAU POIS INEDIT ROSE 7424C;;;13118224465308;23118224465305;;
11520011;3118220047884;SET FROMAGE 3 PCES LAG INTUITION INOX BRILLANT BOITE CADEAU;;;13118220047881;23118220047888;;
446470;3118224464700;DEBA 10.5CM JAPONAIS TB EN BOITE GRISE;;;13118224464707;23118224464704;;
Cons0075;3118220033702;CARTE DE PONT 3 CODES 140*70 DIOMASTER 250PC POLYCARBONATE;;;13118220033709;23118220033706;;
Kit0750023;3118220030954;DISPLAY 216 COUTEAUX PROFESSIONNELS TOPCHEF 1/4PAL GEANT CAS;;;13118220030951;23118220030958;;
10010188;3118220027527;COFFRET 3 CERAMIQUES OFF STEAK EPL LAME BLANCHE MANCHE NOIR;;;13118220027524;23118220027521;;
Kit0750002;3118220004214;DISPLAY 269 CERAMIQUE 1/4 PALETTE 2*60*40 LAME NOIRE-BLANCHE;;;13118220004211;23118220004218;;
Comp0063;3118220009493;DISPLAY COUTEAUX COUVERTS MARKET BOUTIQUE L100;;;;;;
443273;3118224432730;COFFRET BORDEAU A FENETRE 6 CAFES LAG ROUGE ABS MARBRE;;;13118224432737;23118224432734;;
445675;3118224456750;6 COUTEAUX STEAK 6 FOURCHETTES BARBECUE ROUGE;;;13118224456757;23118224456754;;
442124;3118224421246;LOT DE 4 ASSIETTES PLATES 26CM ARDOISE MAT;;;13118224421243;23118224421240;;
449221;3118224492215;CAFE SENS ANIS 583C+GENCOD;;;13118224492212;23118224492219;;
Kit0112;3118220014923;DISPLAY 237 LAGUIOLE REPAS FETES 2016 1/4 PALETTE 60*40;;;13118220014920;23118220014927;;
446943;3010005675513;FOURCHETTE TROQUET GRIS ANTHRACITE GENCOD EURODIF;;;13010005675510;23010005675517;;
Emba0030;3118220006188;COFFRET BI MAT 430C VIDE M16 CUIR THERMO BLANC;;;13118220006185;23118220006182;;
124244;3118221242448;SUPPORT DE PRESENTATION COFFRET FNAC;;;13118221242445;23118221242442;;
Comp0740207;3118220047747;MONTANT GONDOLE PERFO 2 FACES HTR  1500 MM NOIR RAL 9005;;;13118220047744;23118220047741;;
30050027;3118220020931;COFFRET BI MAT 6  COUTEAU STEAK SENS ORANGE 1655C;;;13118220020938;23118220020935;;
446535;3118224465356;COUTEAU POIS INEDIT JAUNE 3965C;;;13118224465353;23118224465350;;
30020010;3118220003071;COFFRET BI MAT 6 STEAKS ACIDULE BEE LAG NOIR CARBONE;;;13118220003078;23118220003075;;
Comp0740022;3118220018310;PORTE VERRE PLAT 650 DRLX;;;13118220018317;23118220018314;;
10650013;3118220008786;SANTOKU 16 HECTOR TAUPE MARRON WARM GREY11C FOURREAU COUT CH;;;13118220008783;23118220008780;;
31010002;3118220014381;M16 REFLET METALLISE ARGENT BOITE DECO LISA;;;13118220014388;23118220014385;;
443240;3245672220852;LOT 6  MAZAGRAN CLEO AUCHAN CODE OIA383732;;;13245672220859;23245672220856;;
10020055;3118220010079;CUISINE 17 ACIDULE LAME INOX MANCHE ROUGE 185C BOITE CADEAU;;;13118220010076;23118220010073;;
71590019;3118220036413;COCOTTE 28CM AVEC COUVERCLE CUISSON TOP CHEF NEVERSTICK1;;;13118220036410;23118220036417;;
10960087;3118220026346;COFFRET BOIS 4 COUT AUGUSTE PREMIUM POM NOIR CAVIAR L INOX;;;13118220026343;23118220026340;;
21020001;3605756631071;M16 NUANCE ROUGE SUMAC  209C BOITE ALINEA;;;13605756631078;23605756631075;;
301150;3118223011509;CUILLERE CAFE ECORCE;;;13118223011506;23118223011503;;
315380;3118223153803;STEAK TROQUET ROUGE VRAC;;;;;;
446761;3118224467619;OFFICE FORGE BOIS BACKELISE NOIR BOITE GRISE;;;13118224467616;23118224467613;;
436571;3118224365717;CUISINE 25 FORGE+BERLINGOT TB CLASSICS;;;13118224365714;23118224365711;;
Comp0212;3118220018761;STICKER GM DU GAMME ABSOLU;;;13118220018768;23118220018765;;
Kit0740019;3118220037564;KIT CUBE 4 VERRES DRLX;;;13118220037561;23118220037568;;
Comp0081;3118220010550;COFFRET BI MAT VIDE SANTUKO FURTIF EVERCUT;;;13118220010557;23118220010554;;
434870;3222473119257;BARRE AIMANTEE CASINO;;;13222473119254;23222473119251;;
433120;3254564698181;FUSIL AUCHAN;;;13254564698188;23254564698185;;
31050007;3614613272487;M16 ORIGAMI WHITE TITANE BOITE CARREFOUR;;;13614613272484;23614613272481;;
439852;3118224398524;SANTUKO 18CM LAG EXPRESSION POM FX T3 ANTIVOL;;;13118224398521;23118224398528;;
408640;3118224086407;M24 MEDICIS BTE VPC;;;13118224086404;23118224086401;;
30240003;3118220002326;CUILLERE INEDIT ITALIE NEW+GENCOD;;;13118220002323;23118220002320;;
446562;3118224465622;CAFE POIS GRIS INEDIT TAUPE WARM GRAY 9;;;13118224465629;23118224465626;;
314408;3118223144085;EMINCEUR 13CM  LAG EXPRESSION MANCHE BOIS NOIR LAG EVOLUTION;;;13118223144082;23118223144089;;
10020124;3118220032910;FOURCHETTE A DECOUPER LAGUIOLE ACIDULE ROUGE 185C;;;13118220032917;23118220032914;;
10020126;3118220048645;COFFRET BOIS 6 STEAKS LAGUIOLE ACIDULE COUL ASSORTIES;;;13118220048642;23118220048649;;
11400006;3118220036154;Z COFFRET OFF+PAIN+VIANDE+CUIS TRADITION OLIVIER BOITE NEUTR;;;13118220036151;23118220036158;;
10010097;3118220010321;COFFRET 1 CHEF 15 CERAMIQUE METALLISE ARGENT LAME BLANCHE;;;13118220010328;23118220010325;;
123746;3118221237468;COFFRET CARTON VIDE POUR 6 FOURCHETTES INEDITS;;;;;;
30790007;3118220032842;COUTEAU BOLERO TAUPE GENCOD;;;13118220032849;23118220032846;;
447490;3118224474907;CUILLERE A GLACE ACIDULE COUL PANACHE SOUS BLISTER;;;13118224474904;23118224474901;;
441742;3118224417423;CUISINE16 EXPRESSION LAG EVOL MANCHE BOIS NOIR BOITE GRISE E;;;13118224417420;23118224417427;;
431220;3118224312209;CUILLERE CURVING BRILLANT+GENCOD;;;13118224312206;23118224312203;;
428970;3118224289709;GRILL MANCHE BOIS NATURA+GENCOD;;;13118224289706;23118224289703;;
440732;3118224407325;BLOC 6 STEAKS IMPORT NOIR ALDI;;;;;;
301661;3118223016610;COUTEAU TABLE MC GREGOR VX ROSE;;;;;;
Kit0078;3118220009257;KIT PLV LINEAIRE VAISSELLE 130CM VIDE;;;;;;
Comp0106;3118220012318;COFFRET BI MAT 255 VIDE POUR 6 STEAKS FORGE;;;13118220012315;23118220012312;;
435365;3118224353653;COUTEAU BOLERO CELADON VERT+GENCOD;;;13118224353650;23118224353657;;
412990;3596710211685;M24 AMANDE BLEU CIEL BTE AUCHAN;;;13596710211682;23596710211689;;
442304;3118224423042;LOT DE 4 BOLS TALON 14CM 40CL ARDOISE MAT;;;13118224423049;23118224423046;;
20520003;3118220043978;CUILLERE VIEUX PARIS EN BOITE KRAFT PEGBOARDABLE;;;13118220043975;23118220043972;;
315281;3118223152813;FOURCHETTE VICHY TURQUOISE 321C  VRAC;;;;;;
424040;3390509946273;BOUCHER FORGE CHEF EXP;;;13390509946270;23390509946277;;
448554;3118224485545;CAFE BASTILLE BLANC+GENCOD;;;13118224485542;23118224485549;;
447941;3118224479414;COFFRET CHEF 15 URBAN LAME CERAMIQUE NOIRE;;;13118224479411;23118224479418;;
446351;3118224463512;YANAGIBA 21CM EQUILIBRE JAPONAIS CDF +BERLINGOT;;;13118224463519;23118224463516;;
434514;3118224345146;BLOC INCLINE 6 CX LAG ABS MI  MULTICOLOR CLAIR+ BOITE CARTON;;;13118224345143;23118224345140;;
601455;3118226014552;PALETTE NOIRE 80*120 EUROPE 1ER CHOIX;;;;;;
Comp1190002;3118220026117;BOITE PREMIUM VIDE + FACADE POUR M16 COLLIOURE;;;13118220026114;23118220026111;;
30790004;3118220011977;M16 BOLERO ARDOISE VRAC;;;13118220011974;23118220011971;;
10960038;3118220018228;COUTEAU AUGUSTE PREMIUM G10 ROUGE LAME REVETU NOIR BERLINGOT;;;13118220018225;23118220018222;;
443220;3245672220876;LOT 6 CUIL CLEO AUCHAN CODE OIA383734;;;13245672220873;23245672220870;;
421670;3118224216705;OFFICE LUXE TT M.ADFLEX CDF;;;13118224216702;23118224216709;;
31260020;3118220028395;COUTEAU COTTAGE RUBIS VRAC;;;13118220028392;23118220028399;;
137588;3118221375887;VISUEL LINEAIRE COUTEAUX L100 CONFORAMA SUISSE;;;;;;
8052;3118220080522;CURETTE HOMARD par colis 2000;;;13118220080529;23118220080526;;
442885;3118224428856;COFFRET 3 CX STEAKS CERAMIQUE LAME NOIRE MARQUE TB;;;13118224428853;23118224428850;;
445241;3118224452417;COFFRET CERAMIQUE 1 COUT LAG TABLE LAME BLANCHE MANCHE GRIS;;;13118224452414;23118224452411;;
30090008;3118220001503;Z COFFRET 6 COUTEAUX EVOLUTION CUIR COUL ASSORTI VPC;;;13118220001503;23118220001507;;
21600019;3118220046177;M16 ARABESQUE PVD OR  MAT;;;13118220046174;23118220046171;;
31000001;3118220017948;COUTEAU TABLE SILICONE GALET 429C VRAC GENCOD;;;13118220017945;23118220017942;;
302051;3118223020518;CUILL CAFE BACCARAT JAUNE TENDRE;;;;;;
445010;3118224450109;CHEF MEMORY FX COUTEAU DU CHEF T3;;;13118224450106;23118224450103;;
311830;3118223118307;CX DESSERT OSLO VRAC;;;13118223118304;23118223118301;;
446446;3118224464465;CUILLERE ESCAPADE FICELLE +GENCOD;;;13118224464462;23118224464469;;
Kit0740032;3118220047204;KIT COUTELLERIE CARREFOUR BELGIQUE;;;13118220047201;23118220047208;;
10010144;3118220012998;COFFRET CUISINE LISSE MANGO CERAMIQUE LAME BLANCHE PANACHE 6;;;13118220012995;23118220012992;;
441763;3118224417638;LAG CORNE DE POCHE EVOLUTION BOITE GRISE PM;;;13118224417635;23118224417632;;
438480;3118224384800;M24 HOKKAIDO TAUPE BOITE LISA DECO;;;13118224384807;23118224384804;;
20160025;3118220023369;Z CUILLERE OSLO DECOR KIMONO BLEU VRAC + GENCOD;;;13118220023366;23118220023363;;
10840003;3118224489727;EMINCEUR GRAPHIC SOUS BERLINGOT;;;13118224489724;23118224489721;;
448745;3118224487457;FOURCHETTE EVOLUTION CUIR CAMEL 7407C+GENCOD;;;13118224487454;23118224487451;;
30020290;3118220013421;6 STEAK MICRODENTE ACIDULE COUL ASSSORTIES BLISTER PEGB;;;13118220013428;23118220013425;;
10020070;3118220013278;SECATEUR A VOLAILLE ACIDULE TURQUOISE CARTE PEGB;;;13118220013275;23118220013272;;
60020001;3118220008717;SOMMELIER ACIDULE ROUGE 185C COFFRET BI MAT PEGBORDABLE;;;13118220008714;23118220008711;;
421140;3257981027138;CHEF 21CM INOX / FRX CORA;;;13257981027135;23257981027132;;
136194;3118221361941;PLAQUE RAINEE OFFICE EVERCUT DD30 280*285 A METTRE AVEC REF;;;13118221361948;23118221361945;;
Comp0740151;3118220040151;MAGNET VISUEL COUTEAUX OP LAGUIOLE HERITAGE;;;13118220040158;23118220040155;;
447230;3118224472309;CHEF 21CM URBAN + BERLINGOT;;;13118224472306;23118224472303;;
21030001;3118220015432;M16 ORFEVRE MARTELE MIROIR BOITE LISA;;;13118220015439;23118220015436;;
302042;3118223020426;CUILL TABLE BACCARAT GRIS;;;;;;
31250001;3118220023703;M24 ODYSSEE FOUGERE 7747C;;;13118220023700;23118220023707;;
427770;3118224277706;CUILLERE VIEUX PARIS SATIN+GENCO;;;13118224277703;23118224277700;;
238955;3222472389552;FUSIL POLYPRO;;;13222472389559;23222472389556;;
447322;3118224473221;M16 POIS INEDIT GRIS TAUPE WARM GRAY 9;;;13118224473228;23118224473225;;
Comp0140002;3118220033191;MANCHE PM MANGO TAUPE 7531C POUR CERAMIQUE;;;13118220033198;23118220033195;;
301180;3118223011806;CUILLERE TABLE VIEUX PARIS;;;;;;
Cons0013;3118220003965;VISUEL 129*7.5CM MAGNET CERAMIQUE 2014 L133 COUT DU CHEF;;;13118220003962;;;
421230;3257981027268;BARRE AIMANTEE CORA;;;13257981027265;23257981027262;;
432390;3118224323908;COF.LUXE 6CX LAG BOI COL/OLIV GS;;;13118224323905;23118224323902;;
Kit0750010;3118220005655;DISPLAY 296 LAGUIOLE USTENSILES-COFFRETS 1/4 PALETTE 60*40;;;13118220005652;23118220005659;;
31260013;3118220024960;CUILLERE COTTAGE RUBIS + GENCOD;;;13118220024967;23118220024964;;
143353;3118221433532;KIT PLV LINEAIRE H153 GONDOLE BASSE L133 CRF ESPAGNE;;;13118221433539;23118221433536;;
Kit0740017;3118220035263;KIT GIFI EXPORT;;;13118220035260;23118220035267;;
442200;3118224422007;TASSE CAFE 12CL IVOIRE MAT;;;13118224422004;23118224422001;;
438200;3118224382004;M24 BASTILLE BLEU EN BOITE LISA;;;13118224382001;23118224382008;;
444721;3118224447215;M16 TOSCANE BLANC BOITE LISA;;;13118224447212;23118224447219;;
435340;3118224353400;13 PIECES DESSERT OSLO;;;13118224353407;23118224353404;;
446962;3010005419452;CAFE TROQUET GRIS TAUPE GENCOD EURODIF;;;13010005419459;23010005419456;;
420473;3222475201394;BLOC VERNIS NOIR MAT 8PCE P.SOIE CASINO;;;13222475201391;23222475201398;;
448800;3610882891572;COFFRET 6 STEAK 6 FETTES BARBECUE MAISON ETE RGE-VER-BLE-ORA;;;13610882891579;23610882891576;;
Comp0740213;3118220047808;PLINTHE 1000*120 MM   NOIR RAL 9005;;;13118220047805;23118220047802;;
10010039;3118220004672;COFFRET 4CERAMIQUE OF+STEAK+C13+EPL MANCHE COUL LAME BLANCHE;;;13118220004679;23118220004676;;
31100038;3118220018426;M16 CALICOT GEOMETRIX LOSANGE BOITE DECO;;;13118220018423;23118220018420;;
441653;3118224416532;BOULANGER ABSOLU BOIS FX COUTEAU DU CHEF;;;13118224416539;23118224416536;;
Acce0007;3118220005587;BLOC BI MAT UNIVERSEL BLANC VIDE ACIDULE 10.5*10.5*22CM;;;13118220005584;23118220005581;;
10460003-OLD;3118220015272;4 STEAKS RECORD COULEUR PANACHE SUR SKIN LCDC;;;13118220015279;23118220015276;;
10960082;3118220019317;COFFRET BI MAT 6 COUT AUGUSTE PREMIUM POM SUCRE GLACE L MAT;;;13118220019314;23118220019311;;
427230;3118224272305;DESOSSER 15 FORGE BOIS+BTE DETAILLANT TB CLASSIC;;;13118224272302;23118224272309;;
30170006;3118220001749;M16 DUO NOIR EN PANIER FIL ACIER;;;13118220001746;23118220001743;;
Kit0123;3118220015616;DISPLAY 154 CERAMIQUE BRETAGNE 1/4 PALETTE 60*40 LC;;;13118220015613;23118220015610;;
440871;3118224408711;STEAK 11 EXPRESSION POM LAG EVOLUTION BOITE AIMANTEE GRISE;;;13118224408718;23118224408715;;
449190;3118224491904;COUTEAU SENS  BLEU 7700C+GENCOD;;;13118224491901;23118224491908;;
446310;3118224463109;M16 INEDIT UNION JACK EN BTE DECO;;;13118224463106;23118224463103;;
428935;3118224289358;TABLE POLYPRO FX COUTEAU DU CHEF;;;13118224289355;23118224289352;;
446603;3118224466032;CAFE MANGO FRAMBOISE 220C;;;13118224466039;23118224466036;;
10010185;3118220022423;COFFRET 3 COUTEAUX CERAMIQUE SILICONE NOIR;;;13118220022420;23118220022427;;
448213;3118224482131;CUISINE 19 LAG LASURE MANCHE BOIS GRISE SOUS FX COUTEAU DU C;;;13118224482138;23118224482135;;
10050021;3118220011038;LOT OFFICE+EPLUCHEUR SENS LAG BOIS CLAIR;;;13118220011035;23118220011032;;
40840012;3118220035669;BOURRICHE X50 PINCE A HOMARD MADE IN FRANCE GENCOD;;;13118220035666;23118220035663;;
446022;3118224460221;CUILLERE ACIDULE BEE BLEU ACIER 5405C +GENCOD;;;13118224460228;23118224460225;;
314215;3118223142159;CUILLERE OPERA;;;;;;
30970022;3118220016347;COUTEAU ECUME TRANSPARENT VRAC GENCOD;;;13118220016344;23118220016341;;
143359;3118221433594;KIT PLV LINEAIRE COUVERTS CORA L260;;;13118221433591;23118221433598;;
Kit0750006;3118220005341;DISPLAY 159 CERAMIQUE 1/4 PALETTE 60*40 LAME BLANCHE 2014;;;13118220005348;23118220005345;;
000241;3118220002418;INTERIM QUALITE;;;;;;
Pres0045;3118220010659;TEST DE COUPE CATRA 200 CYCLES CERAMIC BLADES;;;;;;
11980028;3118220056107;OFFICE LAGUIOLE HERITAGE  NANOCUT MIF CARTONNETTE LH;;;13118220056104;23118220056101;;
432300;3257981224704;EPLUCHEUR HG OLIVIER CORA;;;13257981224701;23257981224708;;
71590023;3118220036451;CASSEROLE 18CM CUISSON AVEC COUVERCLE TOP CHEF NEVERSTICK1;;;13118220036458;23118220036455;;
421090;3257981027091;JAMBON FORGE RIV/ FRX CORA;;;13257981027098;23257981027095;;
446933;3010005675407;COUTEAU TROQUET GRIS ANTHRACITE GENCOD EURODIF;;;13010005675404;23010005675401;;
436140;3118224361405;STEAK BAMBOO STICK FX CDF;;;13118224361402;23118224361409;;
424480;3118224244807;CUILLERE TABLE KOBE CHARME;;;13118224244804;23118224244801;;
10680683;3118220012790;OFFICE INEDIT UNION JACK+SLEEVE+GENCOD;;;13118220012797;23118220012794;;
423990;3390509946228;OFFICE FORGE CHEF EXP;;;13390509946225;23390509946222;;
Div0860016;3118220038103;MORD FORGE;;;13118220038100;23118220038107;;
21140008;3118220026889;CUILLERE PALMA 18/10;;;13118220026886;23118220026883;;
423720;3390509945955;VIANDE PP BASIC EXP;;;13390509945952;23390509945959;;
Kit0750073;3118220055773;KIT MARCHANDISES SUPERMARCHE OP FIDELITE TOP CHEF 2026;;;13118220055770;23118220055777;;
411190;3118224111901;M24 BULLES TRANS POT PET;;;13118224111908;23118224111905;;
441765;3118224417652;LAG BOIS NATUREL DE POCHE EVOLUTION BOITE GRISE PM ITALIE;;;13118224417659;23118224417656;;
424430;3118224244302;CUIL TABLE SOHO CHARME;;;;;;
30540005;3118220032729;FOURCHETTE ZEPHIR TAUPE+GENCOD;;;13118220032726;23118220032723;;
238956;3222472389569;PIERRE A AIGUISER;;;13222472389566;23222472389563;;
438112;3118224381120;CUILLERE INFINITY PRUNE VIOLET+GENCOD;;;13118224381127;23118224381124;;
436071;3118224360712;SANTUKO SEDUCTION BERLINGOT;;;13118224360719;23118224360716;;
430590;3118224305904;LAG FERMANT 11CM CORNE /BLISTER;;;13118224305901;23118224305908;;
71590014;3118220036369;POELE 20CM CUISSON TOP CHEF NEVERSTICK1;;;13118220036366;23118220036363;;
444110;3118224441107;4 COUTEAUX ACIDULE BEE ROSE 226C EN BTE PEGBORDABLE;;;13118224441104;23118224441101;;
Comp0011;3118220008120;FLYER LAGUIOLE 2014 19*19CM 300G/M2;;;;;;
426540;3118224265406;M24 VERT HOKKAIDO CHARME;;;13118224265403;23118224265400;;
117236;3118221172363;CAISSE C20 710*190*140 PCB 4 REF430400;;;13118221172360;23118221172367;;
Comp0750022;3118220030213;ETIQUETTE ADHESIVE POUR MONTAGE DISPLAY TOP CHEF;;;13118220030210;23118220030217;;
444770;3118224447703;COFFRET 1 OFFICE CERAMIQUE 75MM MANCHE ORANGE LAME BLANCHE;;;13118224447700;23118224447707;;
31040005;3118220015548;M16 DROP CUMIN 7767C EN BOITE LISA;;;13118220015545;23118220015542;;
441600;3118224416006;MARAICHER ABSOLU PALISSANDRE DES INDES BOITE GRISE;;;13118224416003;23118224416000;;
440911;3118224409114;TRANCHER22 EXPRESSION POM LAG EVOLUTION BOITE AIMANTEE GRISE;;;13118224409111;23118224409118;;
Comp0034;3118220006140;ETAGERE PORTE VERRE 2 POTS;;;13118220006147;23118220006144;;
11500002;3118220029835;CUISINE 17 CM POLYMERE TOP CHEF FRANCAIS FLAMAND;;;13118220029832;23118220029839;;
302081;3118223020815;CUILLERE TABLE BACCARAT METAL BRILLANT;;;;;;
10960080;3118220019119;TUBO NOIR 6 COUT AUGUSTE NATUREL ERABLE LAME INOX MAT;;;13118220019116;23118220019113;;
143611;3118221436113;PLATEAU SUPPORT 3 ECHANTILLONS CONFORAMA;;;13118221436110;;;
30650002;3118220005464;COFFRET 3 COUTEAUX DE TABLE HECTOR GRIS CLAIR 650C;;;13118220005461;23118220005468;;
444060;3118224440605;FERMANT LAG EVOLUTION BOIS NOIR LAME NOIRE EN BTE;;;13118224440602;23118224440609;;
Cons0080;3118220033740;REF DEB0125. 1L SAVON MAINS REFRESH RELAX FOAM;;;13118220033747;23118220033744;;
441520;3118224415207;COUTEAU LAG NACRE IV RD PROTECTION SACHET;;;13118224415204;23118224415201;;
10010101;3118220010376;COFFRET 1 OFFICE CERAMIQUE METALLISE BRONZE LAME BLANCHE;;;13118220010373;23118220010370;;
441170;3257983102581;FUSILS 30 CM CORA;;;13257983102588;23257983102585;;
10500031;3118220057296;COUTEAU DE POCHE SURICATE BOIS VERT JONC MIF EN BTE TB;;;13118220057293;23118220057290;;
446571;3118224465714;COUTEAU MANGO ANTHRACITE 446C;;;13118224465711;23118224465718;;
449150;3118224491508;COFFRET CUISINE TRANSITION LAME BLANCHE CERAMIQUE;;;13118224491505;23118224491502;;
446142;3118224461426;DISPLAY LAG ACIDULE  BEE 180COUVERT COUL PANACH VIOLET-TURQU;;;13118224461423;23118224461420;;
30970018;3118220016309;COUTEAU ECUME BLEU CURACAO 313C VRAC GENCOD;;;13118220016306;23118220016303;;
Comp0040;3118220007307;BOITE VIDE BLOC CERAMIQUE REF441851;;;13118220007304;23118220007301;;
10010146;3118220013346;COFFRET 1 OF CERAMIQUE METALLISE TIE AND DYE COUL PANACHE;;;13118220013343;23118220013340;;
447930;3118224479308;COFFRET CUISINE 18 URBAN LAME CERAMIQUE BLANCHE;;;13118224479305;23118224479302;;
10010051;3118220005877;COFFRET 4CERAMIQUE OF+STEAK+C13+EP MANCHE POIS COUL LAME BLC;;;13118220005874;23118220005871;;
11700006;3118220037076;PAIN 22CM BRIGADE TB COLLECTION PACK ECOLOGIQUE;;;13118220037073;23118220037070;;
423910;3390509946143;PAIN BACKELISE CLASSIC EXP;;;13390509946140;23390509946147;;
442173;3118224421734;LOT DE 3 ASSIETTES DESSERT 20CM IVOIRE MAT;;;13118224421731;23118224421738;;
310080;3118223100807;CUILLERE TABLE AMANDE JAUNE;;;13118223100804;23118223100801;;
Acce0680001;3118220010536;PLANCHE BI MAT UNION JACK+GENCOD;;;13118220010533;23118220010530;;
Comp0740223;3118220050723;ENSEMBLE DE 14 COUTEAUX  VITRINE GIFI 2024 HORS METALIS;;;13118220050720;23118220050727;;
Cons0044;3118220007765;CHAUSSURE DIVING CUIR REF FABB0605 NORME EN ISO203452011 SRC;;;13118220007762;23118220007769;;
143372;3118221433723;BOITE GRISE UNIT FORGE OU TRANSITION PM 290*70*23MM;;;13118221433720;23118221433727;;
430401;3118224304013;Z SUPPORT 12 USTENSILES METAL PCB4;;;13118224304010;23118224304017;;
10020014;3118220001862;COFFRET BI MAT FRUITS 2 OFF+1 EPL ACIDULE ROUGE 185C;;;13118220001869;23118220001866;;
Kit0680001;3118220010864;DISPLAY 96 COUVERTS INEDIT UNION JACK;;;;23118220010868;;
446437;3118224464373;FOURCHETTE ESCAPADE CAFE AU LAIT+GENCOD;;;13118224464370;23118224464377;;
10960029;3118220018136;COUTEAU AUGUSTE NATUREL PALISSANDRE LAME INOX BRIL BERLINGOT;;;13118220018133;23118220018130;;
407790;3118224077900;TIRE BOUCHON PROF PULL IT COF.;;;13118224077907;23118224077904;;
419911;3118224199114;M24 TROQUET ORANGE VIF 165C POT PET;;;13118224199111;23118224199118;;
439863;3118224398630;CUISINE 16CM LAG EXPRESSION POM FX TB T3;;;13118224398637;23118224398634;;
448910;3118224489109;LOT 3 COUTEAUX MANGO TAUPE 7531C;;;13118224489106;23118224489103;;
Kit1520001;3118220052949;DISPLAY 1/4 PALETTE 60 * M16 LAGUIOLE INTUITION PANACHE;;;13118220052946;23118220052943;;
403424;3118224034248;OFFICE 9CM SENSIO LAME ORANGE FX COUTEAU DU CHEF;;;13118224034245;23118224034242;;
Kit0010036;3118220039766;DISPLAY 115 CERAMIQUE PREMIUM SILICONE + METAL;;;13118220039763;23118220039760;;
21290012;3118220028487;CAFE MAZARIN MANCHE NOIR TETE INOX BROSSE + GENCOD;;;13118220028484;23118220028481;;
10120059;3367305228346;STEAK 12 FORGE FRX PRADEL HERITAGE 522834;;;13367305228343;23367305228340;;
535813;3118225358138;M24 TROQUET JAUNE PS POT PET;;;;;;
10050007;3118220004573;HUITRE EVOLUTION SENS LASURE CLAIR +GENCOD;;;13118220004570;23118220004577;;
Kit0010025;3118220018358;DISPLAY 153 CERAMIQUE 1/4 PALETTE LC 60*40 LAME DENTEE BLC;;;13118220018355;23118220018352;;
30656608;3118220034327;TUBO 6 STEAK HECTOR GLACIER;;;13118220034324;23118220034321;;
305140;3118223051406;FOURCHETTE TABLE ZEPHIR JAUNE;;;;;;
Comp0090;3118220011007;GEOBOX PALETTE ALLIBERT 260L+HABILLAGE OP VIDE TIROIR;;;13118220011004;23118220011001;;
10424341;3118220057227;COFFRET 3 CTX OFFICE-CUISINE-SANTOKU MAESTRO NANOCUT TB HC;;;13118220057224;23118220057221;;
442655;3118224426555;CUISINE 21CM FURTIF BASIC MANCHE NOIR LAME INOX EN BOITE CAD;;;13118224426552;23118224426559;;
142821;3118221428217;DOCUMENTATION EVERCUT POUR PRESENTOIR VERSION ANGLAISE;;;13118221428214;23118221428211;;
446453;3118224464533;CAFE ESCAPADE PRUNE +GENCOD;;;13118224464530;23118224464537;;
Div0860015;3118220038097;OUTIL ROBOT;;;13118220038094;23118220038091;;
441852;3222475201400;BLOC CERAMIQUE 2 COUTEAUX ET 1 EPLUCHEUR CASINO LAME BLANCHE;;;13222475201407;23222475201404;;
31020008;3614613272418;FOURCHETTE NUANCE BLANC VRAC GENCOD CARREFOUR;;;13614613272415;23614613272412;;
30101083;3118220019676;COUPERET FROMAGE ACIDULÉ ROUGE 185C;;;13118220019673;23118220019670;;
404651;3118224046517;CT TOMATE POLYPRO + SLEEVE;;;13118224046514;23118224046511;;
30020264;3118223147512;FOURCHETTE ACIDULE BEE BLANC PUR VRAC;;;13118223147519;23118223147516;;
31100014;3118220017337;FOURCHETTE CALICOT SCANDINAVE NOIR VRAC GENCOD;;;13118220017334;23118220017331;;
440560;3118224405604;BLOC BAMBOU PIED METAL 5 CX BAMBOU;;;13118224405601;23118224405608;;
449151;3118224491515;COFFRET CUISINE TRANSITION LAME NOIRE CERAMIQUE;;;13118224491512;23118224491519;;
Comp0059;3118220008809;BOITE VIDE M16 TOSCANE NOIR MDD CRF;;;13118220008806;23118220008803;;
423900;3390509946136;CUISINE 17CM BACKELISE CLASSIC EXP;;;13390509946133;23390509946130;;
10080002;3118220001565;Z SANTUKO 19 FURTIF EVERCUT CLASSIC MANCHE NOIR BOIT CAD VPC;;;13118220001562;23118220001569;;
30140023;3010006033909;FOURCHETTE MANGO ANTHRACITE 446C EURODIF;;;13010006033906;23010006033903;;
Kit0015;3118220002685;KIT PLV LINEAIRE 1M COUTEAU CONFORAMA SUISSE;;;;;;
Kit0010026;3118220018709;DISPLAY 153 CERAMIQUE 1/4 PALETTE LC 60*40 LAME DENTEE-LISSE;;;13118220018706;23118220018703;;
21180008;3118220024069;CUILLERE COLLIOURE 18/10 SUR CARTE PEGB GENCOD;;;13118220024066;23118220024063;;
10300052;3118220049550;COFFRET 6 CTX LAG EXPRESSION PAKKAWOOD FONCE BTE LH;;;13118220049557;23118220049554;;
10020033;3118220004702;DISPLAY 18 PCES ACIDULE COMPOSE DE 6 EPL-6 OF-6 STEAK;;;13118220004709;23118220004706;;
443660;3118224436608;COFFRET BOIS 6 STEAKS EXPRESSION;;;13118224436605;23118224436602;;
438113;3118224381137;CAFE INFINITY PRUNE VIOLET+GENCOD;;;13118224381134;23118224381131;;
447391;3118224473917;CUISINE 17 ACIDULE  BEE ROUGE LAME TITANE NOIRE SOUS FX;;;13118224473914;23118224473911;;
424450;3118224244500;M24 SOHO CHARME;;;13118224244507;23118224244504;;
Kit0089;3118220010307;KIT DISPLAY 166 CERAMIQUE METALLISE ARGENT BRONZE 1/4 PALETT;;;13118220010304;23118220010301;;
445650;3118224456507;BLOC BLANC 6CX ACIDULE BEE NOIR CARBONE;;;13118224456504;23118224456501;;
143614;3118221436144;ETAGERE A POTS DE 65;;;13118221436141;23118221436148;;
315321;3118223153216;FOURCHETTE ACIDULE BEE NOIR CARBONE VRAC;;;13118223153213;23118223153210;;
408661;3118224086612;M24 TROQUET METAL EN POT PET;;;13118224086619;23118224086616;;
430271;3118224302712;6 STEAKS ANIS BLOC INCLINE;;;13118224302719;23118224302716;;
10300053;3118220049567;COFFRET 6 CTX LAG EXPRESSION PAKKAWOOD CLAIR BTE LH;;;13118220049564;23118220049561;;
409320;3270192595715;SERVICE DECOUPE ERGO 4 PCS JAUNE;;;13270192595712;23270192595719;;
10010086;3118220009288;COFFRET 1 CHEF 15 CERAMIQUE MANCHE BASQUE LAME BLANCHE;;;13118220009285;23118220009282;;
000146;3118220001466;PRESTATION WEB;;;;;;
303670;3118223036700;LAG 11 CM CANTAL ABS BOISE BLEU;;;;;;
Comp0026;3118220005853;DISPLAY DOUBLE 1/4 PALETTE LOW COST SOUDEE;;;13118220005850;23118220005857;;
20820003;3118220043930;CUILLERE SAN REMO EN BOITE KRAFT PEGBOARDABLE;;;13118220043937;23118220043934;;
Kit0740039;3118220054103;KIT IMPLANTATION 1 ELEMENT COUVERT CARREFOUR BELGIQUE 2025;;;13118220054100;23118220054107;;
314683;3118223146836;CAFE ACIDULE BEE ROUGE 185C  VRAC;;;13118223146833;23118223146830;;
446652;3118224466520;6 STEAK TROQUET TAUPE MARRON POT PET IDEM 442070;;;13118224466527;23118224466524;;
446370;3118224463703;COFFRET CERAMIQUE 2CX 125MM ET 75 LAME TITANE BRONZE;;;13118224463700;23118224463707;;
11500011;3118220042124;BLOC 5 COUTEAUX BRIGADE POLYMERE;;;13118220042121;23118220042128;;
444731;3118224447314;M16 ACIDULE BEE BLANC GLACIER BTE LARGE;;;13118224447311;23118224447318;;
10120171;3118220037823;DESOSSER 15 CM GEORGES MANCHE POM EN BERLINGOT;;;13118220037820;23118220037827;;
30101082;3118224050705;SERV SALADE GRISLAG ABS COF.BOIS 405070;;;13118224050702;23118224050709;;
11010003;3118220015029;BLOC CUIVRE 6 COUTEAUX REFLET METALLISE PLOMB;;;13118220015026;23118220015023;;
10010057;3118220005976;COFFRET 3CERAMIQUE BLANCHE CHEF+STEAK+EPL MANCHE BRETAGNE;;;13118220005973;23118220005970;;
404863;3222475201363;STEAK MANCHE BOIS + SLEEVE CASINO;;;13222475201360;23222475201367;;
445470;3118224454701;OFFICE GAMME JAPONAISE FX CDF EXPORT T1;;;13118224454708;23118224454705;;
443810;3118224438107;TOURNIQUET 6 USTENSILES LAG EXPRESSION INOX;;;13118224438104;23118224438101;;
30170020;3118220004894;COUTEAU LAG DUO ROSE 226C+ GENCOD;;;13118220004891;23118220004898;;
446605;3118224466056;CAFE MANGO TAUPE 7531C;;;13118224466053;23118224466050;;
448852;3118224488522;FILET DE SOLE FORGE POM FX TB;;;13118224488529;23118224488526;;
30140002;3010006034012;COFFRET 6 STEAKS MANGO COUL ASSORTIES EURODIF;;;13010006034019;23010006034016;;
Comp0740042;3118220021334;PORTE VERRES/MENAGERES INCLINE 1330 VIDE SOMMEIL;;;13118220021331;23118220021338;;
Comp0110007;3118220038516;BOITE GM LAGUIOLE HERITAGE CUISINE 16CM;;;13118220038513;23118220038510;;
Outi1940033;3118220050648;POSAGE GRAVURE LASER  RIVET REVOLONE;;;;;;
60020003;3118220008731;SOMMELIER ACIDULE NOIR CARBONE COFFRET BI MAT PEGBORDABLE;;;13118220008738;23118220008735;;
442300;3118224423004;BOL TALON 14CM 40CL ARDOISE MAT;;;13118224423001;23118224423008;;
439876;3118224398760;JAMBON LAG EXPRESSION POM FX T4 ESPAGNOL;;;13118224398767;23118224398764;;
10050006;3118220004566;EPLUCHEUR EVOLUTION SENS LASURE FONCE +GENCOD;;;13118220004563;23118220004560;;
415430;3118224154304;CUIL TABLE ZEPHIR FRAMB+GENCOD;;;13118224154301;23118224154308;;
444750;3118224447505;COFFRET 3 CX STEAK CERAMIQUE MANCHE ORANGE LAME BLANCHE;;;13118224447502;23118224447509;;
305220;3118223052205;COUTEAU TABLE AMANDE BORDEAU;;;;;;
30020322;3118220032675;COUTEAU ACIDULE TURQUOISE WB+GENCOD;;;13118220032672;23118220032679;;
449080;3118224490808;GRILLE 144 USTENSILES LAG ACIDULE COUL ASS SOUS BLISTER H200;;;13118224490805;23118224490802;;
446564;3118224465646;CAFE POIS INEDIT ANIS 383C;;;13118224465643;23118224465640;;
10120098;3118220054967;Article de Test (Historique);LOT-TEST-001;PO-TEST-001;13118220054964;23118220054961;HO-TEST;TB France
25102;3100000025102;KIT COFFRET 6 STEAK LAGUIOLE;25054;00169478;13100000025109;23100000025106;;GUANGWEI HOUSEHOLD PRODUCTS LIMITED
32000006;3100003200006;LAGUIOLE PASSION 24 PCE SET;25055;00169477;;;;Jicyang Wanxin Hardware Products
21870001;3100021870001;KNIFE BUFFET 6336;25053;00161343;;;;Jicyang Wanxin Hardware Products CO.ltd
40110011;3100040110011;MANDOLINE SLICER;25056;00161344;;;;Ningbo Kitchen Ware
32100001;3100032100001;M16 RED OPALE TB COLLECTION;2510011342;00166222;;;HO-CARREFOUR;TB Collection
